row,seed,df,nfe,elapsed_seconds,split,xml
0,1790793807699,1,262578,120.0039004,validation,completed/seed_1790793807699/final.xml
1,1790793807773,1,264049,120.0058059,train,completed/seed_1790793807773/final.xml
2,1790793808132,1,267103,120.0054275,train,completed/seed_1790793808132/final.xml
3,1790793808223,1,263712,120.0038967,train,completed/seed_1790793808223/final.xml
4,1790793808457,1,259254,120.0066745,train,completed/seed_1790793808457/final.xml
5,1790793808536,1,266433,120.006056,train,completed/seed_1790793808536/final.xml
6,1790793808553,1,264960,120.0059037,train,completed/seed_1790793808553/final.xml
7,1790793808594,1,264989,120.0056797,train,completed/seed_1790793808594/final.xml
8,1790793808817,1,261007,120.0054606,train,completed/seed_1790793808817/final.xml
9,1790793809794,1,254187,120.0064287,train,completed/seed_1790793809794/final.xml
10,1790793809804,1,253527,120.0058757,train,completed/seed_1790793809804/final.xml
11,1790793810065,1,250003,120.0060552,train,completed/seed_1790793810065/final.xml
12,1790793807599,2,255859,120.0049713,validation,completed/seed_1790793807599/final.xml
13,1790793807600,2,255638,120.0057902,train,completed/seed_1790793807600/final.xml
14,1790793807601,2,259153,120.0055563,train,completed/seed_1790793807601/final.xml
15,1790793807602,2,255246,120.1256577,train,completed/seed_1790793807602/final.xml
16,1790793807603,2,259760,120.0049367,train,completed/seed_1790793807603/final.xml
17,1790793807604,2,252056,120.0057165,train,completed/seed_1790793807604/final.xml
18,1790793807605,2,258359,120.0052273,train,completed/seed_1790793807605/final.xml
19,1790793807606,2,259222,120.0062131,train,completed/seed_1790793807606/final.xml
20,1790793807607,2,255947,120.0067677,train,completed/seed_1790793807607/final.xml
21,1790793807608,2,256634,120.0050657,validation,completed/seed_1790793807608/final.xml
22,1790793807610,2,261669,120.0058502,train,completed/seed_1790793807610/final.xml
23,1790793807611,2,248097,120.0057164,train,completed/seed_1790793807611/final.xml
24,1790793807612,2,257570,120.0054026,validation,completed/seed_1790793807612/final.xml
25,1790793807615,2,261529,120.0051703,train,completed/seed_1790793807615/final.xml
26,1790793807616,2,260162,120.0056245,train,completed/seed_1790793807616/final.xml
27,1790793807617,2,265093,120.0052525,train,completed/seed_1790793807617/final.xml
28,1790793807618,2,264559,120.0086556,train,completed/seed_1790793807618/final.xml
29,1790793807619,2,262550,120.006804,validation,completed/seed_1790793807619/final.xml
30,1790793807621,2,246263,120.0052285,train,completed/seed_1790793807621/final.xml
31,1790793807622,2,260084,120.0062173,train,completed/seed_1790793807622/final.xml
32,1790793807623,2,257186,120.0059561,train,completed/seed_1790793807623/final.xml
33,1790793807624,2,256798,120.0061562,train,completed/seed_1790793807624/final.xml
34,1790793807625,2,255637,120.005534,train,completed/seed_1790793807625/final.xml
35,1790793807626,2,258824,120.0050233,train,completed/seed_1790793807626/final.xml
36,1790793807627,2,251375,120.0051937,validation,completed/seed_1790793807627/final.xml
37,1790793807630,2,254104,120.0059786,train,completed/seed_1790793807630/final.xml
38,1790793807632,2,257172,120.0085699,validation,completed/seed_1790793807632/final.xml
39,1790793807634,2,259974,120.0060311,train,completed/seed_1790793807634/final.xml
40,1790793807635,2,264734,120.0060553,validation,completed/seed_1790793807635/final.xml
41,1790793807636,2,263410,120.0053872,validation,completed/seed_1790793807636/final.xml
42,1790793807637,2,261978,120.0055587,train,completed/seed_1790793807637/final.xml
43,1790793807639,2,260466,120.0072954,train,completed/seed_1790793807639/final.xml
44,1790793807640,2,254367,120.0070993,validation,completed/seed_1790793807640/final.xml
45,1790793807642,2,261340,120.0065658,train,completed/seed_1790793807642/final.xml
46,1790793807643,2,264846,120.0059421,train,completed/seed_1790793807643/final.xml
47,1790793807644,2,260797,120.0056281,validation,completed/seed_1790793807644/final.xml
48,1790793807648,2,259215,120.0057324,train,completed/seed_1790793807648/final.xml
49,1790793807649,2,263889,120.0057718,train,completed/seed_1790793807649/final.xml
50,1790793807651,2,257732,120.0054123,validation,completed/seed_1790793807651/final.xml
51,1790793807652,2,260738,120.0062596,validation,completed/seed_1790793807652/final.xml
52,1790793807655,2,258934,120.0095757,validation,completed/seed_1790793807655/final.xml
53,1790793807656,2,260187,120.0059353,train,completed/seed_1790793807656/final.xml
54,1790793807658,2,257878,120.0066492,train,completed/seed_1790793807658/final.xml
55,1790793807660,2,257705,120.0060795,train,completed/seed_1790793807660/final.xml
56,1790793807662,2,260884,120.0059026,train,completed/seed_1790793807662/final.xml
57,1790793807664,2,260324,120.0055978,train,completed/seed_1790793807664/final.xml
58,1790793807665,2,258287,120.0050563,train,completed/seed_1790793807665/final.xml
59,1790793807666,2,259661,120.0046206,train,completed/seed_1790793807666/final.xml
60,1790793807667,2,259841,120.0055043,train,completed/seed_1790793807667/final.xml
61,1790793807668,2,258386,120.005823,train,completed/seed_1790793807668/final.xml
62,1790793807669,2,253699,120.0080509,validation,completed/seed_1790793807669/final.xml
63,1790793807670,2,265922,120.0066148,train,completed/seed_1790793807670/final.xml
64,1790793807672,2,258196,120.0059352,train,completed/seed_1790793807672/final.xml
65,1790793807673,2,262586,120.0055863,train,completed/seed_1790793807673/final.xml
66,1790793807674,2,260448,120.0056058,train,completed/seed_1790793807674/final.xml
67,1790793807675,2,261231,120.0046193,validation,completed/seed_1790793807675/final.xml
68,1790793807676,2,263443,120.0057292,train,completed/seed_1790793807676/final.xml
69,1790793807677,2,254010,120.0059329,train,completed/seed_1790793807677/final.xml
70,1790793807678,2,260340,120.0066687,train,completed/seed_1790793807678/final.xml
71,1790793807679,2,263754,120.0058058,validation,completed/seed_1790793807679/final.xml
72,1790793807680,2,259386,120.0115744,train,completed/seed_1790793807680/final.xml
73,1790793807681,2,262027,120.0058543,train,completed/seed_1790793807681/final.xml
74,1790793807682,2,266276,120.0066779,train,completed/seed_1790793807682/final.xml
75,1790793807684,2,256046,120.0055621,train,completed/seed_1790793807684/final.xml
76,1790793807685,2,249917,120.0053778,train,completed/seed_1790793807685/final.xml
77,1790793807686,2,259753,120.0056321,validation,completed/seed_1790793807686/final.xml
78,1790793807687,2,261491,120.0059625,validation,completed/seed_1790793807687/final.xml
79,1790793807688,2,264308,120.0055734,train,completed/seed_1790793807688/final.xml
80,1790793807689,2,263591,120.0057976,train,completed/seed_1790793807689/final.xml
81,1790793807690,2,260910,120.0054605,validation,completed/seed_1790793807690/final.xml
82,1790793807692,2,258287,120.0060803,train,completed/seed_1790793807692/final.xml
83,1790793807694,2,234720,120.0039456,train,completed/seed_1790793807694/final.xml
84,1790793807695,2,261587,120.0059379,train,completed/seed_1790793807695/final.xml
85,1790793807698,2,262297,120.0042032,train,completed/seed_1790793807698/final.xml
86,1790793807700,2,261595,120.0062571,train,completed/seed_1790793807700/final.xml
87,1790793807701,2,260675,120.0091314,validation,completed/seed_1790793807701/final.xml
88,1790793807702,2,262884,120.0048272,train,completed/seed_1790793807702/final.xml
89,1790793807703,2,263352,120.0045484,train,completed/seed_1790793807703/final.xml
90,1790793807704,2,258167,120.0063441,train,completed/seed_1790793807704/final.xml
91,1790793807705,2,254438,120.0068843,train,completed/seed_1790793807705/final.xml
92,1790793807706,2,261113,120.0063786,train,completed/seed_1790793807706/final.xml
93,1790793807707,2,263201,120.006028,validation,completed/seed_1790793807707/final.xml
94,1790793807708,2,267563,120.0057686,train,completed/seed_1790793807708/final.xml
95,1790793807710,2,262596,120.006176,train,completed/seed_1790793807710/final.xml
96,1790793807711,2,247410,120.0068666,train,completed/seed_1790793807711/final.xml
97,1790793807712,2,266776,120.0077399,train,completed/seed_1790793807712/final.xml
98,1790793807713,2,262543,120.005533,validation,completed/seed_1790793807713/final.xml
99,1790793807714,2,261809,120.0052486,validation,completed/seed_1790793807714/final.xml
100,1790793807715,2,256281,120.0056416,train,completed/seed_1790793807715/final.xml
101,1790793807717,2,262196,120.0062468,train,completed/seed_1790793807717/final.xml
102,1790793807718,2,259869,120.0041569,validation,completed/seed_1790793807718/final.xml
103,1790793807719,2,259729,120.0061251,validation,completed/seed_1790793807719/final.xml
104,1790793807720,2,244026,120.0059672,train,completed/seed_1790793807720/final.xml
105,1790793807722,2,247161,120.0069459,train,completed/seed_1790793807722/final.xml
106,1790793807723,2,258756,120.0056296,train,completed/seed_1790793807723/final.xml
107,1790793807724,2,261303,120.0059228,train,completed/seed_1790793807724/final.xml
108,1790793807726,2,262516,120.006729,validation,completed/seed_1790793807726/final.xml
109,1790793807729,2,256240,120.0053419,train,completed/seed_1790793807729/final.xml
110,1790793807731,2,262762,120.0060962,train,completed/seed_1790793807731/final.xml
111,1790793807732,2,256191,120.0051595,train,completed/seed_1790793807732/final.xml
112,1790793807733,2,259980,120.006076,validation,completed/seed_1790793807733/final.xml
113,1790793807734,2,260445,120.0039338,train,completed/seed_1790793807734/final.xml
114,1790793807735,2,261508,120.0059467,train,completed/seed_1790793807735/final.xml
115,1790793807736,2,258563,120.0057691,train,completed/seed_1790793807736/final.xml
116,1790793807737,2,262943,120.0054963,train,completed/seed_1790793807737/final.xml
117,1790793807738,2,263487,120.0056574,train,completed/seed_1790793807738/final.xml
118,1790793807739,2,261634,120.0056755,validation,completed/seed_1790793807739/final.xml
119,1790793807740,2,259662,120.0061646,train,completed/seed_1790793807740/final.xml
120,1790793807742,2,257362,120.0039585,train,completed/seed_1790793807742/final.xml
121,1790793807744,2,260476,120.0058047,train,completed/seed_1790793807744/final.xml
122,1790793807745,2,263620,120.00403,train,completed/seed_1790793807745/final.xml
123,1790793807746,2,259767,120.0056389,train,completed/seed_1790793807746/final.xml
124,1790793807747,2,260393,120.005704,train,completed/seed_1790793807747/final.xml
125,1790793807748,2,256399,120.006006,train,completed/seed_1790793807748/final.xml
126,1790793807749,2,261837,120.0058149,validation,completed/seed_1790793807749/final.xml
127,1790793807750,2,258809,120.0056034,train,completed/seed_1790793807750/final.xml
128,1790793807751,2,261218,120.0058804,train,completed/seed_1790793807751/final.xml
129,1790793807752,2,245000,120.005742,train,completed/seed_1790793807752/final.xml
130,1790793807754,2,261100,120.0060893,train,completed/seed_1790793807754/final.xml
131,1790793807755,2,247468,120.0064922,train,completed/seed_1790793807755/final.xml
132,1790793807756,2,265156,120.00545,train,completed/seed_1790793807756/final.xml
133,1790793807757,2,263221,120.0059196,train,completed/seed_1790793807757/final.xml
134,1790793807758,2,266609,120.0055083,train,completed/seed_1790793807758/final.xml
135,1790793807759,2,264307,120.0053559,train,completed/seed_1790793807759/final.xml
136,1790793807761,2,264181,120.005997,train,completed/seed_1790793807761/final.xml
137,1790793807762,2,259352,120.0043712,train,completed/seed_1790793807762/final.xml
138,1790793807763,2,247568,120.0066458,train,completed/seed_1790793807763/final.xml
139,1790793807764,2,250054,120.0046814,validation,completed/seed_1790793807764/final.xml
140,1790793807765,2,260986,120.0069668,validation,completed/seed_1790793807765/final.xml
141,1790793807766,2,255727,120.0062213,train,completed/seed_1790793807766/final.xml
142,1790793807767,2,262124,120.005773,validation,completed/seed_1790793807767/final.xml
143,1790793807770,2,264257,120.005958,train,completed/seed_1790793807770/final.xml
144,1790793807771,2,264253,120.0051299,train,completed/seed_1790793807771/final.xml
145,1790793807772,2,269021,120.0061622,train,completed/seed_1790793807772/final.xml
146,1790793807775,2,251843,120.006344,train,completed/seed_1790793807775/final.xml
147,1790793807776,2,263834,120.006013,train,completed/seed_1790793807776/final.xml
148,1790793807778,2,258909,120.0043034,validation,completed/seed_1790793807778/final.xml
149,1790793807779,2,257803,120.0054521,train,completed/seed_1790793807779/final.xml
150,1790793807780,2,260332,120.0056834,train,completed/seed_1790793807780/final.xml
151,1790793807781,2,261546,120.0062179,train,completed/seed_1790793807781/final.xml
152,1790793807783,2,258712,120.0060278,validation,completed/seed_1790793807783/final.xml
153,1790793807784,2,260469,120.0059149,train,completed/seed_1790793807784/final.xml
154,1790793807785,2,261195,120.0054055,train,completed/seed_1790793807785/final.xml
155,1790793807787,2,266038,120.0061156,train,completed/seed_1790793807787/final.xml
156,1790793807788,2,262230,120.0056002,train,completed/seed_1790793807788/final.xml
157,1790793807789,2,260130,120.0056685,train,completed/seed_1790793807789/final.xml
158,1790793807790,2,242997,120.0061272,train,completed/seed_1790793807790/final.xml
159,1790793807791,2,242091,120.0063516,train,completed/seed_1790793807791/final.xml
160,1790793807792,2,258762,120.005903,train,completed/seed_1790793807792/final.xml
161,1790793807793,2,260993,120.0038559,train,completed/seed_1790793807793/final.xml
162,1790793807794,2,261819,120.0057378,train,completed/seed_1790793807794/final.xml
163,1790793807795,2,260604,120.0063941,train,completed/seed_1790793807795/final.xml
164,1790793807796,2,265913,120.0062069,train,completed/seed_1790793807796/final.xml
165,1790793807797,2,259758,120.0066487,train,completed/seed_1790793807797/final.xml
166,1790793807798,2,262454,120.0067507,train,completed/seed_1790793807798/final.xml
167,1790793807799,2,262112,120.0060173,train,completed/seed_1790793807799/final.xml
168,1790793807800,2,245310,120.0038357,validation,completed/seed_1790793807800/final.xml
169,1790793807801,2,259588,120.0057287,train,completed/seed_1790793807801/final.xml
170,1790793807802,2,263822,120.0066418,train,completed/seed_1790793807802/final.xml
171,1790793807803,2,261904,120.0048851,train,completed/seed_1790793807803/final.xml
172,1790793807804,2,258385,120.0056029,train,completed/seed_1790793807804/final.xml
173,1790793807805,2,260947,120.0058483,validation,completed/seed_1790793807805/final.xml
174,1790793807806,2,260275,120.0059279,train,completed/seed_1790793807806/final.xml
175,1790793807807,2,246634,120.0067568,validation,completed/seed_1790793807807/final.xml
176,1790793807811,2,267401,120.0052187,train,completed/seed_1790793807811/final.xml
177,1790793807812,2,262160,120.005348,train,completed/seed_1790793807812/final.xml
178,1790793807813,2,260339,120.0068267,train,completed/seed_1790793807813/final.xml
179,1790793807814,2,264032,120.0039206,train,completed/seed_1790793807814/final.xml
180,1790793807817,2,248896,120.0039764,train,completed/seed_1790793807817/final.xml
181,1790793807818,2,267571,120.0053989,validation,completed/seed_1790793807818/final.xml
182,1790793807820,2,247841,120.0060483,train,completed/seed_1790793807820/final.xml
183,1790793807821,2,265212,120.0064772,train,completed/seed_1790793807821/final.xml
184,1790793807823,2,247923,120.0075918,train,completed/seed_1790793807823/final.xml
185,1790793807824,2,264362,120.0050693,validation,completed/seed_1790793807824/final.xml
186,1790793807825,2,263930,120.0047712,train,completed/seed_1790793807825/final.xml
187,1790793807826,2,263865,120.0049273,train,completed/seed_1790793807826/final.xml
188,1790793807827,2,260469,120.0058062,train,completed/seed_1790793807827/final.xml
189,1790793807828,2,259641,120.0055202,train,completed/seed_1790793807828/final.xml
190,1790793807829,2,259296,120.006089,train,completed/seed_1790793807829/final.xml
191,1790793807830,2,263881,120.006037,validation,completed/seed_1790793807830/final.xml
192,1790793807831,2,262428,120.0058905,validation,completed/seed_1790793807831/final.xml
193,1790793807832,2,260947,120.0073812,train,completed/seed_1790793807832/final.xml
194,1790793807833,2,255809,120.0056543,train,completed/seed_1790793807833/final.xml
195,1790793807834,2,262982,120.0068287,train,completed/seed_1790793807834/final.xml
196,1790793807835,2,246038,120.0064044,train,completed/seed_1790793807835/final.xml
197,1790793807836,2,256562,120.0056907,train,completed/seed_1790793807836/final.xml
198,1790793807837,2,257416,120.0062048,train,completed/seed_1790793807837/final.xml
199,1790793807840,2,265352,120.004057,validation,completed/seed_1790793807840/final.xml
200,1790793807841,2,247551,120.0058413,train,completed/seed_1790793807841/final.xml
201,1790793807842,2,261578,120.0072046,train,completed/seed_1790793807842/final.xml
202,1790793807843,2,257186,120.0057713,validation,completed/seed_1790793807843/final.xml
203,1790793807844,2,256573,120.0044932,train,completed/seed_1790793807844/final.xml
204,1790793807845,2,260455,120.007006,train,completed/seed_1790793807845/final.xml
205,1790793807846,2,266107,120.0057134,train,completed/seed_1790793807846/final.xml
206,1790793807848,2,262613,120.0087672,train,completed/seed_1790793807848/final.xml
207,1790793807849,2,245948,120.0069374,train,completed/seed_1790793807849/final.xml
208,1790793807851,2,266600,120.0061004,train,completed/seed_1790793807851/final.xml
209,1790793807852,2,263717,120.0055484,train,completed/seed_1790793807852/final.xml
210,1790793807853,2,262975,120.0056926,train,completed/seed_1790793807853/final.xml
211,1790793807854,2,235479,120.0058368,train,completed/seed_1790793807854/final.xml
212,1790793807856,2,262271,120.0073464,validation,completed/seed_1790793807856/final.xml
213,1790793807857,2,264880,120.0052435,train,completed/seed_1790793807857/final.xml
214,1790793807858,2,244548,120.0054421,train,completed/seed_1790793807858/final.xml
215,1790793807859,2,257546,120.0057141,train,completed/seed_1790793807859/final.xml
216,1790793807860,2,257056,120.0067302,train,completed/seed_1790793807860/final.xml
217,1790793807861,2,261445,120.0059995,train,completed/seed_1790793807861/final.xml
218,1790793807862,2,263973,120.0066465,train,completed/seed_1790793807862/final.xml
219,1790793807863,2,245051,120.0058072,train,completed/seed_1790793807863/final.xml
220,1790793807864,2,259048,120.0062158,train,completed/seed_1790793807864/final.xml
221,1790793807865,2,255386,120.0064292,train,completed/seed_1790793807865/final.xml
222,1790793807868,2,262191,120.0065809,train,completed/seed_1790793807868/final.xml
223,1790793807869,2,258924,120.0059106,train,completed/seed_1790793807869/final.xml
224,1790793807870,2,258652,120.0074253,train,completed/seed_1790793807870/final.xml
225,1790793807871,2,262997,120.006246,train,completed/seed_1790793807871/final.xml
226,1790793807872,2,261459,120.004638,train,completed/seed_1790793807872/final.xml
227,1790793807873,2,260565,120.0061802,train,completed/seed_1790793807873/final.xml
228,1790793807874,2,255747,120.0036909,train,completed/seed_1790793807874/final.xml
229,1790793807875,2,258881,120.0052827,train,completed/seed_1790793807875/final.xml
230,1790793807876,2,258113,120.0060074,validation,completed/seed_1790793807876/final.xml
231,1790793807877,2,241965,120.0045149,train,completed/seed_1790793807877/final.xml
232,1790793807878,2,255493,120.0048527,validation,completed/seed_1790793807878/final.xml
233,1790793807879,2,260618,120.0057864,train,completed/seed_1790793807879/final.xml
234,1790793807880,2,255691,120.0062523,train,completed/seed_1790793807880/final.xml
235,1790793807881,2,261580,120.0057802,train,completed/seed_1790793807881/final.xml
236,1790793807882,2,257244,120.0061807,train,completed/seed_1790793807882/final.xml
237,1790793807884,2,255797,120.0064426,validation,completed/seed_1790793807884/final.xml
238,1790793807885,2,258853,120.0054027,validation,completed/seed_1790793807885/final.xml
239,1790793807886,2,249182,120.0058922,train,completed/seed_1790793807886/final.xml
240,1790793807888,2,253544,120.0068669,train,completed/seed_1790793807888/final.xml
241,1790793807889,2,251222,120.0063501,train,completed/seed_1790793807889/final.xml
242,1790793807890,2,253318,120.0067698,train,completed/seed_1790793807890/final.xml
243,1790793807891,2,253126,120.0057245,train,completed/seed_1790793807891/final.xml
244,1790793807894,2,253195,120.0060773,train,completed/seed_1790793807894/final.xml
245,1790793807895,2,251211,120.0057542,train,completed/seed_1790793807895/final.xml
246,1790793807896,2,251897,120.006429,train,completed/seed_1790793807896/final.xml
247,1790793807898,2,245198,120.0059457,train,completed/seed_1790793807898/final.xml
248,1790793807899,2,241460,120.0052765,train,completed/seed_1790793807899/final.xml
249,1790793807900,2,248175,120.0055684,train,completed/seed_1790793807900/final.xml
250,1790793807901,2,243263,120.006041,train,completed/seed_1790793807901/final.xml
251,1790793807902,2,244983,120.006446,train,completed/seed_1790793807902/final.xml
252,1790793807903,2,241988,120.0131152,train,completed/seed_1790793807903/final.xml
253,1790793807904,2,244758,120.0077246,validation,completed/seed_1790793807904/final.xml
254,1790793807905,2,249923,120.0058717,train,completed/seed_1790793807905/final.xml
255,1790793807911,2,257820,120.0054607,validation,completed/seed_1790793807911/final.xml
256,1790793807912,2,257474,120.005222,train,completed/seed_1790793807912/final.xml
257,1790793807913,2,239951,120.0055125,train,completed/seed_1790793807913/final.xml
258,1790793807914,2,259033,120.0062441,train,completed/seed_1790793807914/final.xml
259,1790793807915,2,260925,120.0060869,train,completed/seed_1790793807915/final.xml
260,1790793807916,2,259131,120.0059656,validation,completed/seed_1790793807916/final.xml
261,1790793807919,2,254868,120.0055047,train,completed/seed_1790793807919/final.xml
262,1790793807920,2,263319,120.0059369,train,completed/seed_1790793807920/final.xml
263,1790793807921,2,265508,120.0211025,train,completed/seed_1790793807921/final.xml
264,1790793807922,2,261937,120.0040775,train,completed/seed_1790793807922/final.xml
265,1790793807923,2,263393,120.0038423,train,completed/seed_1790793807923/final.xml
266,1790793807925,2,260776,120.0051116,train,completed/seed_1790793807925/final.xml
267,1790793807928,2,265475,120.0053432,train,completed/seed_1790793807928/final.xml
268,1790793807929,2,259675,120.0057365,train,completed/seed_1790793807929/final.xml
269,1790793807930,2,264515,120.0058932,train,completed/seed_1790793807930/final.xml
270,1790793807931,2,260917,120.0058462,train,completed/seed_1790793807931/final.xml
271,1790793807932,2,261051,120.0060015,train,completed/seed_1790793807932/final.xml
272,1790793807933,2,262097,120.0054739,train,completed/seed_1790793807933/final.xml
273,1790793807934,2,263124,120.0063258,train,completed/seed_1790793807934/final.xml
274,1790793807935,2,244483,120.0055394,validation,completed/seed_1790793807935/final.xml
275,1790793807936,2,250781,120.0057354,validation,completed/seed_1790793807936/final.xml
276,1790793807937,2,248581,120.0057016,train,completed/seed_1790793807937/final.xml
277,1790793807938,2,265630,120.0055473,train,completed/seed_1790793807938/final.xml
278,1790793807939,2,263064,120.0061764,validation,completed/seed_1790793807939/final.xml
279,1790793807941,2,265725,120.0059681,train,completed/seed_1790793807941/final.xml
280,1790793807942,2,263499,120.0057672,train,completed/seed_1790793807942/final.xml
281,1790793807943,2,264528,120.006147,train,completed/seed_1790793807943/final.xml
282,1790793807945,2,256152,120.0063006,train,completed/seed_1790793807945/final.xml
283,1790793807946,2,269044,120.0060677,train,completed/seed_1790793807946/final.xml
284,1790793807948,2,263482,120.0056215,train,completed/seed_1790793807948/final.xml
285,1790793807949,2,262708,120.0061371,validation,completed/seed_1790793807949/final.xml
286,1790793807950,2,247518,120.0083362,train,completed/seed_1790793807950/final.xml
287,1790793807952,2,261362,120.0057777,train,completed/seed_1790793807952/final.xml
288,1790793807953,2,249936,120.0061817,train,completed/seed_1790793807953/final.xml
289,1790793807954,2,262115,120.0059601,train,completed/seed_1790793807954/final.xml
290,1790793807956,2,254697,120.0059532,train,completed/seed_1790793807956/final.xml
291,1790793807957,2,262657,120.0060499,validation,completed/seed_1790793807957/final.xml
292,1790793807958,2,261635,120.0061448,train,completed/seed_1790793807958/final.xml
293,1790793807959,2,262970,120.0066528,train,completed/seed_1790793807959/final.xml
294,1790793807960,2,261528,120.0056899,train,completed/seed_1790793807960/final.xml
295,1790793807961,2,265810,120.0065487,validation,completed/seed_1790793807961/final.xml
296,1790793807963,2,261131,120.0067413,train,completed/seed_1790793807963/final.xml
297,1790793807964,2,260493,120.0059786,train,completed/seed_1790793807964/final.xml
298,1790793807966,2,249397,120.006314,train,completed/seed_1790793807966/final.xml
299,1790793807967,2,263255,120.0058185,validation,completed/seed_1790793807967/final.xml
300,1790793807968,2,261722,120.0069908,train,completed/seed_1790793807968/final.xml
301,1790793807969,2,262448,120.0058902,train,completed/seed_1790793807969/final.xml
302,1790793807970,2,261440,120.0048508,train,completed/seed_1790793807970/final.xml
303,1790793807972,2,260856,120.0057832,validation,completed/seed_1790793807972/final.xml
304,1790793807973,2,261629,120.0050073,validation,completed/seed_1790793807973/final.xml
305,1790793807974,2,261587,120.005936,train,completed/seed_1790793807974/final.xml
306,1790793807975,2,260913,120.0061854,validation,completed/seed_1790793807975/final.xml
307,1790793807977,2,263023,120.0057935,train,completed/seed_1790793807977/final.xml
308,1790793807978,2,260663,120.0063477,train,completed/seed_1790793807978/final.xml
309,1790793807979,2,257774,120.0058798,train,completed/seed_1790793807979/final.xml
310,1790793807980,2,257402,120.0059649,train,completed/seed_1790793807980/final.xml
311,1790793807981,2,258657,120.0057611,train,completed/seed_1790793807981/final.xml
312,1790793807982,2,255953,120.0054337,train,completed/seed_1790793807982/final.xml
313,1790793807983,2,263641,120.0059669,validation,completed/seed_1790793807983/final.xml
314,1790793807984,2,258495,120.0054206,train,completed/seed_1790793807984/final.xml
315,1790793807985,2,244563,120.0086077,validation,completed/seed_1790793807985/final.xml
316,1790793807986,2,259208,120.0056593,train,completed/seed_1790793807986/final.xml
317,1790793807987,2,250766,120.0062431,validation,completed/seed_1790793807987/final.xml
318,1790793807988,2,261794,120.0052887,validation,completed/seed_1790793807988/final.xml
319,1790793807989,2,264264,120.005927,train,completed/seed_1790793807989/final.xml
320,1790793807990,2,259939,120.0061835,train,completed/seed_1790793807990/final.xml
321,1790793807991,2,260063,120.0056195,train,completed/seed_1790793807991/final.xml
322,1790793807993,2,262655,120.0056385,train,completed/seed_1790793807993/final.xml
323,1790793807997,2,261567,120.0062699,train,completed/seed_1790793807997/final.xml
324,1790793807998,2,263519,120.006397,train,completed/seed_1790793807998/final.xml
325,1790793807999,2,260572,120.005952,train,completed/seed_1790793807999/final.xml
326,1790793808000,2,262624,120.0056762,train,completed/seed_1790793808000/final.xml
327,1790793808001,2,262736,120.0056115,train,completed/seed_1790793808001/final.xml
328,1790793808002,2,258569,120.0056157,train,completed/seed_1790793808002/final.xml
329,1790793808003,2,253098,120.005938,train,completed/seed_1790793808003/final.xml
330,1790793808004,2,264579,120.0232201,train,completed/seed_1790793808004/final.xml
331,1790793808005,2,262165,120.005841,validation,completed/seed_1790793808005/final.xml
332,1790793808007,2,263962,120.0061865,train,completed/seed_1790793808007/final.xml
333,1790793808009,2,261592,120.0072075,validation,completed/seed_1790793808009/final.xml
334,1790793808010,2,263005,120.0114171,validation,completed/seed_1790793808010/final.xml
335,1790793808011,2,257563,120.0286166,train,completed/seed_1790793808011/final.xml
336,1790793808012,2,264825,120.0057105,train,completed/seed_1790793808012/final.xml
337,1790793808013,2,261105,120.0058499,train,completed/seed_1790793808013/final.xml
338,1790793808014,2,266781,120.0058493,train,completed/seed_1790793808014/final.xml
339,1790793808015,2,260431,120.0054225,train,completed/seed_1790793808015/final.xml
340,1790793808016,2,264667,120.0055901,train,completed/seed_1790793808016/final.xml
341,1790793808017,2,259195,120.0061464,validation,completed/seed_1790793808017/final.xml
342,1790793808018,2,247916,120.0060245,train,completed/seed_1790793808018/final.xml
343,1790793808019,2,229775,120.0063398,train,completed/seed_1790793808019/final.xml
344,1790793808020,2,246068,120.0060146,train,completed/seed_1790793808020/final.xml
345,1790793808021,2,239649,120.0063885,train,completed/seed_1790793808021/final.xml
346,1790793808023,2,243242,120.0063906,train,completed/seed_1790793808023/final.xml
347,1790793808026,2,244265,120.0054277,train,completed/seed_1790793808026/final.xml
348,1790793808027,2,241207,120.0058323,train,completed/seed_1790793808027/final.xml
349,1790793808029,2,247079,120.0059194,train,completed/seed_1790793808029/final.xml
350,1790793808031,2,256781,120.0060407,validation,completed/seed_1790793808031/final.xml
351,1790793808032,2,250669,120.0057012,train,completed/seed_1790793808032/final.xml
352,1790793808033,2,267230,120.0057852,train,completed/seed_1790793808033/final.xml
353,1790793808034,2,261459,120.0054317,train,completed/seed_1790793808034/final.xml
354,1790793808035,2,266533,120.0061851,train,completed/seed_1790793808035/final.xml
355,1790793808037,2,262922,120.0043653,train,completed/seed_1790793808037/final.xml
356,1790793808038,2,260045,120.0052986,train,completed/seed_1790793808038/final.xml
357,1790793808039,2,264716,120.0062078,train,completed/seed_1790793808039/final.xml
358,1790793808043,2,261045,120.0055218,validation,completed/seed_1790793808043/final.xml
359,1790793808044,2,260730,120.0057393,train,completed/seed_1790793808044/final.xml
360,1790793808045,2,259664,120.0052155,train,completed/seed_1790793808045/final.xml
361,1790793808046,2,261420,120.0053631,train,completed/seed_1790793808046/final.xml
362,1790793808048,2,263271,120.0062642,train,completed/seed_1790793808048/final.xml
363,1790793808049,2,262315,120.0059923,train,completed/seed_1790793808049/final.xml
364,1790793808050,2,259451,120.0056096,validation,completed/seed_1790793808050/final.xml
365,1790793808051,2,260163,120.0061124,train,completed/seed_1790793808051/final.xml
366,1790793808053,2,259656,120.0060426,validation,completed/seed_1790793808053/final.xml
367,1790793808055,2,263880,120.0057474,train,completed/seed_1790793808055/final.xml
368,1790793808056,2,264528,120.0065941,validation,completed/seed_1790793808056/final.xml
369,1790793808058,2,259139,120.0059098,train,completed/seed_1790793808058/final.xml
370,1790793808059,2,264807,120.0056372,train,completed/seed_1790793808059/final.xml
371,1790793808060,2,261417,120.0061623,train,completed/seed_1790793808060/final.xml
372,1790793808061,2,265685,120.0065188,train,completed/seed_1790793808061/final.xml
373,1790793808062,2,260281,120.0069011,train,completed/seed_1790793808062/final.xml
374,1790793808063,2,264590,120.0054196,train,completed/seed_1790793808063/final.xml
375,1790793808065,2,260835,120.005177,train,completed/seed_1790793808065/final.xml
376,1790793808066,2,261004,120.0063276,train,completed/seed_1790793808066/final.xml
377,1790793808067,2,262473,120.0037299,train,completed/seed_1790793808067/final.xml
378,1790793808069,2,262589,120.0058883,train,completed/seed_1790793808069/final.xml
379,1790793808070,2,262926,120.0062672,train,completed/seed_1790793808070/final.xml
380,1790793808071,2,259231,120.0063786,validation,completed/seed_1790793808071/final.xml
381,1790793808072,2,263802,120.0064882,train,completed/seed_1790793808072/final.xml
382,1790793808073,2,259771,120.0055346,train,completed/seed_1790793808073/final.xml
383,1790793808074,2,257651,120.0060025,train,completed/seed_1790793808074/final.xml
384,1790793808075,2,262026,120.0037514,train,completed/seed_1790793808075/final.xml
385,1790793808077,2,259832,120.0070953,train,completed/seed_1790793808077/final.xml
386,1790793808079,2,259491,120.0061591,validation,completed/seed_1790793808079/final.xml
387,1790793808080,2,261673,120.0054548,train,completed/seed_1790793808080/final.xml
388,1790793808081,2,259284,120.0065449,train,completed/seed_1790793808081/final.xml
389,1790793808082,2,263763,120.011092,train,completed/seed_1790793808082/final.xml
390,1790793808083,2,261280,120.0060107,train,completed/seed_1790793808083/final.xml
391,1790793808084,2,261527,120.0062098,validation,completed/seed_1790793808084/final.xml
392,1790793808085,2,261378,120.0055519,train,completed/seed_1790793808085/final.xml
393,1790793808086,2,259146,120.0055455,train,completed/seed_1790793808086/final.xml
394,1790793808088,2,259866,120.0055772,train,completed/seed_1790793808088/final.xml
395,1790793808089,2,259424,120.0072815,train,completed/seed_1790793808089/final.xml
396,1790793808090,2,263986,120.0059653,train,completed/seed_1790793808090/final.xml
397,1790793808092,2,265591,120.0053596,train,completed/seed_1790793808092/final.xml
398,1790793808094,2,267950,120.0061655,train,completed/seed_1790793808094/final.xml
399,1790793808096,2,262016,120.0042299,train,completed/seed_1790793808096/final.xml
400,1790793808097,2,247747,120.0058068,validation,completed/seed_1790793808097/final.xml
401,1790793808098,2,261527,120.0048242,train,completed/seed_1790793808098/final.xml
402,1790793808099,2,266369,120.0037628,train,completed/seed_1790793808099/final.xml
403,1790793808100,2,260357,120.0060954,train,completed/seed_1790793808100/final.xml
404,1790793808101,2,263733,120.0053676,train,completed/seed_1790793808101/final.xml
405,1790793808102,2,262491,120.0059311,train,completed/seed_1790793808102/final.xml
406,1790793808103,2,262093,120.0061464,train,completed/seed_1790793808103/final.xml
407,1790793808104,2,261501,120.0062505,train,completed/seed_1790793808104/final.xml
408,1790793808106,2,263375,120.0048714,train,completed/seed_1790793808106/final.xml
409,1790793808107,2,265431,120.0060431,train,completed/seed_1790793808107/final.xml
410,1790793808108,2,262391,120.006204,validation,completed/seed_1790793808108/final.xml
411,1790793808109,2,260921,120.0059099,train,completed/seed_1790793808109/final.xml
412,1790793808110,2,261800,120.0060111,train,completed/seed_1790793808110/final.xml
413,1790793808111,2,264656,120.0058565,validation,completed/seed_1790793808111/final.xml
414,1790793808112,2,249418,120.005701,train,completed/seed_1790793808112/final.xml
415,1790793808113,2,260777,120.009412,validation,completed/seed_1790793808113/final.xml
416,1790793808114,2,268352,120.0052018,train,completed/seed_1790793808114/final.xml
417,1790793808115,2,265397,120.0050683,train,completed/seed_1790793808115/final.xml
418,1790793808117,2,261443,120.0038914,train,completed/seed_1790793808117/final.xml
419,1790793808118,2,246576,120.0039411,train,completed/seed_1790793808118/final.xml
420,1790793808119,2,263136,120.0055901,train,completed/seed_1790793808119/final.xml
421,1790793808120,2,261836,120.0064742,train,completed/seed_1790793808120/final.xml
422,1790793808121,2,265813,120.0036897,validation,completed/seed_1790793808121/final.xml
423,1790793808122,2,265196,120.0083371,train,completed/seed_1790793808122/final.xml
424,1790793808123,2,263122,120.0054651,train,completed/seed_1790793808123/final.xml
425,1790793808124,2,264010,120.0049721,train,completed/seed_1790793808124/final.xml
426,1790793808125,2,265357,120.005429,train,completed/seed_1790793808125/final.xml
427,1790793808126,2,261407,120.0044131,validation,completed/seed_1790793808126/final.xml
428,1790793808127,2,250888,120.0059385,train,completed/seed_1790793808127/final.xml
429,1790793808130,2,250115,120.0059215,train,completed/seed_1790793808130/final.xml
430,1790793808131,2,269921,120.0057707,validation,completed/seed_1790793808131/final.xml
431,1790793808133,2,255913,120.0061934,train,completed/seed_1790793808133/final.xml
432,1790793808134,2,263698,120.0063786,validation,completed/seed_1790793808134/final.xml
433,1790793808135,2,261700,120.0056192,train,completed/seed_1790793808135/final.xml
434,1790793808136,2,248365,120.0067826,train,completed/seed_1790793808136/final.xml
435,1790793808137,2,258681,120.0058474,train,completed/seed_1790793808137/final.xml
436,1790793808138,2,262608,120.0060454,train,completed/seed_1790793808138/final.xml
437,1790793808139,2,266900,120.0041985,validation,completed/seed_1790793808139/final.xml
438,1790793808140,2,246571,120.003689,train,completed/seed_1790793808140/final.xml
439,1790793808141,2,261568,120.0043247,train,completed/seed_1790793808141/final.xml
440,1790793808142,2,262933,120.0060859,train,completed/seed_1790793808142/final.xml
441,1790793808143,2,261788,120.0038265,train,completed/seed_1790793808143/final.xml
442,1790793808144,2,261494,120.0065885,train,completed/seed_1790793808144/final.xml
443,1790793808145,2,264048,120.0046322,validation,completed/seed_1790793808145/final.xml
444,1790793808146,2,261794,120.0052407,train,completed/seed_1790793808146/final.xml
445,1790793808147,2,267176,120.0062335,train,completed/seed_1790793808147/final.xml
446,1790793808148,2,257439,120.0061503,train,completed/seed_1790793808148/final.xml
447,1790793808149,2,264154,120.0060604,train,completed/seed_1790793808149/final.xml
448,1790793808150,2,256453,120.0063987,train,completed/seed_1790793808150/final.xml
449,1790793808151,2,266762,120.0060903,train,completed/seed_1790793808151/final.xml
450,1790793808153,2,262994,120.0057822,train,completed/seed_1790793808153/final.xml
451,1790793808154,2,263072,120.0059566,train,completed/seed_1790793808154/final.xml
452,1790793808157,2,249783,120.0056393,train,completed/seed_1790793808157/final.xml
453,1790793808158,2,268529,120.0059859,validation,completed/seed_1790793808158/final.xml
454,1790793808159,2,261842,120.0059025,train,completed/seed_1790793808159/final.xml
455,1790793808160,2,264568,120.0058113,validation,completed/seed_1790793808160/final.xml
456,1790793808162,2,263570,120.0065031,train,completed/seed_1790793808162/final.xml
457,1790793808163,2,256353,120.0062221,train,completed/seed_1790793808163/final.xml
458,1790793808164,2,260692,120.0057099,train,completed/seed_1790793808164/final.xml
459,1790793808165,2,254062,120.005895,train,completed/seed_1790793808165/final.xml
460,1790793808167,2,263777,120.0059404,train,completed/seed_1790793808167/final.xml
461,1790793808168,2,245249,120.0063633,validation,completed/seed_1790793808168/final.xml
462,1790793808169,2,262969,120.0042083,train,completed/seed_1790793808169/final.xml
463,1790793808170,2,261575,120.0065662,train,completed/seed_1790793808170/final.xml
464,1790793808171,2,262898,120.005756,validation,completed/seed_1790793808171/final.xml
465,1790793808173,2,262686,120.0055343,train,completed/seed_1790793808173/final.xml
466,1790793808174,2,264666,120.0067406,train,completed/seed_1790793808174/final.xml
467,1790793808175,2,257171,120.0048628,train,completed/seed_1790793808175/final.xml
468,1790793808176,2,264269,120.0041075,train,completed/seed_1790793808176/final.xml
469,1790793808177,2,257417,120.0064013,validation,completed/seed_1790793808177/final.xml
470,1790793808178,2,265636,120.0060664,train,completed/seed_1790793808178/final.xml
471,1790793808179,2,265248,120.005767,train,completed/seed_1790793808179/final.xml
472,1790793808181,2,261451,120.0049542,validation,completed/seed_1790793808181/final.xml
473,1790793808182,2,268412,120.0064735,train,completed/seed_1790793808182/final.xml
474,1790793808183,2,265713,120.0053507,train,completed/seed_1790793808183/final.xml
475,1790793808184,2,261472,120.0051614,train,completed/seed_1790793808184/final.xml
476,1790793808185,2,264968,120.0092926,train,completed/seed_1790793808185/final.xml
477,1790793808186,2,261080,120.0062633,train,completed/seed_1790793808186/final.xml
478,1790793808187,2,262479,120.0066311,train,completed/seed_1790793808187/final.xml
479,1790793808188,2,261381,120.0068035,validation,completed/seed_1790793808188/final.xml
480,1790793808189,2,261995,120.0056112,train,completed/seed_1790793808189/final.xml
481,1790793808190,2,260955,120.0062592,validation,completed/seed_1790793808190/final.xml
482,1790793808191,2,265137,120.0058553,train,completed/seed_1790793808191/final.xml
483,1790793808192,2,247346,120.0046718,train,completed/seed_1790793808192/final.xml
484,1790793808193,2,261878,120.0056521,train,completed/seed_1790793808193/final.xml
485,1790793808194,2,261457,120.0042526,train,completed/seed_1790793808194/final.xml
486,1790793808197,2,263007,120.0054244,train,completed/seed_1790793808197/final.xml
487,1790793808198,2,261490,120.0063259,train,completed/seed_1790793808198/final.xml
488,1790793808199,2,258321,120.0035913,validation,completed/seed_1790793808199/final.xml
489,1790793808201,2,259422,120.0064451,train,completed/seed_1790793808201/final.xml
490,1790793808202,2,261727,120.0049246,train,completed/seed_1790793808202/final.xml
491,1790793808203,2,260858,120.0058705,train,completed/seed_1790793808203/final.xml
492,1790793808204,2,256891,120.0065377,train,completed/seed_1790793808204/final.xml
493,1790793808205,2,264330,120.0039232,validation,completed/seed_1790793808205/final.xml
494,1790793808206,2,262784,120.0065728,train,completed/seed_1790793808206/final.xml
495,1790793808207,2,261373,120.0058423,train,completed/seed_1790793808207/final.xml
496,1790793808208,2,260708,120.0060492,train,completed/seed_1790793808208/final.xml
497,1790793808209,2,259771,120.009433,train,completed/seed_1790793808209/final.xml
498,1790793808210,2,265723,120.0063948,validation,completed/seed_1790793808210/final.xml
499,1790793808211,2,262602,120.006406,train,completed/seed_1790793808211/final.xml
500,1790793808212,2,262976,120.0055332,train,completed/seed_1790793808212/final.xml
501,1790793808214,2,263348,120.0060287,train,completed/seed_1790793808214/final.xml
502,1790793808216,2,259173,120.0059628,train,completed/seed_1790793808216/final.xml
503,1790793808217,2,256168,120.0063906,train,completed/seed_1790793808217/final.xml
504,1790793808218,2,267841,120.0062169,train,completed/seed_1790793808218/final.xml
505,1790793808219,2,262484,120.0059224,train,completed/seed_1790793808219/final.xml
506,1790793808220,2,263006,120.0062386,train,completed/seed_1790793808220/final.xml
507,1790793808221,2,265773,120.0149161,train,completed/seed_1790793808221/final.xml
508,1790793808222,2,261101,120.0039412,validation,completed/seed_1790793808222/final.xml
509,1790793808224,2,245964,120.0038363,train,completed/seed_1790793808224/final.xml
510,1790793808225,2,259264,120.0059072,train,completed/seed_1790793808225/final.xml
511,1790793808226,2,266800,120.0056272,train,completed/seed_1790793808226/final.xml
512,1790793808228,2,267248,120.0060975,train,completed/seed_1790793808228/final.xml
513,1790793808229,2,259379,120.0058826,validation,completed/seed_1790793808229/final.xml
514,1790793808230,2,264881,120.005793,train,completed/seed_1790793808230/final.xml
515,1790793808231,2,261781,120.0057755,train,completed/seed_1790793808231/final.xml
516,1790793808232,2,259021,120.0068087,train,completed/seed_1790793808232/final.xml
517,1790793808233,2,260321,120.0058245,train,completed/seed_1790793808233/final.xml
518,1790793808235,2,264132,120.006245,train,completed/seed_1790793808235/final.xml
519,1790793808238,2,260487,120.0043051,train,completed/seed_1790793808238/final.xml
520,1790793808239,2,262562,120.0060352,train,completed/seed_1790793808239/final.xml
521,1790793808240,2,265610,120.0048213,train,completed/seed_1790793808240/final.xml
522,1790793808242,2,263938,120.0064093,train,completed/seed_1790793808242/final.xml
523,1790793808243,2,257437,120.0058256,train,completed/seed_1790793808243/final.xml
524,1790793808244,2,264830,120.0062351,train,completed/seed_1790793808244/final.xml
525,1790793808245,2,264008,120.0054947,train,completed/seed_1790793808245/final.xml
526,1790793808246,2,262018,120.0058251,train,completed/seed_1790793808246/final.xml
527,1790793808248,2,263216,120.0059706,train,completed/seed_1790793808248/final.xml
528,1790793808249,2,263265,120.0059398,validation,completed/seed_1790793808249/final.xml
529,1790793808250,2,268639,120.0056355,train,completed/seed_1790793808250/final.xml
530,1790793808251,2,269515,120.0063619,validation,completed/seed_1790793808251/final.xml
531,1790793808252,2,249194,120.0070876,train,completed/seed_1790793808252/final.xml
532,1790793808253,2,266394,120.0055474,train,completed/seed_1790793808253/final.xml
533,1790793808254,2,264857,120.0068,train,completed/seed_1790793808254/final.xml
534,1790793808255,2,266148,120.0062192,train,completed/seed_1790793808255/final.xml
535,1790793808256,2,262961,120.0062169,validation,completed/seed_1790793808256/final.xml
536,1790793808257,2,263057,120.006023,train,completed/seed_1790793808257/final.xml
537,1790793808258,2,264585,120.006499,train,completed/seed_1790793808258/final.xml
538,1790793808259,2,263269,120.0059954,train,completed/seed_1790793808259/final.xml
539,1790793808260,2,263138,120.0060421,train,completed/seed_1790793808260/final.xml
540,1790793808261,2,257896,120.0058566,train,completed/seed_1790793808261/final.xml
541,1790793808262,2,259948,120.0057493,validation,completed/seed_1790793808262/final.xml
542,1790793808264,2,262756,120.0064941,train,completed/seed_1790793808264/final.xml
543,1790793808265,2,247242,120.0061543,train,completed/seed_1790793808265/final.xml
544,1790793808266,2,267754,120.0060794,train,completed/seed_1790793808266/final.xml
545,1790793808267,2,261708,120.0045751,validation,completed/seed_1790793808267/final.xml
546,1790793808270,2,259144,120.0042145,validation,completed/seed_1790793808270/final.xml
547,1790793808271,2,251385,120.0066307,validation,completed/seed_1790793808271/final.xml
548,1790793808272,2,261441,120.0040524,train,completed/seed_1790793808272/final.xml
549,1790793808273,2,262022,120.0063627,train,completed/seed_1790793808273/final.xml
550,1790793808277,2,249505,120.0044893,train,completed/seed_1790793808277/final.xml
551,1790793808278,2,262202,120.0061168,train,completed/seed_1790793808278/final.xml
552,1790793808279,2,265523,120.0057327,train,completed/seed_1790793808279/final.xml
553,1790793808280,2,263475,120.007734,train,completed/seed_1790793808280/final.xml
554,1790793808281,2,263255,120.0058941,train,completed/seed_1790793808281/final.xml
555,1790793808282,2,264343,120.00564,train,completed/seed_1790793808282/final.xml
556,1790793808283,2,263160,120.0039118,train,completed/seed_1790793808283/final.xml
557,1790793808285,2,265443,120.0065637,train,completed/seed_1790793808285/final.xml
558,1790793808286,2,262129,120.0059974,train,completed/seed_1790793808286/final.xml
559,1790793808287,2,261892,120.0067432,validation,completed/seed_1790793808287/final.xml
560,1790793808288,2,263113,120.0063779,train,completed/seed_1790793808288/final.xml
561,1790793808289,2,261224,120.005915,train,completed/seed_1790793808289/final.xml
562,1790793808290,2,262737,120.006214,train,completed/seed_1790793808290/final.xml
563,1790793808291,2,248795,120.006156,train,completed/seed_1790793808291/final.xml
564,1790793808293,2,249717,120.0058565,validation,completed/seed_1790793808293/final.xml
565,1790793808294,2,262700,120.0059095,train,completed/seed_1790793808294/final.xml
566,1790793808295,2,263019,120.0062601,train,completed/seed_1790793808295/final.xml
567,1790793808296,2,263915,120.005999,train,completed/seed_1790793808296/final.xml
568,1790793808297,2,262988,120.0050435,train,completed/seed_1790793808297/final.xml
569,1790793808298,2,238877,120.0060106,validation,completed/seed_1790793808298/final.xml
570,1790793808299,2,264206,120.0063415,train,completed/seed_1790793808299/final.xml
571,1790793808300,2,260561,120.0052301,validation,completed/seed_1790793808300/final.xml
572,1790793808301,2,263986,120.0039653,train,completed/seed_1790793808301/final.xml
573,1790793808303,2,266569,120.0037263,validation,completed/seed_1790793808303/final.xml
574,1790793808304,2,262112,120.0063954,train,completed/seed_1790793808304/final.xml
575,1790793808305,2,266148,120.0060728,validation,completed/seed_1790793808305/final.xml
576,1790793808306,2,265180,120.0056003,train,completed/seed_1790793808306/final.xml
577,1790793808309,2,259567,120.0060315,train,completed/seed_1790793808309/final.xml
578,1790793808310,2,266719,120.0068775,train,completed/seed_1790793808310/final.xml
579,1790793808311,2,261643,120.0065585,train,completed/seed_1790793808311/final.xml
580,1790793808312,2,262701,120.0059502,train,completed/seed_1790793808312/final.xml
581,1790793808313,2,257229,120.0058875,validation,completed/seed_1790793808313/final.xml
582,1790793808314,2,261863,120.0061591,train,completed/seed_1790793808314/final.xml
583,1790793808315,2,262220,120.0067244,train,completed/seed_1790793808315/final.xml
584,1790793808316,2,264620,120.0057003,train,completed/seed_1790793808316/final.xml
585,1790793808317,2,264672,120.0057064,train,completed/seed_1790793808317/final.xml
586,1790793808319,2,263731,120.0056533,validation,completed/seed_1790793808319/final.xml
587,1790793808320,2,248501,120.00533,validation,completed/seed_1790793808320/final.xml
588,1790793808322,2,262452,120.0055835,train,completed/seed_1790793808322/final.xml
589,1790793808323,2,266120,120.0058762,train,completed/seed_1790793808323/final.xml
590,1790793808324,2,264130,120.0037791,train,completed/seed_1790793808324/final.xml
591,1790793808325,2,263906,120.0056055,validation,completed/seed_1790793808325/final.xml
592,1790793808326,2,267843,120.0060921,train,completed/seed_1790793808326/final.xml
593,1790793808328,2,263700,120.0060252,train,completed/seed_1790793808328/final.xml
594,1790793808329,2,247394,120.0058732,train,completed/seed_1790793808329/final.xml
595,1790793808330,2,264124,120.0050094,train,completed/seed_1790793808330/final.xml
596,1790793808331,2,260651,120.0064026,validation,completed/seed_1790793808331/final.xml
597,1790793808332,2,260531,120.0060269,train,completed/seed_1790793808332/final.xml
598,1790793808333,2,262401,120.0065358,train,completed/seed_1790793808333/final.xml
599,1790793808334,2,260420,120.0040911,train,completed/seed_1790793808334/final.xml
600,1790793808335,2,262764,120.0060416,train,completed/seed_1790793808335/final.xml
601,1790793808338,2,266086,120.0050192,train,completed/seed_1790793808338/final.xml
602,1790793808339,2,262136,120.0040779,train,completed/seed_1790793808339/final.xml
603,1790793808340,2,261075,120.0055182,train,completed/seed_1790793808340/final.xml
604,1790793808341,2,266950,120.006425,train,completed/seed_1790793808341/final.xml
605,1790793808343,2,258002,120.0043908,train,completed/seed_1790793808343/final.xml
606,1790793808345,2,263791,120.0054041,validation,completed/seed_1790793808345/final.xml
607,1790793808346,2,263214,120.006091,train,completed/seed_1790793808346/final.xml
608,1790793808348,2,269294,120.0061917,train,completed/seed_1790793808348/final.xml
609,1790793808349,2,265158,120.004797,train,completed/seed_1790793808349/final.xml
610,1790793808350,2,264552,120.0055216,train,completed/seed_1790793808350/final.xml
611,1790793808351,2,264177,120.0051803,validation,completed/seed_1790793808351/final.xml
612,1790793808353,2,262463,120.0060969,train,completed/seed_1790793808353/final.xml
613,1790793808354,2,261110,120.0064435,train,completed/seed_1790793808354/final.xml
614,1790793808355,2,264634,120.0060749,train,completed/seed_1790793808355/final.xml
615,1790793808356,2,263227,120.005611,train,completed/seed_1790793808356/final.xml
616,1790793808358,2,264872,120.0060885,validation,completed/seed_1790793808358/final.xml
617,1790793808359,2,260626,120.0058156,train,completed/seed_1790793808359/final.xml
618,1790793808360,2,261855,120.0061037,validation,completed/seed_1790793808360/final.xml
619,1790793808361,2,259187,120.0074169,train,completed/seed_1790793808361/final.xml
620,1790793808364,2,262563,120.0070459,train,completed/seed_1790793808364/final.xml
621,1790793808365,2,260361,120.0061549,validation,completed/seed_1790793808365/final.xml
622,1790793808367,2,262970,120.0056869,validation,completed/seed_1790793808367/final.xml
623,1790793808368,2,250000,120.0057257,train,completed/seed_1790793808368/final.xml
624,1790793808370,2,264318,120.0059848,train,completed/seed_1790793808370/final.xml
625,1790793808371,2,261347,120.0055696,train,completed/seed_1790793808371/final.xml
626,1790793808372,2,251956,120.0061578,train,completed/seed_1790793808372/final.xml
627,1790793808373,2,264319,120.0049461,train,completed/seed_1790793808373/final.xml
628,1790793808374,2,261400,120.0059404,validation,completed/seed_1790793808374/final.xml
629,1790793808376,2,265305,120.0060105,train,completed/seed_1790793808376/final.xml
630,1790793808378,2,265761,120.0058961,train,completed/seed_1790793808378/final.xml
631,1790793808379,2,266797,120.0059854,validation,completed/seed_1790793808379/final.xml
632,1790793808380,2,263665,120.0058614,validation,completed/seed_1790793808380/final.xml
633,1790793808381,2,265844,120.0043651,train,completed/seed_1790793808381/final.xml
634,1790793808382,2,266402,120.0056071,train,completed/seed_1790793808382/final.xml
635,1790793808384,2,267044,120.0055622,validation,completed/seed_1790793808384/final.xml
636,1790793808386,2,252035,120.0060119,train,completed/seed_1790793808386/final.xml
637,1790793808387,2,263643,120.0056037,train,completed/seed_1790793808387/final.xml
638,1790793808388,2,255502,120.005767,train,completed/seed_1790793808388/final.xml
639,1790793808390,2,261236,120.0058274,train,completed/seed_1790793808390/final.xml
640,1790793808391,2,264002,120.0059302,train,completed/seed_1790793808391/final.xml
641,1790793808392,2,247099,120.0037594,train,completed/seed_1790793808392/final.xml
642,1790793808393,2,268588,120.0045383,validation,completed/seed_1790793808393/final.xml
643,1790793808394,2,263804,120.006348,train,completed/seed_1790793808394/final.xml
644,1790793808395,2,259956,120.0051119,train,completed/seed_1790793808395/final.xml
645,1790793808396,2,245120,120.0060325,train,completed/seed_1790793808396/final.xml
646,1790793808397,2,261010,120.0057686,train,completed/seed_1790793808397/final.xml
647,1790793808399,2,262620,120.0054943,train,completed/seed_1790793808399/final.xml
648,1790793808400,2,265233,120.0061495,train,completed/seed_1790793808400/final.xml
649,1790793808401,2,264699,120.005589,validation,completed/seed_1790793808401/final.xml
650,1790793808402,2,266972,120.0064996,train,completed/seed_1790793808402/final.xml
651,1790793808403,2,264485,120.0065455,train,completed/seed_1790793808403/final.xml
652,1790793808404,2,263795,120.0063105,train,completed/seed_1790793808404/final.xml
653,1790793808405,2,249144,120.0057323,train,completed/seed_1790793808405/final.xml
654,1790793808406,2,247492,120.0060704,train,completed/seed_1790793808406/final.xml
655,1790793808408,2,270940,120.0060731,train,completed/seed_1790793808408/final.xml
656,1790793808409,2,264418,120.0056197,train,completed/seed_1790793808409/final.xml
657,1790793808411,2,250209,120.0054949,train,completed/seed_1790793808411/final.xml
658,1790793808412,2,264459,120.007125,train,completed/seed_1790793808412/final.xml
659,1790793808413,2,264057,120.0085811,train,completed/seed_1790793808413/final.xml
660,1790793808415,2,267152,120.0062148,validation,completed/seed_1790793808415/final.xml
661,1790793808416,2,261102,120.0053891,train,completed/seed_1790793808416/final.xml
662,1790793808417,2,265674,120.0051446,train,completed/seed_1790793808417/final.xml
663,1790793808418,2,254323,120.0057783,train,completed/seed_1790793808418/final.xml
664,1790793808420,2,262104,120.0054817,train,completed/seed_1790793808420/final.xml
665,1790793808422,2,263498,120.0041279,train,completed/seed_1790793808422/final.xml
666,1790793808423,2,264389,120.0054812,validation,completed/seed_1790793808423/final.xml
667,1790793808424,2,264059,120.0086609,train,completed/seed_1790793808424/final.xml
668,1790793808428,2,264891,120.0061837,train,completed/seed_1790793808428/final.xml
669,1790793808429,2,263835,120.0040284,train,completed/seed_1790793808429/final.xml
670,1790793808430,2,263242,120.0059758,train,completed/seed_1790793808430/final.xml
671,1790793808431,2,261585,120.0060456,validation,completed/seed_1790793808431/final.xml
672,1790793808432,2,252221,120.0060346,train,completed/seed_1790793808432/final.xml
673,1790793808434,2,262729,120.0059378,train,completed/seed_1790793808434/final.xml
674,1790793808436,2,263969,120.0127333,validation,completed/seed_1790793808436/final.xml
675,1790793808438,2,262130,120.006277,validation,completed/seed_1790793808438/final.xml
676,1790793808439,2,266172,120.0052204,validation,completed/seed_1790793808439/final.xml
677,1790793808440,2,264018,120.0042759,validation,completed/seed_1790793808440/final.xml
678,1790793808441,2,259688,120.0063796,train,completed/seed_1790793808441/final.xml
679,1790793808442,2,259719,120.005822,validation,completed/seed_1790793808442/final.xml
680,1790793808443,2,260647,120.005954,train,completed/seed_1790793808443/final.xml
681,1790793808445,2,263922,120.0057883,validation,completed/seed_1790793808445/final.xml
682,1790793808446,2,259676,120.0062266,train,completed/seed_1790793808446/final.xml
683,1790793808447,2,262178,120.0062559,train,completed/seed_1790793808447/final.xml
684,1790793808448,2,260252,120.0054911,train,completed/seed_1790793808448/final.xml
685,1790793808449,2,263360,120.0060541,train,completed/seed_1790793808449/final.xml
686,1790793808450,2,263472,120.0060453,train,completed/seed_1790793808450/final.xml
687,1790793808451,2,268439,120.0062803,validation,completed/seed_1790793808451/final.xml
688,1790793808452,2,270637,120.0062976,train,completed/seed_1790793808452/final.xml
689,1790793808453,2,261764,120.0070507,validation,completed/seed_1790793808453/final.xml
690,1790793808454,2,264735,120.0054805,validation,completed/seed_1790793808454/final.xml
691,1790793808456,2,266949,120.0058487,train,completed/seed_1790793808456/final.xml
692,1790793808458,2,260601,120.0062102,train,completed/seed_1790793808458/final.xml
693,1790793808459,2,264617,120.0056263,train,completed/seed_1790793808459/final.xml
694,1790793808460,2,263819,120.0064209,train,completed/seed_1790793808460/final.xml
695,1790793808461,2,265636,120.0057599,train,completed/seed_1790793808461/final.xml
696,1790793808463,2,264444,120.0053828,train,completed/seed_1790793808463/final.xml
697,1790793808464,2,261254,120.0045903,train,completed/seed_1790793808464/final.xml
698,1790793808466,2,266907,120.005613,train,completed/seed_1790793808466/final.xml
699,1790793808467,2,263385,120.0058305,train,completed/seed_1790793808467/final.xml
700,1790793808469,2,261546,120.0035356,train,completed/seed_1790793808469/final.xml
701,1790793808470,2,265464,120.0045031,train,completed/seed_1790793808470/final.xml
702,1790793808471,2,262690,120.006665,validation,completed/seed_1790793808471/final.xml
703,1790793808472,2,248671,120.0063115,train,completed/seed_1790793808472/final.xml
704,1790793808473,2,257702,120.0058427,train,completed/seed_1790793808473/final.xml
705,1790793808475,2,264866,120.0067146,train,completed/seed_1790793808475/final.xml
706,1790793808476,2,263121,120.0056175,train,completed/seed_1790793808476/final.xml
707,1790793808477,2,249526,120.0057264,train,completed/seed_1790793808477/final.xml
708,1790793808478,2,261267,120.0061036,train,completed/seed_1790793808478/final.xml
709,1790793808479,2,260800,120.0053385,train,completed/seed_1790793808479/final.xml
710,1790793808480,2,265487,120.0059261,train,completed/seed_1790793808480/final.xml
711,1790793808482,2,263793,120.0065616,validation,completed/seed_1790793808482/final.xml
712,1790793808483,2,264030,120.0065803,train,completed/seed_1790793808483/final.xml
713,1790793808484,2,237669,120.0056621,train,completed/seed_1790793808484/final.xml
714,1790793808485,2,251061,120.0060081,validation,completed/seed_1790793808485/final.xml
715,1790793808486,2,263251,120.0062152,train,completed/seed_1790793808486/final.xml
716,1790793808487,2,265436,120.0060106,train,completed/seed_1790793808487/final.xml
717,1790793808488,2,265121,120.0058225,train,completed/seed_1790793808488/final.xml
718,1790793808489,2,259721,120.0059661,train,completed/seed_1790793808489/final.xml
719,1790793808490,2,263773,120.0066669,train,completed/seed_1790793808490/final.xml
720,1790793808494,2,262171,120.006335,validation,completed/seed_1790793808494/final.xml
721,1790793808495,2,261955,120.0057724,train,completed/seed_1790793808495/final.xml
722,1790793808496,2,265177,120.0061991,train,completed/seed_1790793808496/final.xml
723,1790793808497,2,257881,120.005934,validation,completed/seed_1790793808497/final.xml
724,1790793808498,2,267356,120.006048,train,completed/seed_1790793808498/final.xml
725,1790793808499,2,267246,120.0086689,train,completed/seed_1790793808499/final.xml
726,1790793808500,2,266361,120.0060284,validation,completed/seed_1790793808500/final.xml
727,1790793808501,2,265521,120.0054667,validation,completed/seed_1790793808501/final.xml
728,1790793808502,2,267224,120.0049737,train,completed/seed_1790793808502/final.xml
729,1790793808503,2,262029,120.0061741,train,completed/seed_1790793808503/final.xml
730,1790793808504,2,265837,120.0061194,train,completed/seed_1790793808504/final.xml
731,1790793808505,2,262780,120.0054992,train,completed/seed_1790793808505/final.xml
732,1790793808506,2,250607,120.0063239,validation,completed/seed_1790793808506/final.xml
733,1790793808507,2,262202,120.0052472,train,completed/seed_1790793808507/final.xml
734,1790793808509,2,256383,120.0068142,train,completed/seed_1790793808509/final.xml
735,1790793808510,2,263022,120.0041009,train,completed/seed_1790793808510/final.xml
736,1790793808511,2,265114,120.005595,train,completed/seed_1790793808511/final.xml
737,1790793808513,2,252969,120.0064423,train,completed/seed_1790793808513/final.xml
738,1790793808514,2,262194,120.0060525,train,completed/seed_1790793808514/final.xml
739,1790793808515,2,262736,120.0060222,train,completed/seed_1790793808515/final.xml
740,1790793808519,2,268628,120.0051455,train,completed/seed_1790793808519/final.xml
741,1790793808520,2,262769,120.0054554,train,completed/seed_1790793808520/final.xml
742,1790793808521,2,261208,120.0061024,train,completed/seed_1790793808521/final.xml
743,1790793808522,2,264441,120.0056357,train,completed/seed_1790793808522/final.xml
744,1790793808523,2,261814,120.0057338,train,completed/seed_1790793808523/final.xml
745,1790793808524,2,263948,120.0061627,train,completed/seed_1790793808524/final.xml
746,1790793808526,2,262026,120.0056647,validation,completed/seed_1790793808526/final.xml
747,1790793808527,2,267881,120.006077,train,completed/seed_1790793808527/final.xml
748,1790793808530,2,260923,120.0058777,validation,completed/seed_1790793808530/final.xml
749,1790793808531,2,263840,120.0056801,validation,completed/seed_1790793808531/final.xml
750,1790793808533,2,268956,120.0067622,train,completed/seed_1790793808533/final.xml
751,1790793808534,2,265885,120.00579,train,completed/seed_1790793808534/final.xml
752,1790793808535,2,264651,120.0064807,train,completed/seed_1790793808535/final.xml
753,1790793808537,2,271280,120.0064829,train,completed/seed_1790793808537/final.xml
754,1790793808538,2,263337,120.0059849,train,completed/seed_1790793808538/final.xml
755,1790793808539,2,266441,120.0059623,validation,completed/seed_1790793808539/final.xml
756,1790793808540,2,266461,120.0060076,train,completed/seed_1790793808540/final.xml
757,1790793808541,2,264771,120.0053575,validation,completed/seed_1790793808541/final.xml
758,1790793808542,2,262219,120.0037752,train,completed/seed_1790793808542/final.xml
759,1790793808543,2,264450,120.0058597,train,completed/seed_1790793808543/final.xml
760,1790793808544,2,264175,120.0041554,train,completed/seed_1790793808544/final.xml
761,1790793808545,2,264424,120.0046904,validation,completed/seed_1790793808545/final.xml
762,1790793808546,2,261064,120.0062247,train,completed/seed_1790793808546/final.xml
763,1790793808547,2,260644,120.0066225,validation,completed/seed_1790793808547/final.xml
764,1790793808548,2,255357,120.003712,train,completed/seed_1790793808548/final.xml
765,1790793808549,2,261009,120.0061851,train,completed/seed_1790793808549/final.xml
766,1790793808551,2,260326,120.0066104,train,completed/seed_1790793808551/final.xml
767,1790793808552,2,260684,120.0065444,train,completed/seed_1790793808552/final.xml
768,1790793808554,2,262334,120.0055842,train,completed/seed_1790793808554/final.xml
769,1790793808556,2,246747,120.0054508,train,completed/seed_1790793808556/final.xml
770,1790793808557,2,259931,120.0036991,train,completed/seed_1790793808557/final.xml
771,1790793808558,2,262110,120.0060064,train,completed/seed_1790793808558/final.xml
772,1790793808561,2,257316,120.0057712,validation,completed/seed_1790793808561/final.xml
773,1790793808562,2,246852,120.0058693,train,completed/seed_1790793808562/final.xml
774,1790793808563,2,268408,120.0060835,validation,completed/seed_1790793808563/final.xml
775,1790793808564,2,259498,120.0059292,train,completed/seed_1790793808564/final.xml
776,1790793808565,2,262434,120.0041733,train,completed/seed_1790793808565/final.xml
777,1790793808566,2,256948,120.0060141,train,completed/seed_1790793808566/final.xml
778,1790793808567,2,259979,120.0055247,train,completed/seed_1790793808567/final.xml
779,1790793808568,2,264170,120.0066489,train,completed/seed_1790793808568/final.xml
780,1790793808569,2,261589,120.0057144,train,completed/seed_1790793808569/final.xml
781,1790793808570,2,261808,120.0057292,train,completed/seed_1790793808570/final.xml
782,1790793808571,2,262602,120.0055629,train,completed/seed_1790793808571/final.xml
783,1790793808572,2,259654,120.0049492,validation,completed/seed_1790793808572/final.xml
784,1790793808573,2,263095,120.0061857,train,completed/seed_1790793808573/final.xml
785,1790793808574,2,262400,120.0059564,train,completed/seed_1790793808574/final.xml
786,1790793808576,2,259451,120.0052888,train,completed/seed_1790793808576/final.xml
787,1790793808577,2,263152,120.0060793,train,completed/seed_1790793808577/final.xml
788,1790793808578,2,258777,120.005907,train,completed/seed_1790793808578/final.xml
789,1790793808579,2,261499,120.0059273,train,completed/seed_1790793808579/final.xml
790,1790793808580,2,264127,120.0068461,validation,completed/seed_1790793808580/final.xml
791,1790793808582,2,261148,120.0055779,train,completed/seed_1790793808582/final.xml
792,1790793808583,2,260904,120.0060794,validation,completed/seed_1790793808583/final.xml
793,1790793808584,2,258403,120.0060643,train,completed/seed_1790793808584/final.xml
794,1790793808585,2,260232,120.0064733,train,completed/seed_1790793808585/final.xml
795,1790793808586,2,263502,120.0060336,train,completed/seed_1790793808586/final.xml
796,1790793808587,2,265350,120.0062521,train,completed/seed_1790793808587/final.xml
797,1790793808588,2,264529,120.0060149,train,completed/seed_1790793808588/final.xml
798,1790793808589,2,249922,120.0056203,train,completed/seed_1790793808589/final.xml
799,1790793808590,2,261686,120.0054672,train,completed/seed_1790793808590/final.xml
800,1790793808591,2,266001,120.0061944,train,completed/seed_1790793808591/final.xml
801,1790793808592,2,259320,120.0051693,validation,completed/seed_1790793808592/final.xml
802,1790793808596,2,261332,120.0061297,train,completed/seed_1790793808596/final.xml
803,1790793808597,2,261063,120.0048977,train,completed/seed_1790793808597/final.xml
804,1790793808598,2,256912,120.0057702,train,completed/seed_1790793808598/final.xml
805,1790793808600,2,259692,120.0050469,train,completed/seed_1790793808600/final.xml
806,1790793808601,2,262274,120.0037484,validation,completed/seed_1790793808601/final.xml
807,1790793808602,2,265342,120.0041167,train,completed/seed_1790793808602/final.xml
808,1790793808603,2,259919,120.0057872,train,completed/seed_1790793808603/final.xml
809,1790793808604,2,264808,120.0057366,train,completed/seed_1790793808604/final.xml
810,1790793808605,2,263081,120.0062446,validation,completed/seed_1790793808605/final.xml
811,1790793808606,2,263328,120.0054001,train,completed/seed_1790793808606/final.xml
812,1790793808607,2,258943,120.005951,train,completed/seed_1790793808607/final.xml
813,1790793808608,2,267831,120.0037183,train,completed/seed_1790793808608/final.xml
814,1790793808609,2,267996,120.0045147,train,completed/seed_1790793808609/final.xml
815,1790793808610,2,251245,120.0059284,train,completed/seed_1790793808610/final.xml
816,1790793808611,2,251890,120.0058041,train,completed/seed_1790793808611/final.xml
817,1790793808612,2,263466,120.006069,train,completed/seed_1790793808612/final.xml
818,1790793808613,2,263354,120.0063267,train,completed/seed_1790793808613/final.xml
819,1790793808614,2,265734,120.006101,validation,completed/seed_1790793808614/final.xml
820,1790793808615,2,263750,120.0058407,validation,completed/seed_1790793808615/final.xml
821,1790793808616,2,259201,120.0059944,train,completed/seed_1790793808616/final.xml
822,1790793808618,2,251501,120.0061082,train,completed/seed_1790793808618/final.xml
823,1790793808620,2,265954,120.0060335,train,completed/seed_1790793808620/final.xml
824,1790793808621,2,268248,120.0062819,train,completed/seed_1790793808621/final.xml
825,1790793808623,2,256908,120.0065871,train,completed/seed_1790793808623/final.xml
826,1790793808625,2,261181,120.0047346,train,completed/seed_1790793808625/final.xml
827,1790793808626,2,264394,120.0052608,train,completed/seed_1790793808626/final.xml
828,1790793808627,2,261194,120.0047278,train,completed/seed_1790793808627/final.xml
829,1790793808628,2,262072,120.006035,train,completed/seed_1790793808628/final.xml
830,1790793808629,2,263966,120.0054338,train,completed/seed_1790793808629/final.xml
831,1790793808630,2,264803,120.0061701,train,completed/seed_1790793808630/final.xml
832,1790793808632,2,261522,120.0060203,train,completed/seed_1790793808632/final.xml
833,1790793808633,2,262705,120.0043179,train,completed/seed_1790793808633/final.xml
834,1790793808634,2,248876,120.0067924,validation,completed/seed_1790793808634/final.xml
835,1790793808635,2,261667,120.0056316,train,completed/seed_1790793808635/final.xml
836,1790793808637,2,263879,120.005686,train,completed/seed_1790793808637/final.xml
837,1790793808638,2,262875,120.0059516,train,completed/seed_1790793808638/final.xml
838,1790793808639,2,261018,120.0059043,validation,completed/seed_1790793808639/final.xml
839,1790793808640,2,260405,120.0062507,train,completed/seed_1790793808640/final.xml
840,1790793808641,2,260560,120.0059316,train,completed/seed_1790793808641/final.xml
841,1790793808642,2,261446,120.0065606,train,completed/seed_1790793808642/final.xml
842,1790793808644,2,256940,120.0060303,train,completed/seed_1790793808644/final.xml
843,1790793808645,2,264746,120.0058287,train,completed/seed_1790793808645/final.xml
844,1790793808647,2,263634,120.0069202,train,completed/seed_1790793808647/final.xml
845,1790793808648,2,262044,120.0062715,train,completed/seed_1790793808648/final.xml
846,1790793808649,2,260229,120.0058488,train,completed/seed_1790793808649/final.xml
847,1790793808650,2,261838,120.0035512,train,completed/seed_1790793808650/final.xml
848,1790793808651,2,263154,120.0054492,train,completed/seed_1790793808651/final.xml
849,1790793808652,2,263481,120.0066486,validation,completed/seed_1790793808652/final.xml
850,1790793808653,2,260014,120.0062484,validation,completed/seed_1790793808653/final.xml
851,1790793808654,2,259052,120.0058299,train,completed/seed_1790793808654/final.xml
852,1790793808659,2,262796,120.0038729,train,completed/seed_1790793808659/final.xml
853,1790793808660,2,261732,120.0062543,train,completed/seed_1790793808660/final.xml
854,1790793808661,2,263130,120.0056874,validation,completed/seed_1790793808661/final.xml
855,1790793808662,2,263242,120.0054573,train,completed/seed_1790793808662/final.xml
856,1790793808663,2,263180,120.0061775,validation,completed/seed_1790793808663/final.xml
857,1790793808664,2,263456,120.0060869,train,completed/seed_1790793808664/final.xml
858,1790793808665,2,263284,120.0056858,validation,completed/seed_1790793808665/final.xml
859,1790793808666,2,262965,120.0061555,train,completed/seed_1790793808666/final.xml
860,1790793808667,2,252481,120.005659,train,completed/seed_1790793808667/final.xml
861,1790793808668,2,258949,120.0036597,validation,completed/seed_1790793808668/final.xml
862,1790793808669,2,247978,120.0059117,train,completed/seed_1790793808669/final.xml
863,1790793808670,2,248335,120.0062611,train,completed/seed_1790793808670/final.xml
864,1790793808671,2,258950,120.0056061,train,completed/seed_1790793808671/final.xml
865,1790793808672,2,265532,120.0038183,validation,completed/seed_1790793808672/final.xml
866,1790793808675,2,264740,120.0064832,train,completed/seed_1790793808675/final.xml
867,1790793808676,2,267141,120.0063286,train,completed/seed_1790793808676/final.xml
868,1790793808677,2,263537,120.0052814,train,completed/seed_1790793808677/final.xml
869,1790793808678,2,251700,120.0064531,validation,completed/seed_1790793808678/final.xml
870,1790793808680,2,260808,120.0059074,train,completed/seed_1790793808680/final.xml
871,1790793808681,2,265875,120.0044039,train,completed/seed_1790793808681/final.xml
872,1790793808682,2,267549,120.0061457,train,completed/seed_1790793808682/final.xml
873,1790793808683,2,266311,120.0059903,train,completed/seed_1790793808683/final.xml
874,1790793808684,2,265039,120.0061053,train,completed/seed_1790793808684/final.xml
875,1790793808685,2,263892,120.0057691,train,completed/seed_1790793808685/final.xml
876,1790793808686,2,264710,120.0054106,train,completed/seed_1790793808686/final.xml
877,1790793808687,2,263965,120.0055403,train,completed/seed_1790793808687/final.xml
878,1790793808688,2,234283,120.0058717,validation,completed/seed_1790793808688/final.xml
879,1790793808689,2,259988,120.0059837,train,completed/seed_1790793808689/final.xml
880,1790793808690,2,261120,120.0064583,train,completed/seed_1790793808690/final.xml
881,1790793808691,2,262894,120.0058889,train,completed/seed_1790793808691/final.xml
882,1790793808692,2,250394,120.0065417,train,completed/seed_1790793808692/final.xml
883,1790793808694,2,262541,120.00627,validation,completed/seed_1790793808694/final.xml
884,1790793808696,2,272572,120.0069762,train,completed/seed_1790793808696/final.xml
885,1790793808698,2,264751,120.0055858,validation,completed/seed_1790793808698/final.xml
886,1790793808699,2,262735,120.0058083,train,completed/seed_1790793808699/final.xml
887,1790793808701,2,248902,120.0064984,train,completed/seed_1790793808701/final.xml
888,1790793808703,2,263953,120.0063545,train,completed/seed_1790793808703/final.xml
889,1790793808707,2,258793,120.0038869,train,completed/seed_1790793808707/final.xml
890,1790793808709,2,264248,120.0057545,validation,completed/seed_1790793808709/final.xml
891,1790793808712,2,256703,120.0060227,train,completed/seed_1790793808712/final.xml
892,1790793808713,2,261440,120.0058454,train,completed/seed_1790793808713/final.xml
893,1790793808714,2,261795,120.0060577,validation,completed/seed_1790793808714/final.xml
894,1790793808715,2,261863,120.0052624,train,completed/seed_1790793808715/final.xml
895,1790793808717,2,263835,120.006382,train,completed/seed_1790793808717/final.xml
896,1790793808718,2,263405,120.0066302,train,completed/seed_1790793808718/final.xml
897,1790793808719,2,259615,120.0040185,train,completed/seed_1790793808719/final.xml
898,1790793808721,2,255669,120.0058177,train,completed/seed_1790793808721/final.xml
899,1790793808722,2,266774,120.006492,train,completed/seed_1790793808722/final.xml
900,1790793808723,2,249511,120.0060806,validation,completed/seed_1790793808723/final.xml
901,1790793808724,2,265018,120.0059101,validation,completed/seed_1790793808724/final.xml
902,1790793808725,2,262490,120.0054851,validation,completed/seed_1790793808725/final.xml
903,1790793808726,2,262630,120.0043598,train,completed/seed_1790793808726/final.xml
904,1790793808727,2,263893,120.0060813,train,completed/seed_1790793808727/final.xml
905,1790793808728,2,262558,120.0059413,train,completed/seed_1790793808728/final.xml
906,1790793808730,2,259189,120.0086267,train,completed/seed_1790793808730/final.xml
907,1790793808731,2,260677,120.0061038,validation,completed/seed_1790793808731/final.xml
908,1790793808732,2,247999,120.0066124,train,completed/seed_1790793808732/final.xml
909,1790793808733,2,258355,120.0059771,validation,completed/seed_1790793808733/final.xml
910,1790793808735,2,267552,120.0044439,train,completed/seed_1790793808735/final.xml
911,1790793808736,2,261799,120.0066334,validation,completed/seed_1790793808736/final.xml
912,1790793808737,2,264541,120.005949,train,completed/seed_1790793808737/final.xml
913,1790793808739,2,261963,120.004335,validation,completed/seed_1790793808739/final.xml
914,1790793808740,2,261952,120.0061093,validation,completed/seed_1790793808740/final.xml
915,1790793808742,2,265379,120.0061987,train,completed/seed_1790793808742/final.xml
916,1790793808743,2,260090,120.0062596,validation,completed/seed_1790793808743/final.xml
917,1790793808744,2,260360,120.0056933,train,completed/seed_1790793808744/final.xml
918,1790793808745,2,263711,120.0037249,train,completed/seed_1790793808745/final.xml
919,1790793808746,2,262828,120.006069,train,completed/seed_1790793808746/final.xml
920,1790793808747,2,261891,120.0058911,train,completed/seed_1790793808747/final.xml
921,1790793808748,2,261889,120.006514,train,completed/seed_1790793808748/final.xml
922,1790793808751,2,264110,120.0061036,validation,completed/seed_1790793808751/final.xml
923,1790793808752,2,258489,120.0059111,train,completed/seed_1790793808752/final.xml
924,1790793808754,2,262628,120.0056704,train,completed/seed_1790793808754/final.xml
925,1790793808755,2,262924,120.0056422,train,completed/seed_1790793808755/final.xml
926,1790793808756,2,256477,120.0038253,train,completed/seed_1790793808756/final.xml
927,1790793808757,2,261298,120.0037117,train,completed/seed_1790793808757/final.xml
928,1790793808759,2,260249,120.0078524,validation,completed/seed_1790793808759/final.xml
929,1790793808762,2,262419,120.0038037,train,completed/seed_1790793808762/final.xml
930,1790793808764,2,260803,120.0043173,train,completed/seed_1790793808764/final.xml
931,1790793808765,2,248372,120.0060356,validation,completed/seed_1790793808765/final.xml
932,1790793808768,2,265294,120.0056406,train,completed/seed_1790793808768/final.xml
933,1790793808769,2,245448,120.0051226,train,completed/seed_1790793808769/final.xml
934,1790793808770,2,263202,120.0061173,validation,completed/seed_1790793808770/final.xml
935,1790793808771,2,263165,120.0063492,train,completed/seed_1790793808771/final.xml
936,1790793808772,2,260295,120.0048721,train,completed/seed_1790793808772/final.xml
937,1790793808773,2,266163,120.0112799,validation,completed/seed_1790793808773/final.xml
938,1790793808774,2,257422,120.0043847,train,completed/seed_1790793808774/final.xml
939,1790793808775,2,265071,120.0039572,train,completed/seed_1790793808775/final.xml
940,1790793808776,2,266869,120.0042504,train,completed/seed_1790793808776/final.xml
941,1790793808777,2,268670,120.0044018,validation,completed/seed_1790793808777/final.xml
942,1790793808779,2,263848,120.0064672,train,completed/seed_1790793808779/final.xml
943,1790793808780,2,267058,120.0056395,train,completed/seed_1790793808780/final.xml
944,1790793808781,2,251825,120.0060935,train,completed/seed_1790793808781/final.xml
945,1790793808783,2,260630,120.0040723,train,completed/seed_1790793808783/final.xml
946,1790793808785,2,263026,120.006731,train,completed/seed_1790793808785/final.xml
947,1790793808786,2,267990,120.0061735,train,completed/seed_1790793808786/final.xml
948,1790793808787,2,262952,120.0055463,train,completed/seed_1790793808787/final.xml
949,1790793808788,2,263208,120.0060908,validation,completed/seed_1790793808788/final.xml
950,1790793808789,2,270558,120.0061421,validation,completed/seed_1790793808789/final.xml
951,1790793808790,2,264244,120.0057299,train,completed/seed_1790793808790/final.xml
952,1790793808791,2,268565,120.0057948,train,completed/seed_1790793808791/final.xml
953,1790793808792,2,258146,120.0067726,validation,completed/seed_1790793808792/final.xml
954,1790793808793,2,263056,120.0059185,train,completed/seed_1790793808793/final.xml
955,1790793808794,2,266568,120.0062702,train,completed/seed_1790793808794/final.xml
956,1790793808795,2,260822,120.0040736,train,completed/seed_1790793808795/final.xml
957,1790793808796,2,261623,120.0055307,train,completed/seed_1790793808796/final.xml
958,1790793808797,2,263079,120.0051516,train,completed/seed_1790793808797/final.xml
959,1790793808800,2,259597,120.0066715,train,completed/seed_1790793808800/final.xml
960,1790793808801,2,264138,120.0042893,train,completed/seed_1790793808801/final.xml
961,1790793808803,2,270075,120.0041362,train,completed/seed_1790793808803/final.xml
962,1790793808804,2,266613,120.0060939,train,completed/seed_1790793808804/final.xml
963,1790793808805,2,262322,120.0039913,train,completed/seed_1790793808805/final.xml
964,1790793808806,2,264634,120.0041639,train,completed/seed_1790793808806/final.xml
965,1790793808807,2,262240,120.0057084,train,completed/seed_1790793808807/final.xml
966,1790793808810,2,265218,120.0060752,train,completed/seed_1790793808810/final.xml
967,1790793808811,2,267644,120.0063805,train,completed/seed_1790793808811/final.xml
968,1790793808812,2,263407,120.0047113,train,completed/seed_1790793808812/final.xml
969,1790793808813,2,265082,120.0062219,train,completed/seed_1790793808813/final.xml
970,1790793808814,2,259749,120.0059795,train,completed/seed_1790793808814/final.xml
971,1790793808815,2,265708,120.0061922,train,completed/seed_1790793808815/final.xml
972,1790793808816,2,262477,120.0050959,train,completed/seed_1790793808816/final.xml
973,1790793808818,2,248305,120.0065671,train,completed/seed_1790793808818/final.xml
974,1790793808820,2,258982,120.0054645,train,completed/seed_1790793808820/final.xml
975,1790793808821,2,259633,120.0057941,validation,completed/seed_1790793808821/final.xml
976,1790793808822,2,266289,120.0058444,validation,completed/seed_1790793808822/final.xml
977,1790793808823,2,262843,120.0062103,train,completed/seed_1790793808823/final.xml
978,1790793808824,2,264822,120.0047442,validation,completed/seed_1790793808824/final.xml
979,1790793808825,2,263845,120.0063246,train,completed/seed_1790793808825/final.xml
980,1790793808826,2,261862,120.0061009,validation,completed/seed_1790793808826/final.xml
981,1790793808827,2,265782,120.0044111,train,completed/seed_1790793808827/final.xml
982,1790793808828,2,262713,120.0060425,train,completed/seed_1790793808828/final.xml
983,1790793808829,2,245407,120.0055171,train,completed/seed_1790793808829/final.xml
984,1790793808830,2,265704,120.0062079,train,completed/seed_1790793808830/final.xml
985,1790793808831,2,261394,120.0058217,validation,completed/seed_1790793808831/final.xml
986,1790793808832,2,260455,120.0058504,train,completed/seed_1790793808832/final.xml
987,1790793808833,2,233429,120.0067246,train,completed/seed_1790793808833/final.xml
988,1790793808834,2,259397,120.0039437,train,completed/seed_1790793808834/final.xml
989,1790793808836,2,263196,120.0059434,train,completed/seed_1790793808836/final.xml
990,1790793808838,2,264311,120.0059199,validation,completed/seed_1790793808838/final.xml
991,1790793808840,2,263856,120.006723,train,completed/seed_1790793808840/final.xml
992,1790793808841,2,260146,120.0056477,train,completed/seed_1790793808841/final.xml
993,1790793808842,2,262366,120.0060925,train,completed/seed_1790793808842/final.xml
994,1790793808843,2,263573,120.0054067,train,completed/seed_1790793808843/final.xml
995,1790793808844,2,263951,120.0064448,train,completed/seed_1790793808844/final.xml
996,1790793808845,2,259537,120.007036,train,completed/seed_1790793808845/final.xml
997,1790793808846,2,263305,120.0064544,validation,completed/seed_1790793808846/final.xml
998,1790793808847,2,264230,120.0048625,train,completed/seed_1790793808847/final.xml
999,1790793808848,2,262822,120.0064978,train,completed/seed_1790793808848/final.xml
1000,1790793808849,2,263251,120.0057751,train,completed/seed_1790793808849/final.xml
1001,1790793808850,2,259912,120.007074,train,completed/seed_1790793808850/final.xml
1002,1790793808851,2,267397,120.0039815,validation,completed/seed_1790793808851/final.xml
1003,1790793808852,2,261977,120.0060048,validation,completed/seed_1790793808852/final.xml
1004,1790793808853,2,264896,120.0058472,validation,completed/seed_1790793808853/final.xml
1005,1790793808855,2,263192,120.0052553,train,completed/seed_1790793808855/final.xml
1006,1790793808857,2,265952,120.0046805,train,completed/seed_1790793808857/final.xml
1007,1790793808858,2,263723,120.0039545,validation,completed/seed_1790793808858/final.xml
1008,1790793808859,2,249603,120.0062151,train,completed/seed_1790793808859/final.xml
1009,1790793808865,2,250021,120.0061915,train,completed/seed_1790793808865/final.xml
1010,1790793808866,2,268098,120.0063507,train,completed/seed_1790793808866/final.xml
1011,1790793808867,2,259402,120.0056693,train,completed/seed_1790793808867/final.xml
1012,1790793808868,2,262601,120.0063011,train,completed/seed_1790793808868/final.xml
1013,1790793808870,2,266664,120.0040192,train,completed/seed_1790793808870/final.xml
1014,1790793808872,2,266861,120.0040425,train,completed/seed_1790793808872/final.xml
1015,1790793808873,2,271318,120.0059465,train,completed/seed_1790793808873/final.xml
1016,1790793808874,2,266242,120.0058891,train,completed/seed_1790793808874/final.xml
1017,1790793808875,2,263920,120.0040337,train,completed/seed_1790793808875/final.xml
1018,1790793808876,2,263752,120.0059431,train,completed/seed_1790793808876/final.xml
1019,1790793808877,2,262921,120.0051961,validation,completed/seed_1790793808877/final.xml
1020,1790793808878,2,251630,120.0062493,validation,completed/seed_1790793808878/final.xml
1021,1790793808879,2,264984,120.005433,train,completed/seed_1790793808879/final.xml
1022,1790793808880,2,268641,120.0064594,train,completed/seed_1790793808880/final.xml
1023,1790793808881,2,259329,120.0056172,train,completed/seed_1790793808881/final.xml
1024,1790793808883,2,260019,120.0056331,train,completed/seed_1790793808883/final.xml
1025,1790793808884,2,265758,120.0059766,train,completed/seed_1790793808884/final.xml
1026,1790793808885,2,267039,120.0057668,train,completed/seed_1790793808885/final.xml
1027,1790793808887,2,265727,120.0067172,train,completed/seed_1790793808887/final.xml
1028,1790793808888,2,263461,120.0057226,train,completed/seed_1790793808888/final.xml
1029,1790793808889,2,262932,120.0058728,validation,completed/seed_1790793808889/final.xml
1030,1790793808890,2,261362,120.0065426,train,completed/seed_1790793808890/final.xml
1031,1790793808891,2,260700,120.0052991,validation,completed/seed_1790793808891/final.xml
1032,1790793808892,2,262753,120.0055975,validation,completed/seed_1790793808892/final.xml
1033,1790793808893,2,266410,120.0033901,train,completed/seed_1790793808893/final.xml
1034,1790793808894,2,265450,120.0065254,validation,completed/seed_1790793808894/final.xml
1035,1790793808895,2,264181,120.006168,train,completed/seed_1790793808895/final.xml
1036,1790793808896,2,262816,120.0062478,train,completed/seed_1790793808896/final.xml
1037,1790793808897,2,261125,120.0039036,train,completed/seed_1790793808897/final.xml
1038,1790793808898,2,262093,120.0054431,train,completed/seed_1790793808898/final.xml
1039,1790793808899,2,263007,120.0062314,train,completed/seed_1790793808899/final.xml
1040,1790793808901,2,262578,120.0063569,validation,completed/seed_1790793808901/final.xml
1041,1790793808902,2,267222,120.0056745,train,completed/seed_1790793808902/final.xml
1042,1790793808905,2,263574,120.0057632,validation,completed/seed_1790793808905/final.xml
1043,1790793808906,2,267248,120.0035532,train,completed/seed_1790793808906/final.xml
1044,1790793808907,2,262971,120.0062236,train,completed/seed_1790793808907/final.xml
1045,1790793808908,2,265049,120.005903,validation,completed/seed_1790793808908/final.xml
1046,1790793808910,2,265306,120.0036312,train,completed/seed_1790793808910/final.xml
1047,1790793808911,2,263147,120.0058659,train,completed/seed_1790793808911/final.xml
1048,1790793808912,2,267935,120.0057015,validation,completed/seed_1790793808912/final.xml
1049,1790793808914,2,266748,120.006235,train,completed/seed_1790793808914/final.xml
1050,1790793808915,2,260778,120.0053817,train,completed/seed_1790793808915/final.xml
1051,1790793808916,2,263949,120.0037705,validation,completed/seed_1790793808916/final.xml
1052,1790793808917,2,262214,120.0057516,train,completed/seed_1790793808917/final.xml
1053,1790793808918,2,262557,120.003921,validation,completed/seed_1790793808918/final.xml
1054,1790793808919,2,262736,120.006497,train,completed/seed_1790793808919/final.xml
1055,1790793808920,2,259785,120.0059924,train,completed/seed_1790793808920/final.xml
1056,1790793808921,2,263242,120.0064989,validation,completed/seed_1790793808921/final.xml
1057,1790793808922,2,261457,120.0059526,validation,completed/seed_1790793808922/final.xml
1058,1790793808923,2,264260,120.0057311,train,completed/seed_1790793808923/final.xml
1059,1790793808924,2,263063,120.0068196,train,completed/seed_1790793808924/final.xml
1060,1790793808927,2,255861,120.0100915,train,completed/seed_1790793808927/final.xml
1061,1790793808928,2,264284,120.0062238,train,completed/seed_1790793808928/final.xml
1062,1790793808929,2,256523,120.0055442,train,completed/seed_1790793808929/final.xml
1063,1790793808930,2,260205,120.0063755,validation,completed/seed_1790793808930/final.xml
1064,1790793808931,2,262468,120.0060044,train,completed/seed_1790793808931/final.xml
1065,1790793808932,2,259920,120.0064968,validation,completed/seed_1790793808932/final.xml
1066,1790793808933,2,262328,120.0055472,train,completed/seed_1790793808933/final.xml
1067,1790793808934,2,262502,120.0065832,train,completed/seed_1790793808934/final.xml
1068,1790793808935,2,261185,120.0061663,train,completed/seed_1790793808935/final.xml
1069,1790793808936,2,263131,120.0066391,validation,completed/seed_1790793808936/final.xml
1070,1790793808937,2,260998,120.0063132,train,completed/seed_1790793808937/final.xml
1071,1790793808938,2,259188,120.0061659,train,completed/seed_1790793808938/final.xml
1072,1790793808941,2,259599,120.0058981,train,completed/seed_1790793808941/final.xml
1073,1790793808942,2,269467,120.0066554,train,completed/seed_1790793808942/final.xml
1074,1790793808943,2,258329,120.0064242,train,completed/seed_1790793808943/final.xml
1075,1790793808944,2,266166,120.0059786,validation,completed/seed_1790793808944/final.xml
1076,1790793808945,2,262090,120.0063454,validation,completed/seed_1790793808945/final.xml
1077,1790793808947,2,262790,120.006173,train,completed/seed_1790793808947/final.xml
1078,1790793808948,2,262880,120.0060637,train,completed/seed_1790793808948/final.xml
1079,1790793808949,2,261023,120.0061278,train,completed/seed_1790793808949/final.xml
1080,1790793808952,2,261581,120.0062688,train,completed/seed_1790793808952/final.xml
1081,1790793808953,2,262423,120.0058541,train,completed/seed_1790793808953/final.xml
1082,1790793808954,2,261065,120.0043972,validation,completed/seed_1790793808954/final.xml
1083,1790793808955,2,264521,120.0057259,validation,completed/seed_1790793808955/final.xml
1084,1790793808956,2,260867,120.0059273,train,completed/seed_1790793808956/final.xml
1085,1790793808959,2,264180,120.0063163,train,completed/seed_1790793808959/final.xml
1086,1790793808960,2,263334,120.0064592,validation,completed/seed_1790793808960/final.xml
1087,1790793808961,2,262839,120.0057605,train,completed/seed_1790793808961/final.xml
1088,1790793808962,2,267402,120.006126,train,completed/seed_1790793808962/final.xml
1089,1790793808963,2,268845,120.0045013,validation,completed/seed_1790793808963/final.xml
1090,1790793808964,2,262418,120.0058699,train,completed/seed_1790793808964/final.xml
1091,1790793808965,2,266373,120.003928,train,completed/seed_1790793808965/final.xml
1092,1790793808966,2,258825,120.0055121,train,completed/seed_1790793808966/final.xml
1093,1790793808967,2,244500,120.005391,train,completed/seed_1790793808967/final.xml
1094,1790793808970,2,245597,120.0054099,validation,completed/seed_1790793808970/final.xml
1095,1790793808971,2,260111,120.0063874,train,completed/seed_1790793808971/final.xml
1096,1790793808972,2,242955,120.0061483,train,completed/seed_1790793808972/final.xml
1097,1790793808973,2,259834,120.0062012,train,completed/seed_1790793808973/final.xml
1098,1790793808974,2,260102,120.0060627,validation,completed/seed_1790793808974/final.xml
1099,1790793808975,2,259561,120.006022,train,completed/seed_1790793808975/final.xml
1100,1790793808977,2,260875,120.0059817,train,completed/seed_1790793808977/final.xml
1101,1790793808978,2,266742,120.0058808,train,completed/seed_1790793808978/final.xml
1102,1790793808979,2,250972,120.0060025,validation,completed/seed_1790793808979/final.xml
1103,1790793808981,2,250122,120.0062088,train,completed/seed_1790793808981/final.xml
1104,1790793808982,2,266196,120.0051896,train,completed/seed_1790793808982/final.xml
1105,1790793808983,2,266847,120.005729,train,completed/seed_1790793808983/final.xml
1106,1790793808984,2,265870,120.0058062,train,completed/seed_1790793808984/final.xml
1107,1790793808985,2,268595,120.0055609,train,completed/seed_1790793808985/final.xml
1108,1790793808986,2,260936,120.0055518,train,completed/seed_1790793808986/final.xml
1109,1790793808987,2,269213,120.0037182,train,completed/seed_1790793808987/final.xml
1110,1790793808988,2,249140,120.0058293,train,completed/seed_1790793808988/final.xml
1111,1790793808989,2,266415,120.0063277,train,completed/seed_1790793808989/final.xml
1112,1790793808990,2,268208,120.0064883,train,completed/seed_1790793808990/final.xml
1113,1790793808991,2,261257,120.0059654,train,completed/seed_1790793808991/final.xml
1114,1790793808992,2,268252,120.0061086,validation,completed/seed_1790793808992/final.xml
1115,1790793808993,2,263733,120.0055077,train,completed/seed_1790793808993/final.xml
1116,1790793808994,2,265484,120.00518,train,completed/seed_1790793808994/final.xml
1117,1790793808995,2,263926,120.0060989,validation,completed/seed_1790793808995/final.xml
1118,1790793808996,2,267005,120.0057523,validation,completed/seed_1790793808996/final.xml
1119,1790793808998,2,263374,120.0066702,validation,completed/seed_1790793808998/final.xml
1120,1790793808999,2,249952,120.0056527,train,completed/seed_1790793808999/final.xml
1121,1790793809002,2,266868,120.0061873,train,completed/seed_1790793809002/final.xml
1122,1790793809003,2,265951,120.0065484,train,completed/seed_1790793809003/final.xml
1123,1790793809004,2,258624,120.0035397,train,completed/seed_1790793809004/final.xml
1124,1790793809005,2,263381,120.0058597,validation,completed/seed_1790793809005/final.xml
1125,1790793809006,2,262564,120.0059539,train,completed/seed_1790793809006/final.xml
1126,1790793809008,2,262243,120.005973,train,completed/seed_1790793809008/final.xml
1127,1790793809009,2,265173,120.0059242,validation,completed/seed_1790793809009/final.xml
1128,1790793809010,2,260001,120.0059296,train,completed/seed_1790793809010/final.xml
1129,1790793809011,2,264371,120.006337,train,completed/seed_1790793809011/final.xml
1130,1790793809012,2,267064,120.0038704,train,completed/seed_1790793809012/final.xml
1131,1790793809013,2,262297,120.0058338,train,completed/seed_1790793809013/final.xml
1132,1790793809015,2,262322,120.0064068,train,completed/seed_1790793809015/final.xml
1133,1790793809016,2,268917,120.0056599,train,completed/seed_1790793809016/final.xml
1134,1790793809017,2,260488,120.0060439,train,completed/seed_1790793809017/final.xml
1135,1790793809018,2,265032,120.0033733,train,completed/seed_1790793809018/final.xml
1136,1790793809019,2,262785,120.0061772,train,completed/seed_1790793809019/final.xml
1137,1790793809022,2,265374,120.0038011,train,completed/seed_1790793809022/final.xml
1138,1790793809023,2,264785,120.0035964,train,completed/seed_1790793809023/final.xml
1139,1790793809024,2,265675,120.0056433,train,completed/seed_1790793809024/final.xml
1140,1790793809025,2,264251,120.006528,train,completed/seed_1790793809025/final.xml
1141,1790793809026,2,255137,120.0061825,train,completed/seed_1790793809026/final.xml
1142,1790793809027,2,268371,120.006479,train,completed/seed_1790793809027/final.xml
1143,1790793809028,2,268657,120.0061049,train,completed/seed_1790793809028/final.xml
1144,1790793809029,2,248171,120.0062946,train,completed/seed_1790793809029/final.xml
1145,1790793809030,2,270447,120.0058999,validation,completed/seed_1790793809030/final.xml
1146,1790793809031,2,268064,120.0066517,validation,completed/seed_1790793809031/final.xml
1147,1790793809033,2,265061,120.0059091,train,completed/seed_1790793809033/final.xml
1148,1790793809034,2,263926,120.005269,train,completed/seed_1790793809034/final.xml
1149,1790793809035,2,267554,120.0058913,train,completed/seed_1790793809035/final.xml
1150,1790793809036,2,267587,120.005555,train,completed/seed_1790793809036/final.xml
1151,1790793809037,2,270281,120.0056773,train,completed/seed_1790793809037/final.xml
1152,1790793809038,2,265921,120.0061848,train,completed/seed_1790793809038/final.xml
1153,1790793809039,2,265017,120.0063064,train,completed/seed_1790793809039/final.xml
1154,1790793809040,2,262897,120.0060669,train,completed/seed_1790793809040/final.xml
1155,1790793809041,2,262032,120.0038882,train,completed/seed_1790793809041/final.xml
1156,1790793809042,2,263834,120.0067795,validation,completed/seed_1790793809042/final.xml
1157,1790793809044,2,263227,120.0056792,validation,completed/seed_1790793809044/final.xml
1158,1790793809046,2,260869,120.005893,validation,completed/seed_1790793809046/final.xml
1159,1790793809047,2,263143,120.0058047,validation,completed/seed_1790793809047/final.xml
1160,1790793809049,2,262958,120.0059093,train,completed/seed_1790793809049/final.xml
1161,1790793809050,2,270915,120.0068958,train,completed/seed_1790793809050/final.xml
1162,1790793809051,2,262256,120.0064715,validation,completed/seed_1790793809051/final.xml
1163,1790793809053,2,266915,120.0063274,train,completed/seed_1790793809053/final.xml
1164,1790793809054,2,260119,120.0057046,train,completed/seed_1790793809054/final.xml
1165,1790793809055,2,262368,120.0039076,validation,completed/seed_1790793809055/final.xml
1166,1790793809056,2,261694,120.0065681,train,completed/seed_1790793809056/final.xml
1167,1790793809057,2,264400,120.0060642,train,completed/seed_1790793809057/final.xml
1168,1790793809058,2,260586,120.0059988,train,completed/seed_1790793809058/final.xml
1169,1790793809059,2,265887,120.0062241,train,completed/seed_1790793809059/final.xml
1170,1790793809060,2,264025,120.0039852,train,completed/seed_1790793809060/final.xml
1171,1790793809063,2,249545,120.0059979,train,completed/seed_1790793809063/final.xml
1172,1790793809064,2,265694,120.0049206,validation,completed/seed_1790793809064/final.xml
1173,1790793809065,2,265536,120.0043579,validation,completed/seed_1790793809065/final.xml
1174,1790793809066,2,238000,120.0067481,train,completed/seed_1790793809066/final.xml
1175,1790793809067,2,267008,120.0056313,train,completed/seed_1790793809067/final.xml
1176,1790793809068,2,263728,120.0060784,validation,completed/seed_1790793809068/final.xml
1177,1790793809069,2,267499,120.0052636,train,completed/seed_1790793809069/final.xml
1178,1790793809070,2,269070,120.0060423,train,completed/seed_1790793809070/final.xml
1179,1790793809071,2,267377,120.0054008,train,completed/seed_1790793809071/final.xml
1180,1790793809072,2,269109,120.0058813,train,completed/seed_1790793809072/final.xml
1181,1790793809073,2,265687,120.0064465,validation,completed/seed_1790793809073/final.xml
1182,1790793809074,2,265907,120.0048992,train,completed/seed_1790793809074/final.xml
1183,1790793809075,2,266259,120.0061058,validation,completed/seed_1790793809075/final.xml
1184,1790793809076,2,265245,120.0060304,validation,completed/seed_1790793809076/final.xml
1185,1790793809077,2,267832,120.0062895,validation,completed/seed_1790793809077/final.xml
1186,1790793809078,2,260400,120.0055311,train,completed/seed_1790793809078/final.xml
1187,1790793809079,2,261293,120.0062904,validation,completed/seed_1790793809079/final.xml
1188,1790793809080,2,248817,120.0067179,train,completed/seed_1790793809080/final.xml
1189,1790793809082,2,261339,120.003727,train,completed/seed_1790793809082/final.xml
1190,1790793809083,2,267567,120.0055048,train,completed/seed_1790793809083/final.xml
1191,1790793809084,2,263971,120.005919,train,completed/seed_1790793809084/final.xml
1192,1790793809086,2,266055,120.0053969,train,completed/seed_1790793809086/final.xml
1193,1790793809087,2,261882,120.0060403,train,completed/seed_1790793809087/final.xml
1194,1790793809089,2,267427,120.0061605,train,completed/seed_1790793809089/final.xml
1195,1790793809091,2,262023,120.00693,train,completed/seed_1790793809091/final.xml
1196,1790793809092,2,261997,120.0058783,train,completed/seed_1790793809092/final.xml
1197,1790793809093,2,265149,120.0047802,train,completed/seed_1790793809093/final.xml
1198,1790793809094,2,263180,120.0064506,train,completed/seed_1790793809094/final.xml
1199,1790793809095,2,265018,120.0059607,train,completed/seed_1790793809095/final.xml
1200,1790793809096,2,252014,120.0059919,train,completed/seed_1790793809096/final.xml
1201,1790793809097,2,266679,120.0059523,train,completed/seed_1790793809097/final.xml
1202,1790793809098,2,264116,120.0065136,train,completed/seed_1790793809098/final.xml
1203,1790793809099,2,264380,120.0059256,train,completed/seed_1790793809099/final.xml
1204,1790793809101,2,261202,120.0054265,train,completed/seed_1790793809101/final.xml
1205,1790793809102,2,257566,120.0038363,train,completed/seed_1790793809102/final.xml
1206,1790793809103,2,262202,120.0037318,train,completed/seed_1790793809103/final.xml
1207,1790793809104,2,264115,120.0038151,train,completed/seed_1790793809104/final.xml
1208,1790793809106,2,263418,120.0061444,train,completed/seed_1790793809106/final.xml
1209,1790793809107,2,261430,120.005406,validation,completed/seed_1790793809107/final.xml
1210,1790793809108,2,262287,120.0038532,train,completed/seed_1790793809108/final.xml
1211,1790793809109,2,262981,120.005828,train,completed/seed_1790793809109/final.xml
1212,1790793809110,2,268494,120.0066303,train,completed/seed_1790793809110/final.xml
1213,1790793809111,2,264590,120.0058527,train,completed/seed_1790793809111/final.xml
1214,1790793809113,2,255903,120.0065232,train,completed/seed_1790793809113/final.xml
1215,1790793809114,2,258090,120.0060452,validation,completed/seed_1790793809114/final.xml
1216,1790793809116,2,264389,120.0059116,train,completed/seed_1790793809116/final.xml
1217,1790793809117,2,265324,120.0056635,train,completed/seed_1790793809117/final.xml
1218,1790793809118,2,263134,120.0060639,train,completed/seed_1790793809118/final.xml
1219,1790793809120,2,260328,120.0065245,train,completed/seed_1790793809120/final.xml
1220,1790793809121,2,262021,120.00628,train,completed/seed_1790793809121/final.xml
1221,1790793809122,2,265063,120.0039673,train,completed/seed_1790793809122/final.xml
1222,1790793809123,2,264232,120.0043296,train,completed/seed_1790793809123/final.xml
1223,1790793809124,2,264970,120.0061632,train,completed/seed_1790793809124/final.xml
1224,1790793809128,2,263931,120.0058866,train,completed/seed_1790793809128/final.xml
1225,1790793809129,2,265972,120.0054623,train,completed/seed_1790793809129/final.xml
1226,1790793809131,2,266068,120.0062348,validation,completed/seed_1790793809131/final.xml
1227,1790793809132,2,238678,120.0059165,train,completed/seed_1790793809132/final.xml
1228,1790793809134,2,269865,120.0065693,validation,completed/seed_1790793809134/final.xml
1229,1790793809135,2,261915,120.0063497,train,completed/seed_1790793809135/final.xml
1230,1790793809136,2,262416,120.0064891,validation,completed/seed_1790793809136/final.xml
1231,1790793809138,2,261198,120.0068849,train,completed/seed_1790793809138/final.xml
1232,1790793809140,2,266390,120.0037115,train,completed/seed_1790793809140/final.xml
1233,1790793809141,2,269759,120.006163,train,completed/seed_1790793809141/final.xml
1234,1790793809142,2,260273,120.0060513,train,completed/seed_1790793809142/final.xml
1235,1790793809143,2,259752,120.0044386,train,completed/seed_1790793809143/final.xml
1236,1790793809144,2,265154,120.0059981,train,completed/seed_1790793809144/final.xml
1237,1790793809145,2,264329,120.0047634,train,completed/seed_1790793809145/final.xml
1238,1790793809146,2,266956,120.0054293,validation,completed/seed_1790793809146/final.xml
1239,1790793809147,2,264543,120.0061382,validation,completed/seed_1790793809147/final.xml
1240,1790793809148,2,267636,120.0055404,train,completed/seed_1790793809148/final.xml
1241,1790793809150,2,266184,120.0064199,train,completed/seed_1790793809150/final.xml
1242,1790793809151,2,264523,120.0037595,train,completed/seed_1790793809151/final.xml
1243,1790793809152,2,259494,120.0057507,train,completed/seed_1790793809152/final.xml
1244,1790793809153,2,267834,120.0053174,train,completed/seed_1790793809153/final.xml
1245,1790793809154,2,264544,120.0036278,train,completed/seed_1790793809154/final.xml
1246,1790793809155,2,255649,120.0058641,train,completed/seed_1790793809155/final.xml
1247,1790793809157,2,257937,120.0060349,train,completed/seed_1790793809157/final.xml
1248,1790793809158,2,267698,120.005878,validation,completed/seed_1790793809158/final.xml
1249,1790793809159,2,266544,120.0038165,validation,completed/seed_1790793809159/final.xml
1250,1790793809160,2,267669,120.0037785,validation,completed/seed_1790793809160/final.xml
1251,1790793809161,2,268331,120.0064113,train,completed/seed_1790793809161/final.xml
1252,1790793809162,2,263492,120.003465,train,completed/seed_1790793809162/final.xml
1253,1790793809163,2,264509,120.0058311,validation,completed/seed_1790793809163/final.xml
1254,1790793809164,2,264587,120.0057439,train,completed/seed_1790793809164/final.xml
1255,1790793809166,2,265132,120.0066603,train,completed/seed_1790793809166/final.xml
1256,1790793809168,2,260439,120.0058451,train,completed/seed_1790793809168/final.xml
1257,1790793809169,2,265238,120.0037986,validation,completed/seed_1790793809169/final.xml
1258,1790793809170,2,266690,120.0064295,train,completed/seed_1790793809170/final.xml
1259,1790793809171,2,265584,120.0063704,train,completed/seed_1790793809171/final.xml
1260,1790793809172,2,261213,120.005908,train,completed/seed_1790793809172/final.xml
1261,1790793809174,2,262715,120.0055868,train,completed/seed_1790793809174/final.xml
1262,1790793809175,2,263773,120.0061678,validation,completed/seed_1790793809175/final.xml
1263,1790793809176,2,262332,120.0044168,train,completed/seed_1790793809176/final.xml
1264,1790793809177,2,262538,120.0056695,validation,completed/seed_1790793809177/final.xml
1265,1790793809179,2,259251,120.005954,train,completed/seed_1790793809179/final.xml
1266,1790793809180,2,257136,120.0046112,train,completed/seed_1790793809180/final.xml
1267,1790793809181,2,262988,120.0042044,train,completed/seed_1790793809181/final.xml
1268,1790793809182,2,263441,120.0042399,train,completed/seed_1790793809182/final.xml
1269,1790793809183,2,264997,120.0059926,train,completed/seed_1790793809183/final.xml
1270,1790793809185,2,264394,120.0062846,train,completed/seed_1790793809185/final.xml
1271,1790793809188,2,257040,120.0065644,train,completed/seed_1790793809188/final.xml
1272,1790793809189,2,266732,120.005959,train,completed/seed_1790793809189/final.xml
1273,1790793809190,2,264475,120.0057669,train,completed/seed_1790793809190/final.xml
1274,1790793809191,2,265129,120.0056274,train,completed/seed_1790793809191/final.xml
1275,1790793809192,2,248969,120.0065758,validation,completed/seed_1790793809192/final.xml
1276,1790793809196,2,253189,120.0054746,train,completed/seed_1790793809196/final.xml
1277,1790793809197,2,272261,120.0057898,train,completed/seed_1790793809197/final.xml
1278,1790793809199,2,266243,120.0061716,train,completed/seed_1790793809199/final.xml
1279,1790793809200,2,263835,120.0067536,train,completed/seed_1790793809200/final.xml
1280,1790793809201,2,256716,120.0056079,train,completed/seed_1790793809201/final.xml
1281,1790793809202,2,272695,120.0057908,train,completed/seed_1790793809202/final.xml
1282,1790793809203,2,265516,120.0053485,train,completed/seed_1790793809203/final.xml
1283,1790793809204,2,267403,120.0051703,train,completed/seed_1790793809204/final.xml
1284,1790793809205,2,269547,120.0063263,validation,completed/seed_1790793809205/final.xml
1285,1790793809206,2,251359,120.0050283,validation,completed/seed_1790793809206/final.xml
1286,1790793809207,2,260780,120.0062117,train,completed/seed_1790793809207/final.xml
1287,1790793809209,2,266740,120.0042037,train,completed/seed_1790793809209/final.xml
1288,1790793809212,2,258770,120.0060609,train,completed/seed_1790793809212/final.xml
1289,1790793809213,2,252339,120.0057611,train,completed/seed_1790793809213/final.xml
1290,1790793809214,2,260963,120.0057625,validation,completed/seed_1790793809214/final.xml
1291,1790793809215,2,270432,120.0053764,train,completed/seed_1790793809215/final.xml
1292,1790793809216,2,263897,120.0058743,train,completed/seed_1790793809216/final.xml
1293,1790793809217,2,263908,120.0056901,train,completed/seed_1790793809217/final.xml
1294,1790793809218,2,264245,120.0063733,validation,completed/seed_1790793809218/final.xml
1295,1790793809220,2,255331,120.0062434,train,completed/seed_1790793809220/final.xml
1296,1790793809221,2,262722,120.0065961,train,completed/seed_1790793809221/final.xml
1297,1790793809222,2,264939,120.0058242,train,completed/seed_1790793809222/final.xml
1298,1790793809223,2,257611,120.0060677,train,completed/seed_1790793809223/final.xml
1299,1790793809224,2,268054,120.0057919,train,completed/seed_1790793809224/final.xml
1300,1790793809225,2,262221,120.0060897,train,completed/seed_1790793809225/final.xml
1301,1790793809226,2,260598,120.0060045,train,completed/seed_1790793809226/final.xml
1302,1790793809227,2,266546,120.0060621,train,completed/seed_1790793809227/final.xml
1303,1790793809228,2,267415,120.0058402,train,completed/seed_1790793809228/final.xml
1304,1790793809229,2,236705,120.0038344,validation,completed/seed_1790793809229/final.xml
1305,1790793809230,2,265353,120.0057619,train,completed/seed_1790793809230/final.xml
1306,1790793809231,2,266785,120.0066678,train,completed/seed_1790793809231/final.xml
1307,1790793809232,2,265720,120.0062519,train,completed/seed_1790793809232/final.xml
1308,1790793809233,2,265374,120.0056704,train,completed/seed_1790793809233/final.xml
1309,1790793809234,2,263109,120.004343,train,completed/seed_1790793809234/final.xml
1310,1790793809235,2,266196,120.005532,train,completed/seed_1790793809235/final.xml
1311,1790793809236,2,236203,120.0059389,train,completed/seed_1790793809236/final.xml
1312,1790793809237,2,249225,120.0054587,train,completed/seed_1790793809237/final.xml
1313,1790793809238,2,262131,120.0051175,train,completed/seed_1790793809238/final.xml
1314,1790793809239,2,265892,120.0045905,validation,completed/seed_1790793809239/final.xml
1315,1790793809241,2,267680,120.0055767,train,completed/seed_1790793809241/final.xml
1316,1790793809243,2,261343,120.0063063,train,completed/seed_1790793809243/final.xml
1317,1790793809244,2,260990,120.004025,train,completed/seed_1790793809244/final.xml
1318,1790793809245,2,260850,120.006284,train,completed/seed_1790793809245/final.xml
1319,1790793809246,2,260233,120.0036826,train,completed/seed_1790793809246/final.xml
1320,1790793809247,2,261174,120.0059282,train,completed/seed_1790793809247/final.xml
1321,1790793809248,2,262082,120.0055596,train,completed/seed_1790793809248/final.xml
1322,1790793809249,2,263308,120.0058443,train,completed/seed_1790793809249/final.xml
1323,1790793809250,2,262153,120.0061649,validation,completed/seed_1790793809250/final.xml
1324,1790793809251,2,257255,120.0060611,train,completed/seed_1790793809251/final.xml
1325,1790793809252,2,265011,120.0056253,train,completed/seed_1790793809252/final.xml
1326,1790793809253,2,261173,120.0063812,train,completed/seed_1790793809253/final.xml
1327,1790793809254,2,265093,120.006093,train,completed/seed_1790793809254/final.xml
1328,1790793809255,2,264495,120.0060997,train,completed/seed_1790793809255/final.xml
1329,1790793809256,2,262376,120.0052808,train,completed/seed_1790793809256/final.xml
1330,1790793809257,2,263689,120.0037913,train,completed/seed_1790793809257/final.xml
1331,1790793809258,2,265132,120.005461,train,completed/seed_1790793809258/final.xml
1332,1790793809259,2,246335,120.0061908,train,completed/seed_1790793809259/final.xml
1333,1790793809263,2,267206,120.0062684,validation,completed/seed_1790793809263/final.xml
1334,1790793809264,2,264044,120.005304,train,completed/seed_1790793809264/final.xml
1335,1790793809266,2,260445,120.0062889,train,completed/seed_1790793809266/final.xml
1336,1790793809267,2,263603,120.006477,train,completed/seed_1790793809267/final.xml
1337,1790793809268,2,260897,120.0042788,train,completed/seed_1790793809268/final.xml
1338,1790793809269,2,262570,120.0047154,train,completed/seed_1790793809269/final.xml
1339,1790793809270,2,265735,120.0059957,train,completed/seed_1790793809270/final.xml
1340,1790793809271,2,262962,120.0058926,train,completed/seed_1790793809271/final.xml
1341,1790793809273,2,260986,120.0049583,train,completed/seed_1790793809273/final.xml
1342,1790793809274,2,258901,120.0064602,train,completed/seed_1790793809274/final.xml
1343,1790793809275,2,261427,120.0055783,train,completed/seed_1790793809275/final.xml
1344,1790793809277,2,261122,120.0058432,train,completed/seed_1790793809277/final.xml
1345,1790793809278,2,262801,120.006173,train,completed/seed_1790793809278/final.xml
1346,1790793809279,2,266202,120.0060704,train,completed/seed_1790793809279/final.xml
1347,1790793809280,2,265034,120.0059405,train,completed/seed_1790793809280/final.xml
1348,1790793809281,2,265588,120.0065007,train,completed/seed_1790793809281/final.xml
1349,1790793809282,2,262357,120.0046603,validation,completed/seed_1790793809282/final.xml
1350,1790793809283,2,252085,120.0063611,train,completed/seed_1790793809283/final.xml
1351,1790793809284,2,264537,120.0063412,train,completed/seed_1790793809284/final.xml
1352,1790793809285,2,249635,120.005398,train,completed/seed_1790793809285/final.xml
1353,1790793809286,2,264050,120.0058915,train,completed/seed_1790793809286/final.xml
1354,1790793809287,2,264026,120.0052088,train,completed/seed_1790793809287/final.xml
1355,1790793809288,2,261935,120.00594,train,completed/seed_1790793809288/final.xml
1356,1790793809289,2,259143,120.0057772,train,completed/seed_1790793809289/final.xml
1357,1790793809290,2,261397,120.0038809,train,completed/seed_1790793809290/final.xml
1358,1790793809291,2,259492,120.0062573,train,completed/seed_1790793809291/final.xml
1359,1790793809292,2,265495,120.0055068,train,completed/seed_1790793809292/final.xml
1360,1790793809293,2,261268,120.0057221,train,completed/seed_1790793809293/final.xml
1361,1790793809294,2,264410,120.0062389,train,completed/seed_1790793809294/final.xml
1362,1790793809295,2,266378,120.0050504,train,completed/seed_1790793809295/final.xml
1363,1790793809296,2,254341,120.0062504,validation,completed/seed_1790793809296/final.xml
1364,1790793809297,2,247113,120.0062344,train,completed/seed_1790793809297/final.xml
1365,1790793809298,2,261958,120.0057075,train,completed/seed_1790793809298/final.xml
1366,1790793809299,2,261727,120.0054764,train,completed/seed_1790793809299/final.xml
1367,1790793809300,2,254951,120.0054831,train,completed/seed_1790793809300/final.xml
1368,1790793809303,2,267636,120.0058754,train,completed/seed_1790793809303/final.xml
1369,1790793809305,2,250999,120.0057724,train,completed/seed_1790793809305/final.xml
1370,1790793809306,2,266350,120.0058828,train,completed/seed_1790793809306/final.xml
1371,1790793809308,2,257249,120.0060015,train,completed/seed_1790793809308/final.xml
1372,1790793809310,2,265495,120.0060003,train,completed/seed_1790793809310/final.xml
1373,1790793809311,2,263566,120.0061206,train,completed/seed_1790793809311/final.xml
1374,1790793809312,2,259709,120.006272,train,completed/seed_1790793809312/final.xml
1375,1790793809314,2,266617,120.0065323,validation,completed/seed_1790793809314/final.xml
1376,1790793809315,2,262892,120.0063617,train,completed/seed_1790793809315/final.xml
1377,1790793809316,2,264774,120.0054379,train,completed/seed_1790793809316/final.xml
1378,1790793809317,2,249670,120.0052178,validation,completed/seed_1790793809317/final.xml
1379,1790793809319,2,257977,120.0080307,train,completed/seed_1790793809319/final.xml
1380,1790793809320,2,262367,120.003766,train,completed/seed_1790793809320/final.xml
1381,1790793809321,2,261064,120.0059415,train,completed/seed_1790793809321/final.xml
1382,1790793809322,2,260947,120.0063594,validation,completed/seed_1790793809322/final.xml
1383,1790793809323,2,261389,120.0055195,train,completed/seed_1790793809323/final.xml
1384,1790793809324,2,263394,120.0064323,train,completed/seed_1790793809324/final.xml
1385,1790793809325,2,265336,120.00547,train,completed/seed_1790793809325/final.xml
1386,1790793809327,2,264435,120.0065581,train,completed/seed_1790793809327/final.xml
1387,1790793809328,2,256862,120.00634,train,completed/seed_1790793809328/final.xml
1388,1790793809329,2,260288,120.0061822,train,completed/seed_1790793809329/final.xml
1389,1790793809333,2,263612,120.0057438,train,completed/seed_1790793809333/final.xml
1390,1790793809334,2,258614,120.0053885,train,completed/seed_1790793809334/final.xml
1391,1790793809335,2,261629,120.0036085,train,completed/seed_1790793809335/final.xml
1392,1790793809336,2,261387,120.0058525,train,completed/seed_1790793809336/final.xml
1393,1790793809338,2,266610,120.0059524,train,completed/seed_1790793809338/final.xml
1394,1790793809339,2,262519,120.005929,train,completed/seed_1790793809339/final.xml
1395,1790793809340,2,262069,120.0061618,train,completed/seed_1790793809340/final.xml
1396,1790793809341,2,264441,120.0065014,train,completed/seed_1790793809341/final.xml
1397,1790793809342,2,263517,120.0054635,train,completed/seed_1790793809342/final.xml
1398,1790793809343,2,259651,120.0058795,train,completed/seed_1790793809343/final.xml
1399,1790793809344,2,257129,120.0057167,train,completed/seed_1790793809344/final.xml
1400,1790793809346,2,263330,120.0061704,train,completed/seed_1790793809346/final.xml
1401,1790793809347,2,258945,120.0060879,train,completed/seed_1790793809347/final.xml
1402,1790793809348,2,262624,120.0057898,train,completed/seed_1790793809348/final.xml
1403,1790793809349,2,259450,120.0135342,train,completed/seed_1790793809349/final.xml
1404,1790793809350,2,262033,120.0060768,train,completed/seed_1790793809350/final.xml
1405,1790793809351,2,258546,120.0059708,validation,completed/seed_1790793809351/final.xml
1406,1790793809353,2,230768,120.0063746,train,completed/seed_1790793809353/final.xml
1407,1790793809354,2,258817,120.0042818,validation,completed/seed_1790793809354/final.xml
1408,1790793809355,2,264659,120.0058405,train,completed/seed_1790793809355/final.xml
1409,1790793809356,2,259768,120.0044359,train,completed/seed_1790793809356/final.xml
1410,1790793809358,2,262072,120.0063907,train,completed/seed_1790793809358/final.xml
1411,1790793809359,2,260667,120.0058156,train,completed/seed_1790793809359/final.xml
1412,1790793809360,2,257790,120.0061301,validation,completed/seed_1790793809360/final.xml
1413,1790793809361,2,260213,120.006383,validation,completed/seed_1790793809361/final.xml
1414,1790793809363,2,259925,120.0060316,validation,completed/seed_1790793809363/final.xml
1415,1790793809364,2,259800,120.0062917,train,completed/seed_1790793809364/final.xml
1416,1790793809365,2,261597,120.006328,train,completed/seed_1790793809365/final.xml
1417,1790793809366,2,262840,120.0059183,train,completed/seed_1790793809366/final.xml
1418,1790793809367,2,259881,120.0060402,train,completed/seed_1790793809367/final.xml
1419,1790793809368,2,259386,120.0063719,train,completed/seed_1790793809368/final.xml
1420,1790793809369,2,262087,120.0046141,train,completed/seed_1790793809369/final.xml
1421,1790793809370,2,259746,120.0054893,train,completed/seed_1790793809370/final.xml
1422,1790793809372,2,262182,120.005875,train,completed/seed_1790793809372/final.xml
1423,1790793809373,2,263704,120.0063099,train,completed/seed_1790793809373/final.xml
1424,1790793809374,2,262685,120.0053752,validation,completed/seed_1790793809374/final.xml
1425,1790793809375,2,263033,120.0063034,train,completed/seed_1790793809375/final.xml
1426,1790793809376,2,264945,120.0058866,validation,completed/seed_1790793809376/final.xml
1427,1790793809377,2,267659,120.0056333,train,completed/seed_1790793809377/final.xml
1428,1790793809380,2,260460,120.0060489,train,completed/seed_1790793809380/final.xml
1429,1790793809381,2,262972,120.0054706,validation,completed/seed_1790793809381/final.xml
1430,1790793809382,2,260904,120.004135,train,completed/seed_1790793809382/final.xml
1431,1790793809383,2,260484,120.0063727,train,completed/seed_1790793809383/final.xml
1432,1790793809384,2,264624,120.0057934,validation,completed/seed_1790793809384/final.xml
1433,1790793809385,2,262017,120.0060432,train,completed/seed_1790793809385/final.xml
1434,1790793809386,2,259834,120.0037053,validation,completed/seed_1790793809386/final.xml
1435,1790793809387,2,263871,120.0055916,train,completed/seed_1790793809387/final.xml
1436,1790793809388,2,250934,120.0037439,train,completed/seed_1790793809388/final.xml
1437,1790793809390,2,262103,120.004984,validation,completed/seed_1790793809390/final.xml
1438,1790793809391,2,262133,120.0058626,train,completed/seed_1790793809391/final.xml
1439,1790793809392,2,262910,120.0071529,train,completed/seed_1790793809392/final.xml
1440,1790793809393,2,259899,120.0058439,validation,completed/seed_1790793809393/final.xml
1441,1790793809394,2,262197,120.0048761,train,completed/seed_1790793809394/final.xml
1442,1790793809395,2,262929,120.0060189,validation,completed/seed_1790793809395/final.xml
1443,1790793809396,2,257951,120.005735,train,completed/seed_1790793809396/final.xml
1444,1790793809398,2,263428,120.0044114,train,completed/seed_1790793809398/final.xml
1445,1790793809399,2,264774,120.0061747,train,completed/seed_1790793809399/final.xml
1446,1790793809400,2,247799,120.0048957,train,completed/seed_1790793809400/final.xml
1447,1790793809401,2,259182,120.0061097,validation,completed/seed_1790793809401/final.xml
1448,1790793809402,2,246847,120.0059809,validation,completed/seed_1790793809402/final.xml
1449,1790793809403,2,261128,120.0047752,train,completed/seed_1790793809403/final.xml
1450,1790793809404,2,261752,120.0060324,validation,completed/seed_1790793809404/final.xml
1451,1790793809406,2,260413,120.0056414,train,completed/seed_1790793809406/final.xml
1452,1790793809407,2,265600,120.0058517,validation,completed/seed_1790793809407/final.xml
1453,1790793809408,2,259128,120.0059767,train,completed/seed_1790793809408/final.xml
1454,1790793809410,2,256208,120.0057625,train,completed/seed_1790793809410/final.xml
1455,1790793809413,2,260115,120.0061097,train,completed/seed_1790793809413/final.xml
1456,1790793809415,2,255302,120.006481,validation,completed/seed_1790793809415/final.xml
1457,1790793809416,2,259764,120.0048462,validation,completed/seed_1790793809416/final.xml
1458,1790793809417,2,260341,120.0068535,train,completed/seed_1790793809417/final.xml
1459,1790793809420,2,261393,120.0067795,train,completed/seed_1790793809420/final.xml
1460,1790793809421,2,260073,120.0064517,train,completed/seed_1790793809421/final.xml
1461,1790793809422,2,262288,120.0041202,train,completed/seed_1790793809422/final.xml
1462,1790793809423,2,245682,120.0064781,train,completed/seed_1790793809423/final.xml
1463,1790793809424,2,259196,120.0046932,validation,completed/seed_1790793809424/final.xml
1464,1790793809425,2,266182,120.0059875,train,completed/seed_1790793809425/final.xml
1465,1790793809426,2,257107,120.0059678,train,completed/seed_1790793809426/final.xml
1466,1790793809427,2,245388,120.0066609,validation,completed/seed_1790793809427/final.xml
1467,1790793809428,2,254029,120.0066391,train,completed/seed_1790793809428/final.xml
1468,1790793809429,2,261724,120.0060133,train,completed/seed_1790793809429/final.xml
1469,1790793809430,2,259054,120.0041028,validation,completed/seed_1790793809430/final.xml
1470,1790793809431,2,255566,120.0064131,train,completed/seed_1790793809431/final.xml
1471,1790793809432,2,260849,120.0064746,train,completed/seed_1790793809432/final.xml
1472,1790793809433,2,258221,120.0043146,validation,completed/seed_1790793809433/final.xml
1473,1790793809434,2,259052,120.0065713,train,completed/seed_1790793809434/final.xml
1474,1790793809435,2,260127,120.0062404,train,completed/seed_1790793809435/final.xml
1475,1790793809436,2,261940,120.0061723,train,completed/seed_1790793809436/final.xml
1476,1790793809438,2,262977,120.0059483,validation,completed/seed_1790793809438/final.xml
1477,1790793809439,2,262402,120.0058689,validation,completed/seed_1790793809439/final.xml
1478,1790793809443,2,244362,120.0047117,validation,completed/seed_1790793809443/final.xml
1479,1790793809444,2,256157,120.0059811,validation,completed/seed_1790793809444/final.xml
1480,1790793809445,2,259132,120.0038895,train,completed/seed_1790793809445/final.xml
1481,1790793809446,2,257928,120.0059906,validation,completed/seed_1790793809446/final.xml
1482,1790793809448,2,264435,120.0061805,train,completed/seed_1790793809448/final.xml
1483,1790793809449,2,255903,120.0049494,train,completed/seed_1790793809449/final.xml
1484,1790793809450,2,259052,120.005924,validation,completed/seed_1790793809450/final.xml
1485,1790793809452,2,261034,120.0041684,train,completed/seed_1790793809452/final.xml
1486,1790793809454,2,266529,120.0056072,train,completed/seed_1790793809454/final.xml
1487,1790793809456,2,245737,120.0061285,train,completed/seed_1790793809456/final.xml
1488,1790793809457,2,261231,120.0083105,validation,completed/seed_1790793809457/final.xml
1489,1790793809458,2,264981,120.006077,train,completed/seed_1790793809458/final.xml
1490,1790793809459,2,267591,120.0060931,train,completed/seed_1790793809459/final.xml
1491,1790793809460,2,263004,120.0053513,train,completed/seed_1790793809460/final.xml
1492,1790793809463,2,258473,120.0039824,train,completed/seed_1790793809463/final.xml
1493,1790793809465,2,257282,120.0059044,validation,completed/seed_1790793809465/final.xml
1494,1790793809466,2,260778,120.005903,train,completed/seed_1790793809466/final.xml
1495,1790793809467,2,263024,120.0060346,validation,completed/seed_1790793809467/final.xml
1496,1790793809468,2,256888,120.0058379,train,completed/seed_1790793809468/final.xml
1497,1790793809469,2,257067,120.0039825,train,completed/seed_1790793809469/final.xml
1498,1790793809470,2,260899,120.0067026,train,completed/seed_1790793809470/final.xml
1499,1790793809471,2,257465,120.0060521,train,completed/seed_1790793809471/final.xml
1500,1790793809472,2,245160,120.00596,validation,completed/seed_1790793809472/final.xml
1501,1790793809474,2,263589,120.0059572,train,completed/seed_1790793809474/final.xml
1502,1790793809476,2,251436,120.0063756,train,completed/seed_1790793809476/final.xml
1503,1790793809477,2,253617,120.0058852,validation,completed/seed_1790793809477/final.xml
1504,1790793809478,2,258832,120.0049048,train,completed/seed_1790793809478/final.xml
1505,1790793809479,2,261566,120.0050473,train,completed/seed_1790793809479/final.xml
1506,1790793809480,2,260712,120.0061907,train,completed/seed_1790793809480/final.xml
1507,1790793809481,2,263544,120.0060407,validation,completed/seed_1790793809481/final.xml
1508,1790793809482,2,266902,120.0058801,train,completed/seed_1790793809482/final.xml
1509,1790793809483,2,260004,120.0061302,train,completed/seed_1790793809483/final.xml
1510,1790793809484,2,260938,120.0060712,train,completed/seed_1790793809484/final.xml
1511,1790793809485,2,254637,120.0048508,train,completed/seed_1790793809485/final.xml
1512,1790793809486,2,263496,120.005909,train,completed/seed_1790793809486/final.xml
1513,1790793809489,2,259656,120.0056575,train,completed/seed_1790793809489/final.xml
1514,1790793809490,2,260535,120.0061317,train,completed/seed_1790793809490/final.xml
1515,1790793809491,2,259660,120.0060827,train,completed/seed_1790793809491/final.xml
1516,1790793809492,2,257086,120.0059221,train,completed/seed_1790793809492/final.xml
1517,1790793809493,2,263862,120.0057341,validation,completed/seed_1790793809493/final.xml
1518,1790793809496,2,259118,120.0058968,validation,completed/seed_1790793809496/final.xml
1519,1790793809497,2,262522,120.0060102,train,completed/seed_1790793809497/final.xml
1520,1790793809499,2,260983,120.0057051,validation,completed/seed_1790793809499/final.xml
1521,1790793809500,2,262801,120.005327,train,completed/seed_1790793809500/final.xml
1522,1790793809501,2,261789,120.0058713,train,completed/seed_1790793809501/final.xml
1523,1790793809502,2,247108,120.0057406,train,completed/seed_1790793809502/final.xml
1524,1790793809503,2,261788,120.0058346,train,completed/seed_1790793809503/final.xml
1525,1790793809504,2,264294,120.0050282,train,completed/seed_1790793809504/final.xml
1526,1790793809506,2,259697,120.0061007,train,completed/seed_1790793809506/final.xml
1527,1790793809507,2,259986,120.0059566,validation,completed/seed_1790793809507/final.xml
1528,1790793809508,2,255816,120.0055562,train,completed/seed_1790793809508/final.xml
1529,1790793809509,2,257901,120.0060115,train,completed/seed_1790793809509/final.xml
1530,1790793809510,2,250042,120.0038162,train,completed/seed_1790793809510/final.xml
1531,1790793809511,2,261218,120.0061418,train,completed/seed_1790793809511/final.xml
1532,1790793809512,2,257860,120.0057928,train,completed/seed_1790793809512/final.xml
1533,1790793809513,2,263532,120.0057506,train,completed/seed_1790793809513/final.xml
1534,1790793809514,2,261587,120.0056903,train,completed/seed_1790793809514/final.xml
1535,1790793809515,2,258957,120.005337,train,completed/seed_1790793809515/final.xml
1536,1790793809516,2,263838,120.0059545,validation,completed/seed_1790793809516/final.xml
1537,1790793809517,2,247079,120.0060837,validation,completed/seed_1790793809517/final.xml
1538,1790793809518,2,259802,120.0061181,train,completed/seed_1790793809518/final.xml
1539,1790793809519,2,263711,120.0064098,validation,completed/seed_1790793809519/final.xml
1540,1790793809522,2,244189,120.0062278,train,completed/seed_1790793809522/final.xml
1541,1790793809523,2,261128,120.0058155,validation,completed/seed_1790793809523/final.xml
1542,1790793809525,2,261452,120.0064613,train,completed/seed_1790793809525/final.xml
1543,1790793809526,2,259003,120.0065786,train,completed/seed_1790793809526/final.xml
1544,1790793809528,2,259971,120.0057044,train,completed/seed_1790793809528/final.xml
1545,1790793809530,2,249953,120.0063997,train,completed/seed_1790793809530/final.xml
1546,1790793809532,2,246023,120.0065007,train,completed/seed_1790793809532/final.xml
1547,1790793809533,2,251253,120.0055501,train,completed/seed_1790793809533/final.xml
1548,1790793809535,2,256143,120.0058313,validation,completed/seed_1790793809535/final.xml
1549,1790793809536,2,252676,120.0052907,train,completed/seed_1790793809536/final.xml
1550,1790793809537,2,253087,120.0061211,train,completed/seed_1790793809537/final.xml
1551,1790793809538,2,248766,120.0060143,train,completed/seed_1790793809538/final.xml
1552,1790793809540,2,253785,120.0061869,validation,completed/seed_1790793809540/final.xml
1553,1790793809541,2,250054,120.005775,train,completed/seed_1790793809541/final.xml
1554,1790793809542,2,243255,120.0037778,train,completed/seed_1790793809542/final.xml
1555,1790793809544,2,255429,120.0059892,train,completed/seed_1790793809544/final.xml
1556,1790793809545,2,266255,120.0043871,train,completed/seed_1790793809545/final.xml
1557,1790793809546,2,260993,120.0059565,validation,completed/seed_1790793809546/final.xml
1558,1790793809547,2,246785,120.0059688,train,completed/seed_1790793809547/final.xml
1559,1790793809550,2,261493,120.0062943,train,completed/seed_1790793809550/final.xml
1560,1790793809551,2,258830,120.0066925,train,completed/seed_1790793809551/final.xml
1561,1790793809552,2,259806,120.0060218,train,completed/seed_1790793809552/final.xml
1562,1790793809553,2,261532,120.0059357,train,completed/seed_1790793809553/final.xml
1563,1790793809555,2,247458,120.0057897,validation,completed/seed_1790793809555/final.xml
1564,1790793809557,2,261776,120.0065991,train,completed/seed_1790793809557/final.xml
1565,1790793809558,2,257357,120.0059099,train,completed/seed_1790793809558/final.xml
1566,1790793809559,2,262006,120.0066983,train,completed/seed_1790793809559/final.xml
1567,1790793809560,2,259065,120.0061066,train,completed/seed_1790793809560/final.xml
1568,1790793809561,2,259709,120.0062222,validation,completed/seed_1790793809561/final.xml
1569,1790793809562,2,258458,120.0056095,train,completed/seed_1790793809562/final.xml
1570,1790793809564,2,248867,120.0060446,train,completed/seed_1790793809564/final.xml
1571,1790793809565,2,261832,120.0058349,validation,completed/seed_1790793809565/final.xml
1572,1790793809566,2,259518,120.0061212,train,completed/seed_1790793809566/final.xml
1573,1790793809567,2,244196,120.0060217,train,completed/seed_1790793809567/final.xml
1574,1790793809568,2,259022,120.0059169,train,completed/seed_1790793809568/final.xml
1575,1790793809569,2,254772,120.0040619,train,completed/seed_1790793809569/final.xml
1576,1790793809570,2,245272,120.005279,validation,completed/seed_1790793809570/final.xml
1577,1790793809571,2,266111,120.0044352,train,completed/seed_1790793809571/final.xml
1578,1790793809572,2,243683,120.0062585,train,completed/seed_1790793809572/final.xml
1579,1790793809573,2,261901,120.0064746,train,completed/seed_1790793809573/final.xml
1580,1790793809574,2,261946,120.0061074,train,completed/seed_1790793809574/final.xml
1581,1790793809575,2,259104,120.0051779,train,completed/seed_1790793809575/final.xml
1582,1790793809576,2,261806,120.006135,validation,completed/seed_1790793809576/final.xml
1583,1790793809579,2,257426,120.0051095,train,completed/seed_1790793809579/final.xml
1584,1790793809580,2,258898,120.0044555,train,completed/seed_1790793809580/final.xml
1585,1790793809582,2,259830,120.0051958,train,completed/seed_1790793809582/final.xml
1586,1790793809583,2,257016,120.0061795,validation,completed/seed_1790793809583/final.xml
1587,1790793809584,2,255818,120.0039695,train,completed/seed_1790793809584/final.xml
1588,1790793809585,2,262342,120.0043461,train,completed/seed_1790793809585/final.xml
1589,1790793809586,2,257019,120.0056389,train,completed/seed_1790793809586/final.xml
1590,1790793809587,2,256906,120.0059773,train,completed/seed_1790793809587/final.xml
1591,1790793809588,2,257641,120.0056648,train,completed/seed_1790793809588/final.xml
1592,1790793809590,2,258168,120.006064,train,completed/seed_1790793809590/final.xml
1593,1790793809591,2,256509,120.0056258,train,completed/seed_1790793809591/final.xml
1594,1790793809592,2,258602,120.0064925,train,completed/seed_1790793809592/final.xml
1595,1790793809593,2,256655,120.0044031,validation,completed/seed_1790793809593/final.xml
1596,1790793809594,2,246127,120.0041473,train,completed/seed_1790793809594/final.xml
1597,1790793809595,2,258277,120.005577,train,completed/seed_1790793809595/final.xml
1598,1790793809596,2,263807,120.0063097,train,completed/seed_1790793809596/final.xml
1599,1790793809597,2,257956,120.0061424,train,completed/seed_1790793809597/final.xml
1600,1790793809598,2,258762,120.0054188,train,completed/seed_1790793809598/final.xml
1601,1790793809600,2,259135,120.0056463,validation,completed/seed_1790793809600/final.xml
1602,1790793809601,2,260268,120.006452,train,completed/seed_1790793809601/final.xml
1603,1790793809602,2,258075,120.0042531,train,completed/seed_1790793809602/final.xml
1604,1790793809603,2,260822,120.0063818,train,completed/seed_1790793809603/final.xml
1605,1790793809604,2,265230,120.006241,validation,completed/seed_1790793809604/final.xml
1606,1790793809605,2,244348,120.0065934,train,completed/seed_1790793809605/final.xml
1607,1790793809606,2,265291,120.0056904,train,completed/seed_1790793809606/final.xml
1608,1790793809607,2,257762,120.0058759,train,completed/seed_1790793809607/final.xml
1609,1790793809608,2,253825,120.0048444,train,completed/seed_1790793809608/final.xml
1610,1790793809610,2,261848,120.0052669,train,completed/seed_1790793809610/final.xml
1611,1790793809611,2,253018,120.0059872,train,completed/seed_1790793809611/final.xml
1612,1790793809612,2,255799,120.0038284,train,completed/seed_1790793809612/final.xml
1613,1790793809613,2,261900,120.0058675,validation,completed/seed_1790793809613/final.xml
1614,1790793809614,2,259991,120.006365,train,completed/seed_1790793809614/final.xml
1615,1790793809615,2,261158,120.0065208,train,completed/seed_1790793809615/final.xml
1616,1790793809616,2,253618,120.006533,validation,completed/seed_1790793809616/final.xml
1617,1790793809617,2,260224,120.0035464,train,completed/seed_1790793809617/final.xml
1618,1790793809619,2,255884,120.0040586,train,completed/seed_1790793809619/final.xml
1619,1790793809620,2,246435,120.0054334,train,completed/seed_1790793809620/final.xml
1620,1790793809621,2,256946,120.0069511,train,completed/seed_1790793809621/final.xml
1621,1790793809623,2,261041,120.0065011,train,completed/seed_1790793809623/final.xml
1622,1790793809624,2,261386,120.0066383,train,completed/seed_1790793809624/final.xml
1623,1790793809625,2,259942,120.0039112,validation,completed/seed_1790793809625/final.xml
1624,1790793809626,2,260099,120.0061952,train,completed/seed_1790793809626/final.xml
1625,1790793809627,2,257387,120.0043959,train,completed/seed_1790793809627/final.xml
1626,1790793809628,2,254559,120.0060643,train,completed/seed_1790793809628/final.xml
1627,1790793809630,2,250339,120.0039716,train,completed/seed_1790793809630/final.xml
1628,1790793809631,2,254836,120.0062715,validation,completed/seed_1790793809631/final.xml
1629,1790793809632,2,249498,120.0060067,train,completed/seed_1790793809632/final.xml
1630,1790793809633,2,256621,120.0062989,train,completed/seed_1790793809633/final.xml
1631,1790793809634,2,259979,120.0065529,train,completed/seed_1790793809634/final.xml
1632,1790793809635,2,253186,120.0063898,validation,completed/seed_1790793809635/final.xml
1633,1790793809636,2,253891,120.006021,validation,completed/seed_1790793809636/final.xml
1634,1790793809637,2,255090,120.0059563,train,completed/seed_1790793809637/final.xml
1635,1790793809638,2,256033,120.0063924,train,completed/seed_1790793809638/final.xml
1636,1790793809639,2,254675,120.0060944,validation,completed/seed_1790793809639/final.xml
1637,1790793809640,2,259435,120.0059654,train,completed/seed_1790793809640/final.xml
1638,1790793809641,2,255167,120.0040539,validation,completed/seed_1790793809641/final.xml
1639,1790793809642,2,254892,120.0063828,validation,completed/seed_1790793809642/final.xml
1640,1790793809643,2,252728,120.0060346,train,completed/seed_1790793809643/final.xml
1641,1790793809644,2,255500,120.0059481,train,completed/seed_1790793809644/final.xml
1642,1790793809646,2,257800,120.0035334,validation,completed/seed_1790793809646/final.xml
1643,1790793809647,2,256121,120.0048541,validation,completed/seed_1790793809647/final.xml
1644,1790793809648,2,257702,120.0056988,train,completed/seed_1790793809648/final.xml
1645,1790793809651,2,239818,120.0060111,train,completed/seed_1790793809651/final.xml
1646,1790793809652,2,246342,120.0046044,train,completed/seed_1790793809652/final.xml
1647,1790793809656,2,260227,120.0040021,train,completed/seed_1790793809656/final.xml
1648,1790793809657,2,254675,120.0063855,train,completed/seed_1790793809657/final.xml
1649,1790793809659,2,228928,120.0054931,train,completed/seed_1790793809659/final.xml
1650,1790793809660,2,259609,120.0061591,train,completed/seed_1790793809660/final.xml
1651,1790793809661,2,259599,120.00603,train,completed/seed_1790793809661/final.xml
1652,1790793809662,2,258410,120.0039182,train,completed/seed_1790793809662/final.xml
1653,1790793809663,2,261680,120.0045712,train,completed/seed_1790793809663/final.xml
1654,1790793809664,2,260661,120.0056295,train,completed/seed_1790793809664/final.xml
1655,1790793809665,2,247701,120.0062822,train,completed/seed_1790793809665/final.xml
1656,1790793809667,2,261603,120.0061351,train,completed/seed_1790793809667/final.xml
1657,1790793809668,2,255854,120.0059729,train,completed/seed_1790793809668/final.xml
1658,1790793809669,2,255837,120.0060389,train,completed/seed_1790793809669/final.xml
1659,1790793809670,2,256486,120.0052017,train,completed/seed_1790793809670/final.xml
1660,1790793809671,2,258572,120.0058743,train,completed/seed_1790793809671/final.xml
1661,1790793809672,2,251580,120.0057379,train,completed/seed_1790793809672/final.xml
1662,1790793809673,2,259973,120.0053345,train,completed/seed_1790793809673/final.xml
1663,1790793809674,2,258256,120.0061341,train,completed/seed_1790793809674/final.xml
1664,1790793809675,2,253653,120.0043804,validation,completed/seed_1790793809675/final.xml
1665,1790793809676,2,259511,120.004058,train,completed/seed_1790793809676/final.xml
1666,1790793809677,2,256858,120.0058173,validation,completed/seed_1790793809677/final.xml
1667,1790793809678,2,254456,120.0049303,train,completed/seed_1790793809678/final.xml
1668,1790793809679,2,255586,120.0067071,train,completed/seed_1790793809679/final.xml
1669,1790793809680,2,258286,120.0060925,validation,completed/seed_1790793809680/final.xml
1670,1790793809681,2,258240,120.0055307,train,completed/seed_1790793809681/final.xml
1671,1790793809682,2,250512,120.0065571,train,completed/seed_1790793809682/final.xml
1672,1790793809683,2,258340,120.0059831,train,completed/seed_1790793809683/final.xml
1673,1790793809684,2,258638,120.0062422,train,completed/seed_1790793809684/final.xml
1674,1790793809685,2,256521,120.0040497,train,completed/seed_1790793809685/final.xml
1675,1790793809686,2,255858,120.0060444,train,completed/seed_1790793809686/final.xml
1676,1790793809687,2,256710,120.0059985,train,completed/seed_1790793809687/final.xml
1677,1790793809689,2,254943,120.0053582,train,completed/seed_1790793809689/final.xml
1678,1790793809690,2,256201,120.0055554,train,completed/seed_1790793809690/final.xml
1679,1790793809691,2,256094,120.0057104,validation,completed/seed_1790793809691/final.xml
1680,1790793809692,2,257804,120.0060154,train,completed/seed_1790793809692/final.xml
1681,1790793809693,2,262443,120.0060243,train,completed/seed_1790793809693/final.xml
1682,1790793809694,2,254689,120.0060191,train,completed/seed_1790793809694/final.xml
1683,1790793809696,2,259065,120.0056142,train,completed/seed_1790793809696/final.xml
1684,1790793809697,2,246690,120.0057009,train,completed/seed_1790793809697/final.xml
1685,1790793809698,2,257267,120.0061293,train,completed/seed_1790793809698/final.xml
1686,1790793809699,2,263921,120.0058989,train,completed/seed_1790793809699/final.xml
1687,1790793809700,2,256064,120.0063843,validation,completed/seed_1790793809700/final.xml
1688,1790793809702,2,242957,120.0050598,validation,completed/seed_1790793809702/final.xml
1689,1790793809703,2,255519,120.0062508,validation,completed/seed_1790793809703/final.xml
1690,1790793809704,2,257219,120.0049454,train,completed/seed_1790793809704/final.xml
1691,1790793809705,2,256096,120.0061054,train,completed/seed_1790793809705/final.xml
1692,1790793809706,2,255252,120.0059402,train,completed/seed_1790793809706/final.xml
1693,1790793809707,2,255905,120.0063609,train,completed/seed_1790793809707/final.xml
1694,1790793809708,2,256879,120.0062447,validation,completed/seed_1790793809708/final.xml
1695,1790793809709,2,259175,120.0064019,validation,completed/seed_1790793809709/final.xml
1696,1790793809711,2,261221,120.0043609,train,completed/seed_1790793809711/final.xml
1697,1790793809713,2,254141,120.0057097,validation,completed/seed_1790793809713/final.xml
1698,1790793809714,2,242909,120.0058143,train,completed/seed_1790793809714/final.xml
1699,1790793809715,2,258696,120.0053918,train,completed/seed_1790793809715/final.xml
1700,1790793809716,2,255096,120.0061363,train,completed/seed_1790793809716/final.xml
1701,1790793809717,2,256076,120.0060406,train,completed/seed_1790793809717/final.xml
1702,1790793809719,2,245467,120.005934,validation,completed/seed_1790793809719/final.xml
1703,1790793809720,2,257410,120.0036917,train,completed/seed_1790793809720/final.xml
1704,1790793809721,2,257681,120.0064897,train,completed/seed_1790793809721/final.xml
1705,1790793809722,2,256750,120.0055741,validation,completed/seed_1790793809722/final.xml
1706,1790793809723,2,260005,120.0059102,train,completed/seed_1790793809723/final.xml
1707,1790793809725,2,258130,120.0058071,train,completed/seed_1790793809725/final.xml
1708,1790793809726,2,259659,120.0057071,validation,completed/seed_1790793809726/final.xml
1709,1790793809727,2,241100,120.0055089,train,completed/seed_1790793809727/final.xml
1710,1790793809728,2,256937,120.0060052,validation,completed/seed_1790793809728/final.xml
1711,1790793809730,2,260081,120.0063846,train,completed/seed_1790793809730/final.xml
1712,1790793809732,2,256264,120.0063015,train,completed/seed_1790793809732/final.xml
1713,1790793809733,2,258594,120.0055333,train,completed/seed_1790793809733/final.xml
1714,1790793809734,2,255734,120.0053511,train,completed/seed_1790793809734/final.xml
1715,1790793809735,2,246340,120.0060811,train,completed/seed_1790793809735/final.xml
1716,1790793809737,2,254168,120.0066939,train,completed/seed_1790793809737/final.xml
1717,1790793809738,2,256062,120.0063725,train,completed/seed_1790793809738/final.xml
1718,1790793809739,2,256652,120.0061765,validation,completed/seed_1790793809739/final.xml
1719,1790793809740,2,253904,120.0061092,train,completed/seed_1790793809740/final.xml
1720,1790793809741,2,264276,120.0063745,train,completed/seed_1790793809741/final.xml
1721,1790793809742,2,255166,120.0059206,train,completed/seed_1790793809742/final.xml
1722,1790793809743,2,261350,120.0053943,train,completed/seed_1790793809743/final.xml
1723,1790793809744,2,257177,120.0062494,train,completed/seed_1790793809744/final.xml
1724,1790793809745,2,257934,120.0038816,train,completed/seed_1790793809745/final.xml
1725,1790793809746,2,253545,120.0064127,validation,completed/seed_1790793809746/final.xml
1726,1790793809747,2,253696,120.0063928,train,completed/seed_1790793809747/final.xml
1727,1790793809748,2,254804,120.0062062,train,completed/seed_1790793809748/final.xml
1728,1790793809749,2,255470,120.00576,validation,completed/seed_1790793809749/final.xml
1729,1790793809750,2,254234,120.0052445,train,completed/seed_1790793809750/final.xml
1730,1790793809751,2,254123,120.0061268,train,completed/seed_1790793809751/final.xml
1731,1790793809753,2,254716,120.0062163,train,completed/seed_1790793809753/final.xml
1732,1790793809754,2,259924,120.0060565,train,completed/seed_1790793809754/final.xml
1733,1790793809755,2,252901,120.0063451,train,completed/seed_1790793809755/final.xml
1734,1790793809756,2,255661,120.0061581,train,completed/seed_1790793809756/final.xml
1735,1790793809757,2,256230,120.0059552,validation,completed/seed_1790793809757/final.xml
1736,1790793809759,2,253056,120.0059349,validation,completed/seed_1790793809759/final.xml
1737,1790793809760,2,251832,120.006524,train,completed/seed_1790793809760/final.xml
1738,1790793809761,2,256876,120.0062635,train,completed/seed_1790793809761/final.xml
1739,1790793809762,2,251502,120.0050226,validation,completed/seed_1790793809762/final.xml
1740,1790793809764,2,258657,120.0065752,validation,completed/seed_1790793809764/final.xml
1741,1790793809765,2,259145,120.0057763,train,completed/seed_1790793809765/final.xml
1742,1790793809766,2,259756,120.0039497,train,completed/seed_1790793809766/final.xml
1743,1790793809767,2,259085,120.0059253,train,completed/seed_1790793809767/final.xml
1744,1790793809769,2,254256,120.0058254,train,completed/seed_1790793809769/final.xml
1745,1790793809770,2,256660,120.0054371,validation,completed/seed_1790793809770/final.xml
1746,1790793809771,2,253403,120.006249,train,completed/seed_1790793809771/final.xml
1747,1790793809773,2,253425,120.0044453,train,completed/seed_1790793809773/final.xml
1748,1790793809774,2,248688,120.0039928,train,completed/seed_1790793809774/final.xml
1749,1790793809775,2,256425,120.0062386,train,completed/seed_1790793809775/final.xml
1750,1790793809776,2,257901,120.005993,train,completed/seed_1790793809776/final.xml
1751,1790793809777,2,255219,120.0057137,train,completed/seed_1790793809777/final.xml
1752,1790793809778,2,257834,120.0059752,validation,completed/seed_1790793809778/final.xml
1753,1790793809779,2,252999,120.0060347,train,completed/seed_1790793809779/final.xml
1754,1790793809780,2,255254,120.0053755,validation,completed/seed_1790793809780/final.xml
1755,1790793809781,2,256748,120.0064118,train,completed/seed_1790793809781/final.xml
1756,1790793809783,2,253367,120.0065517,validation,completed/seed_1790793809783/final.xml
1757,1790793809784,2,256096,120.0061968,validation,completed/seed_1790793809784/final.xml
1758,1790793809788,2,252615,120.0048695,train,completed/seed_1790793809788/final.xml
1759,1790793809790,2,259478,120.0054826,train,completed/seed_1790793809790/final.xml
1760,1790793809791,2,254597,120.0060519,validation,completed/seed_1790793809791/final.xml
1761,1790793809793,2,254504,120.0042937,train,completed/seed_1790793809793/final.xml
1762,1790793809795,2,257548,120.0059853,validation,completed/seed_1790793809795/final.xml
1763,1790793809796,2,256616,120.0070382,train,completed/seed_1790793809796/final.xml
1764,1790793809797,2,260289,120.0063085,train,completed/seed_1790793809797/final.xml
1765,1790793809800,2,256612,120.0055375,validation,completed/seed_1790793809800/final.xml
1766,1790793809801,2,254980,120.0060808,validation,completed/seed_1790793809801/final.xml
1767,1790793809803,2,255495,120.0054399,train,completed/seed_1790793809803/final.xml
1768,1790793809806,2,249539,120.0058976,train,completed/seed_1790793809806/final.xml
1769,1790793809811,2,256033,120.006046,train,completed/seed_1790793809811/final.xml
1770,1790793809812,2,253813,120.0066203,validation,completed/seed_1790793809812/final.xml
1771,1790793809813,2,255930,120.0065981,train,completed/seed_1790793809813/final.xml
1772,1790793809814,2,241323,120.0055513,train,completed/seed_1790793809814/final.xml
1773,1790793809816,2,255976,120.0046515,train,completed/seed_1790793809816/final.xml
1774,1790793809818,2,250927,120.004477,train,completed/seed_1790793809818/final.xml
1775,1790793809820,2,248648,120.0064153,validation,completed/seed_1790793809820/final.xml
1776,1790793809821,2,244092,120.0045456,train,completed/seed_1790793809821/final.xml
1777,1790793809822,2,256189,120.005838,train,completed/seed_1790793809822/final.xml
1778,1790793809823,2,256072,120.0057573,train,completed/seed_1790793809823/final.xml
1779,1790793809825,2,251558,120.0058242,validation,completed/seed_1790793809825/final.xml
1780,1790793809827,2,240248,120.0058429,train,completed/seed_1790793809827/final.xml
1781,1790793809828,2,257480,120.0069028,train,completed/seed_1790793809828/final.xml
1782,1790793809829,2,257063,120.0066887,train,completed/seed_1790793809829/final.xml
1783,1790793809830,2,256852,120.0065117,train,completed/seed_1790793809830/final.xml
1784,1790793809831,2,255077,120.0061904,train,completed/seed_1790793809831/final.xml
1785,1790793809834,2,256281,120.0067222,validation,completed/seed_1790793809834/final.xml
1786,1790793809835,2,260734,120.0059452,train,completed/seed_1790793809835/final.xml
1787,1790793809836,2,256980,120.0061251,train,completed/seed_1790793809836/final.xml
1788,1790793809837,2,255705,120.0059046,validation,completed/seed_1790793809837/final.xml
1789,1790793809838,2,256761,120.006033,train,completed/seed_1790793809838/final.xml
1790,1790793809839,2,257785,120.0055511,train,completed/seed_1790793809839/final.xml
1791,1790793809840,2,257377,120.0060446,train,completed/seed_1790793809840/final.xml
1792,1790793809841,2,243706,120.0059029,train,completed/seed_1790793809841/final.xml
1793,1790793809842,2,258896,120.0056113,train,completed/seed_1790793809842/final.xml
1794,1790793809844,2,259924,120.0039741,train,completed/seed_1790793809844/final.xml
1795,1790793809846,2,241403,120.0063733,train,completed/seed_1790793809846/final.xml
1796,1790793809847,2,228977,120.0053159,train,completed/seed_1790793809847/final.xml
1797,1790793809848,2,255605,120.0057605,train,completed/seed_1790793809848/final.xml
1798,1790793809849,2,258478,120.0056686,train,completed/seed_1790793809849/final.xml
1799,1790793809850,2,256906,120.0065299,train,completed/seed_1790793809850/final.xml
1800,1790793809851,2,265869,120.0049387,train,completed/seed_1790793809851/final.xml
1801,1790793809855,2,261479,120.0052858,train,completed/seed_1790793809855/final.xml
1802,1790793809856,2,229375,120.006087,train,completed/seed_1790793809856/final.xml
1803,1790793809858,2,260060,120.0058344,validation,completed/seed_1790793809858/final.xml
1804,1790793809860,2,243882,120.0062578,validation,completed/seed_1790793809860/final.xml
1805,1790793809862,2,254799,120.0048088,train,completed/seed_1790793809862/final.xml
1806,1790793809863,2,257374,120.0060252,train,completed/seed_1790793809863/final.xml
1807,1790793809864,2,239240,120.0064552,train,completed/seed_1790793809864/final.xml
1808,1790793809865,2,260275,120.0063544,train,completed/seed_1790793809865/final.xml
1809,1790793809866,2,258299,120.005785,train,completed/seed_1790793809866/final.xml
1810,1790793809867,2,254657,120.0041373,train,completed/seed_1790793809867/final.xml
1811,1790793809868,2,250215,120.006574,train,completed/seed_1790793809868/final.xml
1812,1790793809869,2,258083,120.0062021,train,completed/seed_1790793809869/final.xml
1813,1790793809871,2,241999,120.0064853,validation,completed/seed_1790793809871/final.xml
1814,1790793809872,2,255119,120.0063135,train,completed/seed_1790793809872/final.xml
1815,1790793809873,2,256679,120.0063456,train,completed/seed_1790793809873/final.xml
1816,1790793809874,2,255349,120.0061858,train,completed/seed_1790793809874/final.xml
1817,1790793809875,2,257432,120.0057184,train,completed/seed_1790793809875/final.xml
1818,1790793809877,2,254007,120.0060001,train,completed/seed_1790793809877/final.xml
1819,1790793809878,2,257472,120.0055661,validation,completed/seed_1790793809878/final.xml
1820,1790793809880,2,254946,120.0061504,train,completed/seed_1790793809880/final.xml
1821,1790793809881,2,254049,120.0103605,train,completed/seed_1790793809881/final.xml
1822,1790793809882,2,252424,120.0064627,train,completed/seed_1790793809882/final.xml
1823,1790793809883,2,254995,120.0063754,train,completed/seed_1790793809883/final.xml
1824,1790793809884,2,252369,120.0055659,validation,completed/seed_1790793809884/final.xml
1825,1790793809885,2,236942,120.0056194,train,completed/seed_1790793809885/final.xml
1826,1790793809886,2,254515,120.0055914,train,completed/seed_1790793809886/final.xml
1827,1790793809887,2,252992,120.0057595,validation,completed/seed_1790793809887/final.xml
1828,1790793809888,2,252248,120.0080905,validation,completed/seed_1790793809888/final.xml
1829,1790793809889,2,248512,120.0280931,train,completed/seed_1790793809889/final.xml
1830,1790793809890,2,251537,120.0066753,train,completed/seed_1790793809890/final.xml
1831,1790793809891,2,254065,120.0061235,train,completed/seed_1790793809891/final.xml
1832,1790793809892,2,247833,120.0061116,validation,completed/seed_1790793809892/final.xml
1833,1790793809893,2,243900,120.0063863,train,completed/seed_1790793809893/final.xml
1834,1790793809894,2,254811,120.0061758,train,completed/seed_1790793809894/final.xml
1835,1790793809895,2,253108,120.0074157,validation,completed/seed_1790793809895/final.xml
1836,1790793809896,2,252791,120.006227,train,completed/seed_1790793809896/final.xml
1837,1790793809898,2,253146,120.0057255,validation,completed/seed_1790793809898/final.xml
1838,1790793809899,2,253278,120.0064954,train,completed/seed_1790793809899/final.xml
1839,1790793809900,2,254843,120.0058732,train,completed/seed_1790793809900/final.xml
1840,1790793809901,2,254424,120.0060176,train,completed/seed_1790793809901/final.xml
1841,1790793809903,2,258164,120.0064011,train,completed/seed_1790793809903/final.xml
1842,1790793809905,2,241590,120.0059849,train,completed/seed_1790793809905/final.xml
1843,1790793809910,2,262815,120.0052325,train,completed/seed_1790793809910/final.xml
1844,1790793809911,2,261605,120.0064412,train,completed/seed_1790793809911/final.xml
1845,1790793809912,2,263563,120.0043602,train,completed/seed_1790793809912/final.xml
1846,1790793809913,2,248216,120.0054998,validation,completed/seed_1790793809913/final.xml
1847,1790793809914,2,259142,120.0059851,train,completed/seed_1790793809914/final.xml
1848,1790793809916,2,229268,120.0054294,train,completed/seed_1790793809916/final.xml
1849,1790793809917,2,259782,120.0059385,train,completed/seed_1790793809917/final.xml
1850,1790793809918,2,260195,120.0050559,train,completed/seed_1790793809918/final.xml
1851,1790793809919,2,257263,120.0057891,train,completed/seed_1790793809919/final.xml
1852,1790793809920,2,251649,120.0060575,train,completed/seed_1790793809920/final.xml
1853,1790793809923,2,261306,120.0058569,validation,completed/seed_1790793809923/final.xml
1854,1790793809924,2,244008,120.0063335,train,completed/seed_1790793809924/final.xml
1855,1790793809925,2,260773,120.0056113,train,completed/seed_1790793809925/final.xml
1856,1790793809926,2,258859,120.0064684,train,completed/seed_1790793809926/final.xml
1857,1790793809927,2,254365,120.0061089,train,completed/seed_1790793809927/final.xml
1858,1790793809928,2,258785,120.0059045,train,completed/seed_1790793809928/final.xml
1859,1790793809929,2,265033,120.005974,train,completed/seed_1790793809929/final.xml
1860,1790793809930,2,262391,120.005577,validation,completed/seed_1790793809930/final.xml
1861,1790793809931,2,251521,120.0062539,train,completed/seed_1790793809931/final.xml
1862,1790793809932,2,258334,120.0065259,train,completed/seed_1790793809932/final.xml
1863,1790793809933,2,258212,120.0062252,train,completed/seed_1790793809933/final.xml
1864,1790793809934,2,255981,120.0045835,train,completed/seed_1790793809934/final.xml
1865,1790793809935,2,258357,120.0062554,train,completed/seed_1790793809935/final.xml
1866,1790793809937,2,259223,120.0044904,train,completed/seed_1790793809937/final.xml
1867,1790793809938,2,255938,120.0057898,train,completed/seed_1790793809938/final.xml
1868,1790793809939,2,258766,120.0059577,train,completed/seed_1790793809939/final.xml
1869,1790793809940,2,256783,120.0067725,validation,completed/seed_1790793809940/final.xml
1870,1790793809942,2,257656,120.0052203,train,completed/seed_1790793809942/final.xml
1871,1790793809943,2,253866,120.0062826,train,completed/seed_1790793809943/final.xml
1872,1790793809944,2,257292,120.0037817,train,completed/seed_1790793809944/final.xml
1873,1790793809945,2,257625,120.004059,train,completed/seed_1790793809945/final.xml
1874,1790793809948,2,256389,120.0058178,train,completed/seed_1790793809948/final.xml
1875,1790793809949,2,240012,120.0063099,train,completed/seed_1790793809949/final.xml
1876,1790793809950,2,257406,120.0067408,validation,completed/seed_1790793809950/final.xml
1877,1790793809951,2,259617,120.0055647,validation,completed/seed_1790793809951/final.xml
1878,1790793809952,2,262605,120.0059375,train,completed/seed_1790793809952/final.xml
1879,1790793809953,2,257603,120.0054719,validation,completed/seed_1790793809953/final.xml
1880,1790793809954,2,256545,120.0061612,train,completed/seed_1790793809954/final.xml
1881,1790793809955,2,258552,120.004478,validation,completed/seed_1790793809955/final.xml
1882,1790793809956,2,256475,120.0065931,validation,completed/seed_1790793809956/final.xml
1883,1790793809957,2,258118,120.0041321,train,completed/seed_1790793809957/final.xml
1884,1790793809958,2,259595,120.0065399,train,completed/seed_1790793809958/final.xml
1885,1790793809959,2,259171,120.006605,validation,completed/seed_1790793809959/final.xml
1886,1790793809960,2,257292,120.0063873,train,completed/seed_1790793809960/final.xml
1887,1790793809961,2,255897,120.006332,train,completed/seed_1790793809961/final.xml
1888,1790793809962,2,255683,120.0055938,train,completed/seed_1790793809962/final.xml
1889,1790793809963,2,247587,120.0059539,train,completed/seed_1790793809963/final.xml
1890,1790793809967,2,259338,120.0055963,train,completed/seed_1790793809967/final.xml
1891,1790793809969,2,255620,120.0062895,train,completed/seed_1790793809969/final.xml
1892,1790793809970,2,254411,120.0059728,train,completed/seed_1790793809970/final.xml
1893,1790793809972,2,260209,120.0063593,train,completed/seed_1790793809972/final.xml
1894,1790793809973,2,260121,120.0061351,validation,completed/seed_1790793809973/final.xml
1895,1790793809974,2,254256,120.0064831,train,completed/seed_1790793809974/final.xml
1896,1790793809976,2,261304,120.0042037,train,completed/seed_1790793809976/final.xml
1897,1790793809978,2,260759,120.0039073,train,completed/seed_1790793809978/final.xml
1898,1790793809980,2,252103,120.0065812,train,completed/seed_1790793809980/final.xml
1899,1790793809981,2,256565,120.0058485,train,completed/seed_1790793809981/final.xml
1900,1790793809983,2,257267,120.0060817,validation,completed/seed_1790793809983/final.xml
1901,1790793809984,2,246533,120.0063715,train,completed/seed_1790793809984/final.xml
1902,1790793809985,2,257507,120.003946,validation,completed/seed_1790793809985/final.xml
1903,1790793809986,2,255698,120.0043194,train,completed/seed_1790793809986/final.xml
1904,1790793809987,2,252525,120.0060547,train,completed/seed_1790793809987/final.xml
1905,1790793809988,2,257773,120.0060327,train,completed/seed_1790793809988/final.xml
1906,1790793809990,2,261264,120.0042818,train,completed/seed_1790793809990/final.xml
1907,1790793809992,2,258068,120.0040411,validation,completed/seed_1790793809992/final.xml
1908,1790793809993,2,255371,120.006299,train,completed/seed_1790793809993/final.xml
1909,1790793809994,2,253846,120.0061541,train,completed/seed_1790793809994/final.xml
1910,1790793809995,2,257928,120.0061998,validation,completed/seed_1790793809995/final.xml
1911,1790793809997,2,254832,120.0063399,validation,completed/seed_1790793809997/final.xml
1912,1790793809998,2,252110,120.0065426,validation,completed/seed_1790793809998/final.xml
1913,1790793809999,2,241506,120.0058943,train,completed/seed_1790793809999/final.xml
1914,1790793810000,2,257913,120.0064446,validation,completed/seed_1790793810000/final.xml
1915,1790793810001,2,256055,120.0061553,train,completed/seed_1790793810001/final.xml
1916,1790793810002,2,251946,120.0058435,train,completed/seed_1790793810002/final.xml
1917,1790793810003,2,253039,120.0058693,validation,completed/seed_1790793810003/final.xml
1918,1790793810004,2,248225,120.0059061,train,completed/seed_1790793810004/final.xml
1919,1790793810007,2,252038,120.0037803,train,completed/seed_1790793810007/final.xml
1920,1790793810008,2,255588,120.0063287,train,completed/seed_1790793810008/final.xml
1921,1790793810009,2,253778,120.0065533,train,completed/seed_1790793810009/final.xml
1922,1790793810010,2,252240,120.0040294,train,completed/seed_1790793810010/final.xml
1923,1790793810011,2,250390,120.0064554,train,completed/seed_1790793810011/final.xml
1924,1790793810014,2,255607,120.0061242,train,completed/seed_1790793810014/final.xml
1925,1790793810015,2,254676,120.0060684,validation,completed/seed_1790793810015/final.xml
1926,1790793810017,2,248385,120.0057484,train,completed/seed_1790793810017/final.xml
1927,1790793810018,2,254413,120.0056076,train,completed/seed_1790793810018/final.xml
1928,1790793810019,2,252543,120.005959,train,completed/seed_1790793810019/final.xml
1929,1790793810020,2,253280,120.0059388,train,completed/seed_1790793810020/final.xml
1930,1790793810022,2,256624,120.0058989,train,completed/seed_1790793810022/final.xml
1931,1790793810023,2,252743,120.005889,train,completed/seed_1790793810023/final.xml
1932,1790793810024,2,257892,120.0061365,train,completed/seed_1790793810024/final.xml
1933,1790793810025,2,256266,120.0065006,validation,completed/seed_1790793810025/final.xml
1934,1790793810026,2,255284,120.0060431,validation,completed/seed_1790793810026/final.xml
1935,1790793810027,2,261745,120.0063426,train,completed/seed_1790793810027/final.xml
1936,1790793810028,2,254529,120.0059142,train,completed/seed_1790793810028/final.xml
1937,1790793810029,2,252706,120.0061426,train,completed/seed_1790793810029/final.xml
1938,1790793810030,2,257304,120.0063159,train,completed/seed_1790793810030/final.xml
1939,1790793810031,2,258599,120.0057001,train,completed/seed_1790793810031/final.xml
1940,1790793810032,2,255986,120.0058047,train,completed/seed_1790793810032/final.xml
1941,1790793810033,2,239936,120.00551,train,completed/seed_1790793810033/final.xml
1942,1790793810034,2,252656,120.0056674,train,completed/seed_1790793810034/final.xml
1943,1790793810038,2,259394,120.0062376,train,completed/seed_1790793810038/final.xml
1944,1790793810039,2,253611,120.0063258,train,completed/seed_1790793810039/final.xml
1945,1790793810040,2,260567,120.0052243,validation,completed/seed_1790793810040/final.xml
1946,1790793810041,2,253124,120.0039931,train,completed/seed_1790793810041/final.xml
1947,1790793810042,2,255862,120.0064932,train,completed/seed_1790793810042/final.xml
1948,1790793810043,2,252999,120.0060106,train,completed/seed_1790793810043/final.xml
1949,1790793810044,2,256554,120.0063274,train,completed/seed_1790793810044/final.xml
1950,1790793810046,2,243518,120.0062953,train,completed/seed_1790793810046/final.xml
1951,1790793810047,2,258332,120.0048343,train,completed/seed_1790793810047/final.xml
1952,1790793810048,2,241936,120.0063444,validation,completed/seed_1790793810048/final.xml
1953,1790793810050,2,254113,120.0062786,train,completed/seed_1790793810050/final.xml
1954,1790793810051,2,255697,120.0039974,train,completed/seed_1790793810051/final.xml
1955,1790793810052,2,257360,120.0066698,train,completed/seed_1790793810052/final.xml
1956,1790793810054,2,259149,120.0042714,train,completed/seed_1790793810054/final.xml
1957,1790793810055,2,256760,120.0063377,train,completed/seed_1790793810055/final.xml
1958,1790793810056,2,257603,120.0060076,train,completed/seed_1790793810056/final.xml
1959,1790793810057,2,259387,120.0058082,train,completed/seed_1790793810057/final.xml
1960,1790793810058,2,252165,120.0065927,train,completed/seed_1790793810058/final.xml
1961,1790793810060,2,258192,120.0058149,validation,completed/seed_1790793810060/final.xml
1962,1790793810061,2,251733,120.0038671,train,completed/seed_1790793810061/final.xml
1963,1790793810062,2,255850,120.0059473,train,completed/seed_1790793810062/final.xml
1964,1790793810063,2,252910,120.0059983,train,completed/seed_1790793810063/final.xml
1965,1790793810064,2,253775,120.0053238,train,completed/seed_1790793810064/final.xml
1966,1790793810066,2,255637,120.0052551,train,completed/seed_1790793810066/final.xml
1967,1790793810067,2,249158,120.0059145,train,completed/seed_1790793810067/final.xml
1968,1790793810068,2,245968,120.0041256,train,completed/seed_1790793810068/final.xml
1969,1790793810069,2,254632,120.0062617,train,completed/seed_1790793810069/final.xml
1970,1790793810070,2,252508,120.0066088,train,completed/seed_1790793810070/final.xml
1971,1790793810071,2,253439,120.0059643,train,completed/seed_1790793810071/final.xml
1972,1790793810072,2,260867,120.0058775,validation,completed/seed_1790793810072/final.xml
1973,1790793810073,2,257866,120.0039611,train,completed/seed_1790793810073/final.xml
1974,1790793810074,2,250888,120.0065905,train,completed/seed_1790793810074/final.xml
1975,1790793810075,2,237835,120.0064124,train,completed/seed_1790793810075/final.xml
1976,1790793810076,2,258158,120.0069852,train,completed/seed_1790793810076/final.xml
1977,1790793810077,2,256057,120.0067615,train,completed/seed_1790793810077/final.xml
1978,1790793810078,2,252471,120.0063188,validation,completed/seed_1790793810078/final.xml
1979,1790793810079,2,254764,120.005964,train,completed/seed_1790793810079/final.xml
1980,1790793810080,2,255927,120.006177,validation,completed/seed_1790793810080/final.xml
1981,1790793810081,2,257855,120.0057198,train,completed/seed_1790793810081/final.xml
1982,1790793810082,2,254745,120.0059317,train,completed/seed_1790793810082/final.xml
1983,1790793810083,2,258933,120.0063269,train,completed/seed_1790793810083/final.xml
1984,1790793810084,2,253164,120.0067254,train,completed/seed_1790793810084/final.xml
1985,1790793810085,2,257306,120.0065104,train,completed/seed_1790793810085/final.xml
1986,1790793810086,2,255872,120.0036274,train,completed/seed_1790793810086/final.xml
1987,1790793810087,2,257280,120.0045729,train,completed/seed_1790793810087/final.xml
1988,1790793810088,2,256054,120.0064622,train,completed/seed_1790793810088/final.xml
1989,1790793810089,2,252996,120.0038981,train,completed/seed_1790793810089/final.xml
1990,1790793810090,2,262336,120.003734,train,completed/seed_1790793810090/final.xml
1991,1790793810091,2,260186,120.003663,train,completed/seed_1790793810091/final.xml
1992,1790793810093,2,266923,120.0034464,train,completed/seed_1790793810093/final.xml
1993,1790793810094,2,409424,120.0028578,validation,completed/seed_1790793810094/final.xml
1994,1790793810095,2,405278,120.0028141,train,completed/seed_1790793810095/final.xml
1995,1790793810096,2,408297,120.0026579,train,completed/seed_1790793810096/final.xml
1996,1790793810097,2,415801,120.002663,train,completed/seed_1790793810097/final.xml
1997,1790793807598,3,252895,120.0037001,train,completed/seed_1790793807598/final.xml
1998,1790793807609,3,257414,120.0076272,train,completed/seed_1790793807609/final.xml
1999,1790793807613,3,264880,120.005165,train,completed/seed_1790793807613/final.xml
2000,1790793807614,3,263784,120.0119176,train,completed/seed_1790793807614/final.xml
2001,1790793807620,3,264949,120.0049137,train,completed/seed_1790793807620/final.xml
2002,1790793807628,3,255053,120.0048621,train,completed/seed_1790793807628/final.xml
2003,1790793807633,3,256621,120.0050455,train,completed/seed_1790793807633/final.xml
2004,1790793807645,3,221053,120.0077714,train,completed/seed_1790793807645/final.xml
2005,1790793807646,3,264952,120.0061482,train,completed/seed_1790793807646/final.xml
2006,1790793807647,3,267444,120.0042812,validation,completed/seed_1790793807647/final.xml
2007,1790793807650,3,264441,120.0056042,validation,completed/seed_1790793807650/final.xml
2008,1790793807653,3,264461,120.0051937,train,completed/seed_1790793807653/final.xml
2009,1790793807654,3,266265,120.0056148,train,completed/seed_1790793807654/final.xml
2010,1790793807657,3,267164,120.01534,train,completed/seed_1790793807657/final.xml
2011,1790793807659,3,256118,120.0058645,train,completed/seed_1790793807659/final.xml
2012,1790793807661,3,257020,120.0058038,validation,completed/seed_1790793807661/final.xml
2013,1790793807663,3,258546,120.0058259,train,completed/seed_1790793807663/final.xml
2014,1790793807671,3,256810,120.006347,train,completed/seed_1790793807671/final.xml
2015,1790793807683,3,264533,120.004987,train,completed/seed_1790793807683/final.xml
2016,1790793807691,3,261212,120.0054938,train,completed/seed_1790793807691/final.xml
2017,1790793807696,3,264302,120.0060329,train,completed/seed_1790793807696/final.xml
2018,1790793807697,3,261534,120.0063896,train,completed/seed_1790793807697/final.xml
2019,1790793807709,3,262069,120.0066422,train,completed/seed_1790793807709/final.xml
2020,1790793807716,3,254893,120.005525,train,completed/seed_1790793807716/final.xml
2021,1790793807725,3,261582,120.0058382,train,completed/seed_1790793807725/final.xml
2022,1790793807728,3,260215,120.0056455,train,completed/seed_1790793807728/final.xml
2023,1790793807730,3,264606,120.0041523,train,completed/seed_1790793807730/final.xml
2024,1790793807741,3,258318,120.0060389,train,completed/seed_1790793807741/final.xml
2025,1790793807743,3,265472,120.0060978,train,completed/seed_1790793807743/final.xml
2026,1790793807753,3,262977,120.0054093,train,completed/seed_1790793807753/final.xml
2027,1790793807769,3,262739,120.0062223,train,completed/seed_1790793807769/final.xml
2028,1790793807774,3,262263,120.0058313,train,completed/seed_1790793807774/final.xml
2029,1790793807782,3,263884,120.0058315,train,completed/seed_1790793807782/final.xml
2030,1790793807808,3,262674,120.0036303,train,completed/seed_1790793807808/final.xml
2031,1790793807815,3,234312,120.0051225,validation,completed/seed_1790793807815/final.xml
2032,1790793807819,3,265866,120.0050766,train,completed/seed_1790793807819/final.xml
2033,1790793807822,3,268827,120.0063343,train,completed/seed_1790793807822/final.xml
2034,1790793807838,3,262316,120.0039143,validation,completed/seed_1790793807838/final.xml
2035,1790793807847,3,259925,120.005804,train,completed/seed_1790793807847/final.xml
2036,1790793807850,3,267520,120.0044779,train,completed/seed_1790793807850/final.xml
2037,1790793807855,3,262828,120.0088192,train,completed/seed_1790793807855/final.xml
2038,1790793807866,3,246851,120.005442,train,completed/seed_1790793807866/final.xml
2039,1790793807867,3,264960,120.0060484,train,completed/seed_1790793807867/final.xml
2040,1790793807883,3,260895,120.0058048,train,completed/seed_1790793807883/final.xml
2041,1790793807892,3,249110,120.0056076,train,completed/seed_1790793807892/final.xml
2042,1790793807897,3,251591,120.0076982,train,completed/seed_1790793807897/final.xml
2043,1790793807906,3,246174,120.007078,train,completed/seed_1790793807906/final.xml
2044,1790793807907,3,245532,120.0089924,validation,completed/seed_1790793807907/final.xml
2045,1790793807909,3,243372,120.0058273,train,completed/seed_1790793807909/final.xml
2046,1790793807910,3,257960,120.0056303,train,completed/seed_1790793807910/final.xml
2047,1790793807917,3,261795,120.0054,validation,completed/seed_1790793807917/final.xml
2048,1790793807918,3,262376,120.0056209,train,completed/seed_1790793807918/final.xml
2049,1790793807924,3,260852,120.0060835,train,completed/seed_1790793807924/final.xml
2050,1790793807927,3,260627,120.0052377,validation,completed/seed_1790793807927/final.xml
2051,1790793807951,3,262738,120.0041295,train,completed/seed_1790793807951/final.xml
2052,1790793807955,3,263086,120.0055919,train,completed/seed_1790793807955/final.xml
2053,1790793807962,3,267319,120.0061974,train,completed/seed_1790793807962/final.xml
2054,1790793807992,3,261099,120.0312833,train,completed/seed_1790793807992/final.xml
2055,1790793807994,3,265767,120.0063319,train,completed/seed_1790793807994/final.xml
2056,1790793807995,3,261474,120.0060325,train,completed/seed_1790793807995/final.xml
2057,1790793808006,3,262204,120.0042764,validation,completed/seed_1790793808006/final.xml
2058,1790793808008,3,262343,120.0047455,validation,completed/seed_1790793808008/final.xml
2059,1790793808022,3,243867,120.0059913,validation,completed/seed_1790793808022/final.xml
2060,1790793808024,3,246068,120.0060276,train,completed/seed_1790793808024/final.xml
2061,1790793808030,3,267131,120.005946,train,completed/seed_1790793808030/final.xml
2062,1790793808040,3,265243,120.0064115,train,completed/seed_1790793808040/final.xml
2063,1790793808041,3,264576,120.0062466,train,completed/seed_1790793808041/final.xml
2064,1790793808052,3,260333,120.0057834,train,completed/seed_1790793808052/final.xml
2065,1790793808054,3,267092,120.0061654,train,completed/seed_1790793808054/final.xml
2066,1790793808068,3,262252,120.0054278,train,completed/seed_1790793808068/final.xml
2067,1790793808076,3,259699,120.0060499,train,completed/seed_1790793808076/final.xml
2068,1790793808087,3,258528,120.0058006,validation,completed/seed_1790793808087/final.xml
2069,1790793808091,3,264572,120.0036887,validation,completed/seed_1790793808091/final.xml
2070,1790793808093,3,251997,120.006096,train,completed/seed_1790793808093/final.xml
2071,1790793808095,3,264090,120.0058467,train,completed/seed_1790793808095/final.xml
2072,1790793808129,3,264270,120.0055611,train,completed/seed_1790793808129/final.xml
2073,1790793808152,3,263696,120.0059836,train,completed/seed_1790793808152/final.xml
2074,1790793808156,3,247945,120.0062101,train,completed/seed_1790793808156/final.xml
2075,1790793808161,3,267494,120.004531,train,completed/seed_1790793808161/final.xml
2076,1790793808166,3,261417,120.0064494,train,completed/seed_1790793808166/final.xml
2077,1790793808172,3,264336,120.0063628,train,completed/seed_1790793808172/final.xml
2078,1790793808180,3,265336,120.0049712,validation,completed/seed_1790793808180/final.xml
2079,1790793808195,3,263532,120.0054526,train,completed/seed_1790793808195/final.xml
2080,1790793808196,3,261402,120.0056904,train,completed/seed_1790793808196/final.xml
2081,1790793808200,3,262598,120.0060771,train,completed/seed_1790793808200/final.xml
2082,1790793808213,3,264437,120.0060471,train,completed/seed_1790793808213/final.xml
2083,1790793808215,3,260701,120.0042428,train,completed/seed_1790793808215/final.xml
2084,1790793808227,3,263070,120.0050422,train,completed/seed_1790793808227/final.xml
2085,1790793808234,3,259097,120.005671,train,completed/seed_1790793808234/final.xml
2086,1790793808236,3,261715,120.0063918,train,completed/seed_1790793808236/final.xml
2087,1790793808241,3,265636,120.0058248,validation,completed/seed_1790793808241/final.xml
2088,1790793808263,3,266455,120.0065183,train,completed/seed_1790793808263/final.xml
2089,1790793808268,3,261943,120.0059281,train,completed/seed_1790793808268/final.xml
2090,1790793808269,3,265445,120.0043842,validation,completed/seed_1790793808269/final.xml
2091,1790793808274,3,237852,120.0090199,train,completed/seed_1790793808274/final.xml
2092,1790793808275,3,258552,120.0056735,validation,completed/seed_1790793808275/final.xml
2093,1790793808302,3,259455,120.006474,validation,completed/seed_1790793808302/final.xml
2094,1790793808307,3,263896,120.0063987,train,completed/seed_1790793808307/final.xml
2095,1790793808318,3,269422,120.0044542,train,completed/seed_1790793808318/final.xml
2096,1790793808327,3,266606,120.004299,validation,completed/seed_1790793808327/final.xml
2097,1790793808336,3,263903,120.0057661,validation,completed/seed_1790793808336/final.xml
2098,1790793808337,3,259807,120.0052342,train,completed/seed_1790793808337/final.xml
2099,1790793808344,3,251181,120.0062695,train,completed/seed_1790793808344/final.xml
2100,1790793808347,3,264346,120.00641,train,completed/seed_1790793808347/final.xml
2101,1790793808362,3,247227,120.0066994,train,completed/seed_1790793808362/final.xml
2102,1790793808377,3,261331,120.0041137,train,completed/seed_1790793808377/final.xml
2103,1790793808383,3,254541,120.0061631,validation,completed/seed_1790793808383/final.xml
2104,1790793808389,3,263477,120.0066607,validation,completed/seed_1790793808389/final.xml
2105,1790793808398,3,266069,120.006099,validation,completed/seed_1790793808398/final.xml
2106,1790793808407,3,264047,120.0064734,train,completed/seed_1790793808407/final.xml
2107,1790793808414,3,268722,120.0060932,train,completed/seed_1790793808414/final.xml
2108,1790793808421,3,247860,120.0055188,train,completed/seed_1790793808421/final.xml
2109,1790793808425,3,267274,120.0062609,train,completed/seed_1790793808425/final.xml
2110,1790793808427,3,255084,120.0063748,train,completed/seed_1790793808427/final.xml
2111,1790793808433,3,250029,120.0059996,train,completed/seed_1790793808433/final.xml
2112,1790793808435,3,267117,120.0060586,train,completed/seed_1790793808435/final.xml
2113,1790793808437,3,264077,120.0070653,train,completed/seed_1790793808437/final.xml
2114,1790793808444,3,262325,120.0067342,train,completed/seed_1790793808444/final.xml
2115,1790793808455,3,263046,120.0055534,validation,completed/seed_1790793808455/final.xml
2116,1790793808462,3,262868,120.0057912,train,completed/seed_1790793808462/final.xml
2117,1790793808468,3,261808,120.005708,train,completed/seed_1790793808468/final.xml
2118,1790793808474,3,262929,120.0055379,train,completed/seed_1790793808474/final.xml
2119,1790793808481,3,269810,120.0061703,train,completed/seed_1790793808481/final.xml
2120,1790793808491,3,267206,120.0056391,train,completed/seed_1790793808491/final.xml
2121,1790793808493,3,261959,120.0064817,train,completed/seed_1790793808493/final.xml
2122,1790793808516,3,265278,120.0065771,train,completed/seed_1790793808516/final.xml
2123,1790793808517,3,261537,120.0054333,train,completed/seed_1790793808517/final.xml
2124,1790793808518,3,264120,120.0063654,train,completed/seed_1790793808518/final.xml
2125,1790793808528,3,261674,120.0063744,validation,completed/seed_1790793808528/final.xml
2126,1790793808550,3,258838,120.0051688,train,completed/seed_1790793808550/final.xml
2127,1790793808559,3,264726,120.0058135,train,completed/seed_1790793808559/final.xml
2128,1790793808560,3,268275,120.0061442,validation,completed/seed_1790793808560/final.xml
2129,1790793808575,3,265212,120.0061484,train,completed/seed_1790793808575/final.xml
2130,1790793808581,3,245891,120.0063379,train,completed/seed_1790793808581/final.xml
2131,1790793808593,3,262083,120.0054206,train,completed/seed_1790793808593/final.xml
2132,1790793808595,3,262979,120.0062975,train,completed/seed_1790793808595/final.xml
2133,1790793808599,3,261785,120.0039745,train,completed/seed_1790793808599/final.xml
2134,1790793808617,3,263954,120.0061072,train,completed/seed_1790793808617/final.xml
2135,1790793808619,3,263836,120.0053996,train,completed/seed_1790793808619/final.xml
2136,1790793808622,3,266635,120.0103101,validation,completed/seed_1790793808622/final.xml
2137,1790793808631,3,260197,120.0036536,train,completed/seed_1790793808631/final.xml
2138,1790793808643,3,261780,120.0065438,validation,completed/seed_1790793808643/final.xml
2139,1790793808646,3,264091,120.0059516,train,completed/seed_1790793808646/final.xml
2140,1790793808656,3,261730,120.0058998,train,completed/seed_1790793808656/final.xml
2141,1790793808657,3,263397,120.005277,train,completed/seed_1790793808657/final.xml
2142,1790793808673,3,269349,120.0043062,train,completed/seed_1790793808673/final.xml
2143,1790793808674,3,265959,120.0063697,train,completed/seed_1790793808674/final.xml
2144,1790793808695,3,262193,120.0063447,validation,completed/seed_1790793808695/final.xml
2145,1790793808697,3,258838,120.0059494,train,completed/seed_1790793808697/final.xml
2146,1790793808700,3,268822,120.0051346,train,completed/seed_1790793808700/final.xml
2147,1790793808702,3,266498,120.0071046,train,completed/seed_1790793808702/final.xml
2148,1790793808704,3,263968,120.0055044,train,completed/seed_1790793808704/final.xml
2149,1790793808705,3,251250,120.005897,validation,completed/seed_1790793808705/final.xml
2150,1790793808708,3,270332,120.0062652,train,completed/seed_1790793808708/final.xml
2151,1790793808710,3,265167,120.0059968,train,completed/seed_1790793808710/final.xml
2152,1790793808716,3,266128,120.0055923,train,completed/seed_1790793808716/final.xml
2153,1790793808720,3,259830,120.0047588,validation,completed/seed_1790793808720/final.xml
2154,1790793808738,3,262212,120.0062988,train,completed/seed_1790793808738/final.xml
2155,1790793808749,3,262808,120.0062112,train,completed/seed_1790793808749/final.xml
2156,1790793808753,3,262851,120.0059505,train,completed/seed_1790793808753/final.xml
2157,1790793808758,3,266394,120.0060458,train,completed/seed_1790793808758/final.xml
2158,1790793808760,3,267799,120.0063083,train,completed/seed_1790793808760/final.xml
2159,1790793808767,3,269067,120.00428,train,completed/seed_1790793808767/final.xml
2160,1790793808778,3,268499,120.0037558,train,completed/seed_1790793808778/final.xml
2161,1790793808782,3,259876,120.0037925,train,completed/seed_1790793808782/final.xml
2162,1790793808798,3,258595,120.0060299,train,completed/seed_1790793808798/final.xml
2163,1790793808802,3,266114,120.0038659,train,completed/seed_1790793808802/final.xml
2164,1790793808809,3,264270,120.0054973,train,completed/seed_1790793808809/final.xml
2165,1790793808835,3,257020,120.0036749,validation,completed/seed_1790793808835/final.xml
2166,1790793808837,3,264946,120.0054001,train,completed/seed_1790793808837/final.xml
2167,1790793808839,3,260844,120.0062047,train,completed/seed_1790793808839/final.xml
2168,1790793808861,3,267262,120.0060191,train,completed/seed_1790793808861/final.xml
2169,1790793808863,3,267693,120.0059737,train,completed/seed_1790793808863/final.xml
2170,1790793808864,3,265014,120.0058977,train,completed/seed_1790793808864/final.xml
2171,1790793808869,3,265922,120.0059301,train,completed/seed_1790793808869/final.xml
2172,1790793808871,3,261699,120.0067301,train,completed/seed_1790793808871/final.xml
2173,1790793808886,3,261949,120.0046621,train,completed/seed_1790793808886/final.xml
2174,1790793808904,3,263999,120.0052875,train,completed/seed_1790793808904/final.xml
2175,1790793808909,3,269792,120.0062392,train,completed/seed_1790793808909/final.xml
2176,1790793808925,3,260292,120.0065233,train,completed/seed_1790793808925/final.xml
2177,1790793808939,3,260384,120.0055617,train,completed/seed_1790793808939/final.xml
2178,1790793808946,3,262179,120.005734,train,completed/seed_1790793808946/final.xml
2179,1790793808950,3,248377,120.0062345,train,completed/seed_1790793808950/final.xml
2180,1790793808951,3,262931,120.0050693,train,completed/seed_1790793808951/final.xml
2181,1790793808957,3,269429,120.0061797,train,completed/seed_1790793808957/final.xml
2182,1790793808968,3,257904,120.0058283,train,completed/seed_1790793808968/final.xml
2183,1790793808969,3,246136,120.0059322,train,completed/seed_1790793808969/final.xml
2184,1790793808976,3,257160,120.0057668,train,completed/seed_1790793808976/final.xml
2185,1790793808980,3,270275,120.0060604,train,completed/seed_1790793808980/final.xml
2186,1790793809000,3,263283,120.0062794,train,completed/seed_1790793809000/final.xml
2187,1790793809007,3,270828,120.0062831,train,completed/seed_1790793809007/final.xml
2188,1790793809014,3,263426,120.0058621,train,completed/seed_1790793809014/final.xml
2189,1790793809021,3,262718,120.005372,train,completed/seed_1790793809021/final.xml
2190,1790793809043,3,264602,120.0038599,train,completed/seed_1790793809043/final.xml
2191,1790793809045,3,259552,120.0061773,train,completed/seed_1790793809045/final.xml
2192,1790793809048,3,261895,120.0061832,train,completed/seed_1790793809048/final.xml
2193,1790793809052,3,262430,120.0056011,validation,completed/seed_1790793809052/final.xml
2194,1790793809061,3,263184,120.0037201,train,completed/seed_1790793809061/final.xml
2195,1790793809062,3,251060,120.0041212,train,completed/seed_1790793809062/final.xml
2196,1790793809081,3,269440,120.0061653,train,completed/seed_1790793809081/final.xml
2197,1790793809085,3,263647,120.0071754,train,completed/seed_1790793809085/final.xml
2198,1790793809088,3,264043,120.0047529,train,completed/seed_1790793809088/final.xml
2199,1790793809100,3,264787,120.0061768,train,completed/seed_1790793809100/final.xml
2200,1790793809105,3,261890,120.0054174,train,completed/seed_1790793809105/final.xml
2201,1790793809112,3,263862,120.0062364,validation,completed/seed_1790793809112/final.xml
2202,1790793809115,3,265922,120.0038273,train,completed/seed_1790793809115/final.xml
2203,1790793809125,3,269479,120.0046299,train,completed/seed_1790793809125/final.xml
2204,1790793809126,3,263203,120.0035045,train,completed/seed_1790793809126/final.xml
2205,1790793809127,3,263426,120.0056502,train,completed/seed_1790793809127/final.xml
2206,1790793809130,3,251424,120.0065963,train,completed/seed_1790793809130/final.xml
2207,1790793809133,3,264468,120.0041194,train,completed/seed_1790793809133/final.xml
2208,1790793809137,3,265538,120.0066054,train,completed/seed_1790793809137/final.xml
2209,1790793809139,3,265066,120.0065314,train,completed/seed_1790793809139/final.xml
2210,1790793809149,3,265704,120.0039466,validation,completed/seed_1790793809149/final.xml
2211,1790793809156,3,259114,120.0056737,validation,completed/seed_1790793809156/final.xml
2212,1790793809165,3,264586,120.0037343,train,completed/seed_1790793809165/final.xml
2213,1790793809167,3,249074,120.0059022,validation,completed/seed_1790793809167/final.xml
2214,1790793809178,3,267286,120.0061932,train,completed/seed_1790793809178/final.xml
2215,1790793809186,3,262387,120.0060608,train,completed/seed_1790793809186/final.xml
2216,1790793809187,3,263418,120.005956,train,completed/seed_1790793809187/final.xml
2217,1790793809193,3,250822,120.0059557,validation,completed/seed_1790793809193/final.xml
2218,1790793809194,3,269132,120.0041334,train,completed/seed_1790793809194/final.xml
2219,1790793809195,3,262971,120.0056706,train,completed/seed_1790793809195/final.xml
2220,1790793809198,3,263414,120.0069797,train,completed/seed_1790793809198/final.xml
2221,1790793809208,3,271514,120.0061943,train,completed/seed_1790793809208/final.xml
2222,1790793809211,3,262160,120.0062207,validation,completed/seed_1790793809211/final.xml
2223,1790793809240,3,263161,120.0065037,train,completed/seed_1790793809240/final.xml
2224,1790793809242,3,262773,120.0062515,train,completed/seed_1790793809242/final.xml
2225,1790793809260,3,250514,120.0044364,train,completed/seed_1790793809260/final.xml
2226,1790793809261,3,264176,120.0057657,train,completed/seed_1790793809261/final.xml
2227,1790793809262,3,264437,120.0055762,train,completed/seed_1790793809262/final.xml
2228,1790793809265,3,264735,120.0058654,train,completed/seed_1790793809265/final.xml
2229,1790793809272,3,259681,120.0065556,train,completed/seed_1790793809272/final.xml
2230,1790793809276,3,256853,120.0062082,train,completed/seed_1790793809276/final.xml
2231,1790793809301,3,260053,120.0059903,train,completed/seed_1790793809301/final.xml
2232,1790793809302,3,249954,120.0052868,train,completed/seed_1790793809302/final.xml
2233,1790793809304,3,262023,120.0064639,train,completed/seed_1790793809304/final.xml
2234,1790793809307,3,251099,120.0040614,train,completed/seed_1790793809307/final.xml
2235,1790793809313,3,265058,120.0065793,train,completed/seed_1790793809313/final.xml
2236,1790793809326,3,263217,120.0040742,train,completed/seed_1790793809326/final.xml
2237,1790793809330,3,263233,120.0055236,train,completed/seed_1790793809330/final.xml
2238,1790793809331,3,265002,120.005693,validation,completed/seed_1790793809331/final.xml
2239,1790793809332,3,262283,120.0036838,train,completed/seed_1790793809332/final.xml
2240,1790793809337,3,261350,120.0060975,train,completed/seed_1790793809337/final.xml
2241,1790793809345,3,262683,120.0055318,train,completed/seed_1790793809345/final.xml
2242,1790793809357,3,265761,120.0059029,train,completed/seed_1790793809357/final.xml
2243,1790793809362,3,263352,120.0049612,train,completed/seed_1790793809362/final.xml
2244,1790793809378,3,258600,120.0052963,train,completed/seed_1790793809378/final.xml
2245,1790793809379,3,248374,120.0064091,train,completed/seed_1790793809379/final.xml
2246,1790793809389,3,266181,120.0042553,validation,completed/seed_1790793809389/final.xml
2247,1790793809397,3,262673,120.0061132,validation,completed/seed_1790793809397/final.xml
2248,1790793809405,3,259867,120.0057786,train,completed/seed_1790793809405/final.xml
2249,1790793809409,3,260909,120.0058937,train,completed/seed_1790793809409/final.xml
2250,1790793809411,3,261904,120.0039414,train,completed/seed_1790793809411/final.xml
2251,1790793809412,3,260950,120.0056871,train,completed/seed_1790793809412/final.xml
2252,1790793809414,3,261949,120.0056871,train,completed/seed_1790793809414/final.xml
2253,1790793809437,3,262356,120.0057111,train,completed/seed_1790793809437/final.xml
2254,1790793809440,3,243178,120.0055475,train,completed/seed_1790793809440/final.xml
2255,1790793809441,3,257057,120.0060418,train,completed/seed_1790793809441/final.xml
2256,1790793809442,3,258586,120.0058494,validation,completed/seed_1790793809442/final.xml
2257,1790793809447,3,267735,120.0059938,train,completed/seed_1790793809447/final.xml
2258,1790793809453,3,261593,120.0060342,train,completed/seed_1790793809453/final.xml
2259,1790793809455,3,265387,120.0058405,train,completed/seed_1790793809455/final.xml
2260,1790793809461,3,264754,120.0056061,train,completed/seed_1790793809461/final.xml
2261,1790793809462,3,257035,120.0055758,train,completed/seed_1790793809462/final.xml
2262,1790793809464,3,244197,120.0056902,train,completed/seed_1790793809464/final.xml
2263,1790793809475,3,263268,120.0058331,train,completed/seed_1790793809475/final.xml
2264,1790793809488,3,262624,120.0042787,train,completed/seed_1790793809488/final.xml
2265,1790793809494,3,266100,120.0060955,train,completed/seed_1790793809494/final.xml
2266,1790793809495,3,261231,120.006502,train,completed/seed_1790793809495/final.xml
2267,1790793809498,3,246861,120.0046289,train,completed/seed_1790793809498/final.xml
2268,1790793809505,3,261925,120.0053379,validation,completed/seed_1790793809505/final.xml
2269,1790793809521,3,260161,120.0057394,train,completed/seed_1790793809521/final.xml
2270,1790793809524,3,260516,120.0062196,train,completed/seed_1790793809524/final.xml
2271,1790793809527,3,243647,120.006205,train,completed/seed_1790793809527/final.xml
2272,1790793809529,3,259220,120.0070077,train,completed/seed_1790793809529/final.xml
2273,1790793809531,3,252543,120.0059256,train,completed/seed_1790793809531/final.xml
2274,1790793809534,3,252120,120.0058741,train,completed/seed_1790793809534/final.xml
2275,1790793809543,3,259709,120.006301,train,completed/seed_1790793809543/final.xml
2276,1790793809549,3,267057,120.0069123,validation,completed/seed_1790793809549/final.xml
2277,1790793809554,3,260752,120.0040452,train,completed/seed_1790793809554/final.xml
2278,1790793809556,3,258645,120.0060093,train,completed/seed_1790793809556/final.xml
2279,1790793809563,3,254423,120.0058174,train,completed/seed_1790793809563/final.xml
2280,1790793809577,3,259858,120.0059945,train,completed/seed_1790793809577/final.xml
2281,1790793809578,3,261204,120.0061689,train,completed/seed_1790793809578/final.xml
2282,1790793809581,3,258872,120.0063258,train,completed/seed_1790793809581/final.xml
2283,1790793809609,3,265678,120.0060168,train,completed/seed_1790793809609/final.xml
2284,1790793809618,3,251881,120.0063452,train,completed/seed_1790793809618/final.xml
2285,1790793809622,3,260950,120.0065539,train,completed/seed_1790793809622/final.xml
2286,1790793809629,3,258667,120.0057573,train,completed/seed_1790793809629/final.xml
2287,1790793809645,3,255151,120.006564,train,completed/seed_1790793809645/final.xml
2288,1790793809649,3,255788,120.006089,train,completed/seed_1790793809649/final.xml
2289,1790793809650,3,259628,120.0061258,validation,completed/seed_1790793809650/final.xml
2290,1790793809653,3,260100,120.006068,train,completed/seed_1790793809653/final.xml
2291,1790793809654,3,264122,120.0063866,train,completed/seed_1790793809654/final.xml
2292,1790793809655,3,246612,120.0056522,train,completed/seed_1790793809655/final.xml
2293,1790793809658,3,243101,120.0038076,train,completed/seed_1790793809658/final.xml
2294,1790793809688,3,255874,120.0037609,train,completed/seed_1790793809688/final.xml
2295,1790793809695,3,255894,120.0058476,train,completed/seed_1790793809695/final.xml
2296,1790793809701,3,242204,120.0039416,validation,completed/seed_1790793809701/final.xml
2297,1790793809710,3,259157,120.0064401,train,completed/seed_1790793809710/final.xml
2298,1790793809712,3,252980,120.006002,validation,completed/seed_1790793809712/final.xml
2299,1790793809724,3,261093,120.0062858,train,completed/seed_1790793809724/final.xml
2300,1790793809731,3,263152,120.0059697,train,completed/seed_1790793809731/final.xml
2301,1790793809736,3,259213,120.0065156,train,completed/seed_1790793809736/final.xml
2302,1790793809752,3,257909,120.0058966,train,completed/seed_1790793809752/final.xml
2303,1790793809758,3,258366,120.0057517,train,completed/seed_1790793809758/final.xml
2304,1790793809763,3,255649,120.0059218,train,completed/seed_1790793809763/final.xml
2305,1790793809782,3,258223,120.0066735,train,completed/seed_1790793809782/final.xml
2306,1790793809786,3,256387,120.0066255,train,completed/seed_1790793809786/final.xml
2307,1790793809787,3,252543,120.0065769,train,completed/seed_1790793809787/final.xml
2308,1790793809789,3,256994,120.0062463,train,completed/seed_1790793809789/final.xml
2309,1790793809798,3,257196,120.0050053,validation,completed/seed_1790793809798/final.xml
2310,1790793809799,3,252658,120.0060299,train,completed/seed_1790793809799/final.xml
2311,1790793809802,3,253380,120.0059661,train,completed/seed_1790793809802/final.xml
2312,1790793809805,3,253717,120.0060913,train,completed/seed_1790793809805/final.xml
2313,1790793809808,3,257927,120.0066498,train,completed/seed_1790793809808/final.xml
2314,1790793809809,3,250313,120.0067121,train,completed/seed_1790793809809/final.xml
2315,1790793809810,3,257173,120.0063694,train,completed/seed_1790793809810/final.xml
2316,1790793809815,3,254273,120.0141117,validation,completed/seed_1790793809815/final.xml
2317,1790793809819,3,257209,120.0057968,validation,completed/seed_1790793809819/final.xml
2318,1790793809824,3,259446,120.0059899,validation,completed/seed_1790793809824/final.xml
2319,1790793809826,3,256319,120.0058274,train,completed/seed_1790793809826/final.xml
2320,1790793809833,3,256957,120.0057687,validation,completed/seed_1790793809833/final.xml
2321,1790793809843,3,241619,120.0058737,validation,completed/seed_1790793809843/final.xml
2322,1790793809845,3,253377,120.0062913,train,completed/seed_1790793809845/final.xml
2323,1790793809852,3,244866,120.0060577,train,completed/seed_1790793809852/final.xml
2324,1790793809854,3,257891,120.0040564,train,completed/seed_1790793809854/final.xml
2325,1790793809857,3,251925,120.0052236,validation,completed/seed_1790793809857/final.xml
2326,1790793809859,3,257363,120.0056736,validation,completed/seed_1790793809859/final.xml
2327,1790793809861,3,258537,120.0043697,validation,completed/seed_1790793809861/final.xml
2328,1790793809876,3,256771,120.0066758,validation,completed/seed_1790793809876/final.xml
2329,1790793809879,3,254148,120.0061131,train,completed/seed_1790793809879/final.xml
2330,1790793809904,3,258757,120.0058636,train,completed/seed_1790793809904/final.xml
2331,1790793809906,3,253886,120.0056805,validation,completed/seed_1790793809906/final.xml
2332,1790793809907,3,256752,120.0058541,train,completed/seed_1790793809907/final.xml
2333,1790793809908,3,242079,120.0065682,train,completed/seed_1790793809908/final.xml
2334,1790793809909,3,262140,120.0063244,train,completed/seed_1790793809909/final.xml
2335,1790793809921,3,258007,120.0064536,train,completed/seed_1790793809921/final.xml
2336,1790793809941,3,258943,120.0060178,train,completed/seed_1790793809941/final.xml
2337,1790793809946,3,257921,120.0057708,train,completed/seed_1790793809946/final.xml
2338,1790793809947,3,259334,120.0042003,validation,completed/seed_1790793809947/final.xml
2339,1790793809966,3,255972,120.0056872,validation,completed/seed_1790793809966/final.xml
2340,1790793809968,3,255363,120.0063803,validation,completed/seed_1790793809968/final.xml
2341,1790793809971,3,257141,120.0050745,train,completed/seed_1790793809971/final.xml
2342,1790793809975,3,256853,120.0059245,train,completed/seed_1790793809975/final.xml
2343,1790793809977,3,253934,120.0039282,train,completed/seed_1790793809977/final.xml
2344,1790793809982,3,259206,120.005933,train,completed/seed_1790793809982/final.xml
2345,1790793810005,3,256976,120.0061147,train,completed/seed_1790793810005/final.xml
2346,1790793810006,3,252543,120.0054784,train,completed/seed_1790793810006/final.xml
2347,1790793810012,3,253794,120.0061399,train,completed/seed_1790793810012/final.xml
2348,1790793810013,3,254245,120.006318,validation,completed/seed_1790793810013/final.xml
2349,1790793810016,3,257298,120.0064706,train,completed/seed_1790793810016/final.xml
2350,1790793810021,3,260746,120.0059609,train,completed/seed_1790793810021/final.xml
2351,1790793810035,3,256205,120.0061236,train,completed/seed_1790793810035/final.xml
2352,1790793810036,3,254937,120.0053812,train,completed/seed_1790793810036/final.xml
2353,1790793810037,3,254588,120.0046666,train,completed/seed_1790793810037/final.xml
2354,1790793810045,3,254116,120.0061712,train,completed/seed_1790793810045/final.xml
2355,1790793810053,3,261619,120.0062644,train,completed/seed_1790793810053/final.xml
2356,1790793810092,3,265259,120.0032318,train,completed/seed_1790793810092/final.xml
2357,1790793807629,4,240275,120.0055878,train,completed/seed_1790793807629/final.xml
2358,1790793807631,4,254513,120.005024,train,completed/seed_1790793807631/final.xml
2359,1790793807641,4,264621,120.0053699,validation,completed/seed_1790793807641/final.xml
2360,1790793807693,4,258489,120.0069575,train,completed/seed_1790793807693/final.xml
2361,1790793807727,4,265146,120.0084935,train,completed/seed_1790793807727/final.xml
2362,1790793807760,4,262199,120.009304,train,completed/seed_1790793807760/final.xml
2363,1790793807768,4,247564,120.0055592,train,completed/seed_1790793807768/final.xml
2364,1790793807777,4,244604,120.0043548,train,completed/seed_1790793807777/final.xml
2365,1790793807786,4,266237,120.0052303,train,completed/seed_1790793807786/final.xml
2366,1790793807809,4,264090,120.0062744,validation,completed/seed_1790793807809/final.xml
2367,1790793807810,4,260319,120.0066012,train,completed/seed_1790793807810/final.xml
2368,1790793807816,4,267379,120.0052155,train,completed/seed_1790793807816/final.xml
2369,1790793807887,4,248466,120.0056861,train,completed/seed_1790793807887/final.xml
2370,1790793807893,4,254205,120.0057402,validation,completed/seed_1790793807893/final.xml
2371,1790793807926,4,245940,120.0059556,train,completed/seed_1790793807926/final.xml
2372,1790793807940,4,262017,120.0067754,train,completed/seed_1790793807940/final.xml
2373,1790793807944,4,264097,120.0066629,train,completed/seed_1790793807944/final.xml
2374,1790793807947,4,265700,120.0056789,validation,completed/seed_1790793807947/final.xml
2375,1790793807965,4,264840,120.0058959,train,completed/seed_1790793807965/final.xml
2376,1790793807971,4,255301,120.0051742,train,completed/seed_1790793807971/final.xml
2377,1790793807976,4,266685,120.0057404,validation,completed/seed_1790793807976/final.xml
2378,1790793807996,4,263612,120.0057599,train,completed/seed_1790793807996/final.xml
2379,1790793808025,4,243862,120.0055162,train,completed/seed_1790793808025/final.xml
2380,1790793808028,4,245319,120.0062467,train,completed/seed_1790793808028/final.xml
2381,1790793808036,4,264129,120.0061367,validation,completed/seed_1790793808036/final.xml
2382,1790793808042,4,271746,120.0061776,train,completed/seed_1790793808042/final.xml
2383,1790793808047,4,264029,120.0063267,train,completed/seed_1790793808047/final.xml
2384,1790793808057,4,262341,120.0058605,train,completed/seed_1790793808057/final.xml
2385,1790793808078,4,261354,120.0056516,train,completed/seed_1790793808078/final.xml
2386,1790793808155,4,263342,120.0056875,train,completed/seed_1790793808155/final.xml
2387,1790793808237,4,264896,120.0060305,train,completed/seed_1790793808237/final.xml
2388,1790793808247,4,263456,120.0059867,train,completed/seed_1790793808247/final.xml
2389,1790793808276,4,265247,120.0059198,train,completed/seed_1790793808276/final.xml
2390,1790793808284,4,267252,120.0056591,train,completed/seed_1790793808284/final.xml
2391,1790793808292,4,265861,120.0061881,validation,completed/seed_1790793808292/final.xml
2392,1790793808308,4,264220,120.0056773,train,completed/seed_1790793808308/final.xml
2393,1790793808321,4,265836,120.0037005,train,completed/seed_1790793808321/final.xml
2394,1790793808342,4,269250,120.0061518,train,completed/seed_1790793808342/final.xml
2395,1790793808352,4,246005,120.0064495,train,completed/seed_1790793808352/final.xml
2396,1790793808357,4,263208,120.0053392,train,completed/seed_1790793808357/final.xml
2397,1790793808363,4,263915,120.0061137,train,completed/seed_1790793808363/final.xml
2398,1790793808366,4,270612,120.0040642,train,completed/seed_1790793808366/final.xml
2399,1790793808369,4,266826,120.0059076,train,completed/seed_1790793808369/final.xml
2400,1790793808375,4,264898,120.0055198,train,completed/seed_1790793808375/final.xml
2401,1790793808385,4,264235,120.0060074,train,completed/seed_1790793808385/final.xml
2402,1790793808410,4,265824,120.0060382,train,completed/seed_1790793808410/final.xml
2403,1790793808426,4,266011,120.0059549,train,completed/seed_1790793808426/final.xml
2404,1790793808465,4,265822,120.0058622,train,completed/seed_1790793808465/final.xml
2405,1790793808492,4,263590,120.0075912,train,completed/seed_1790793808492/final.xml
2406,1790793808508,4,266085,120.015161,train,completed/seed_1790793808508/final.xml
2407,1790793808512,4,267124,120.0063621,train,completed/seed_1790793808512/final.xml
2408,1790793808525,4,262985,120.0063818,train,completed/seed_1790793808525/final.xml
2409,1790793808529,4,264130,120.0050508,train,completed/seed_1790793808529/final.xml
2410,1790793808532,4,268246,120.0062387,validation,completed/seed_1790793808532/final.xml
2411,1790793808555,4,262904,120.0058419,validation,completed/seed_1790793808555/final.xml
2412,1790793808624,4,265518,120.0043181,train,completed/seed_1790793808624/final.xml
2413,1790793808636,4,260436,120.0039473,train,completed/seed_1790793808636/final.xml
2414,1790793808655,4,263399,120.005951,validation,completed/seed_1790793808655/final.xml
2415,1790793808658,4,267536,120.0056176,validation,completed/seed_1790793808658/final.xml
2416,1790793808679,4,273538,120.0066235,train,completed/seed_1790793808679/final.xml
2417,1790793808693,4,266378,120.0050887,validation,completed/seed_1790793808693/final.xml
2418,1790793808706,4,263108,120.0057035,train,completed/seed_1790793808706/final.xml
2419,1790793808711,4,267858,120.0047702,train,completed/seed_1790793808711/final.xml
2420,1790793808734,4,264379,120.006562,train,completed/seed_1790793808734/final.xml
2421,1790793808741,4,264871,120.0043071,train,completed/seed_1790793808741/final.xml
2422,1790793808750,4,261640,120.0059692,train,completed/seed_1790793808750/final.xml
2423,1790793808761,4,260372,120.0068191,train,completed/seed_1790793808761/final.xml
2424,1790793808763,4,260355,120.0055833,train,completed/seed_1790793808763/final.xml
2425,1790793808766,4,269318,120.0063481,train,completed/seed_1790793808766/final.xml
2426,1790793808784,4,251119,120.0065126,train,completed/seed_1790793808784/final.xml
2427,1790793808799,4,265431,120.0063057,train,completed/seed_1790793808799/final.xml
2428,1790793808819,4,267194,120.0058023,validation,completed/seed_1790793808819/final.xml
2429,1790793808854,4,264482,120.0062978,train,completed/seed_1790793808854/final.xml
2430,1790793808856,4,265433,120.003865,validation,completed/seed_1790793808856/final.xml
2431,1790793808862,4,262661,120.0064647,train,completed/seed_1790793808862/final.xml
2432,1790793808882,4,247460,120.0059082,train,completed/seed_1790793808882/final.xml
2433,1790793808900,4,261831,120.0061734,train,completed/seed_1790793808900/final.xml
2434,1790793808903,4,262426,120.0069643,train,completed/seed_1790793808903/final.xml
2435,1790793808913,4,267361,120.0059123,validation,completed/seed_1790793808913/final.xml
2436,1790793808940,4,260972,120.0062542,validation,completed/seed_1790793808940/final.xml
2437,1790793808958,4,262944,120.0069458,train,completed/seed_1790793808958/final.xml
2438,1790793808997,4,258127,120.005859,train,completed/seed_1790793808997/final.xml
2439,1790793809001,4,263176,120.0061555,train,completed/seed_1790793809001/final.xml
2440,1790793809020,4,264500,120.0059734,train,completed/seed_1790793809020/final.xml
2441,1790793809090,4,263081,120.0048364,train,completed/seed_1790793809090/final.xml
2442,1790793809173,4,261822,120.0040389,train,completed/seed_1790793809173/final.xml
2443,1790793809184,4,261786,120.0064025,train,completed/seed_1790793809184/final.xml
2444,1790793809210,4,268494,120.00543,validation,completed/seed_1790793809210/final.xml
2445,1790793809309,4,261301,120.006007,train,completed/seed_1790793809309/final.xml
2446,1790793809318,4,265295,120.0066254,train,completed/seed_1790793809318/final.xml
2447,1790793809352,4,254722,120.0062658,train,completed/seed_1790793809352/final.xml
2448,1790793809371,4,259675,120.0047121,train,completed/seed_1790793809371/final.xml
2449,1790793809419,4,259889,120.0061472,train,completed/seed_1790793809419/final.xml
2450,1790793809451,4,260000,120.0058431,train,completed/seed_1790793809451/final.xml
2451,1790793809473,4,258527,120.0057921,train,completed/seed_1790793809473/final.xml
2452,1790793809487,4,258713,120.0058928,train,completed/seed_1790793809487/final.xml
2453,1790793809520,4,258259,120.0061674,validation,completed/seed_1790793809520/final.xml
2454,1790793809539,4,248500,120.005974,train,completed/seed_1790793809539/final.xml
2455,1790793809548,4,255023,120.0062661,train,completed/seed_1790793809548/final.xml
2456,1790793809589,4,254484,120.0063474,train,completed/seed_1790793809589/final.xml
2457,1790793809666,4,256418,120.0063514,train,completed/seed_1790793809666/final.xml
2458,1790793809718,4,253496,120.0037928,train,completed/seed_1790793809718/final.xml
2459,1790793809729,4,262873,120.0053292,validation,completed/seed_1790793809729/final.xml
2460,1790793809768,4,240967,120.0038184,train,completed/seed_1790793809768/final.xml
2461,1790793809772,4,255202,120.0068924,train,completed/seed_1790793809772/final.xml
2462,1790793809785,4,257792,120.0066091,train,completed/seed_1790793809785/final.xml
2463,1790793809792,4,255491,120.0064722,train,completed/seed_1790793809792/final.xml
2464,1790793809817,4,252563,120.0055726,train,completed/seed_1790793809817/final.xml
2465,1790793809853,4,257895,120.0059264,train,completed/seed_1790793809853/final.xml
2466,1790793809870,4,255214,120.0065504,train,completed/seed_1790793809870/final.xml
2467,1790793809902,4,259050,120.0042043,train,completed/seed_1790793809902/final.xml
2468,1790793809915,4,256560,120.0039737,train,completed/seed_1790793809915/final.xml
2469,1790793809922,4,253081,120.0061537,train,completed/seed_1790793809922/final.xml
2470,1790793809965,4,257695,120.0039186,train,completed/seed_1790793809965/final.xml
2471,1790793809979,4,255285,120.0060805,train,completed/seed_1790793809979/final.xml
2472,1790793809989,4,243313,120.0059414,train,completed/seed_1790793809989/final.xml
2473,1790793810049,4,255243,120.0067454,train,completed/seed_1790793810049/final.xml
2474,1790793810059,4,260604,120.0064787,train,completed/seed_1790793810059/final.xml
2475,1790793807638,5,257753,120.006721,train,completed/seed_1790793807638/final.xml
2476,1790793807721,5,265369,120.0059903,validation,completed/seed_1790793807721/final.xml
2477,1790793807839,5,260481,120.0060305,train,completed/seed_1790793807839/final.xml
2478,1790793807908,5,249412,120.006212,train,completed/seed_1790793807908/final.xml
2479,1790793808105,5,267670,120.0054447,train,completed/seed_1790793808105/final.xml
2480,1790793808116,5,266558,120.005123,train,completed/seed_1790793808116/final.xml
2481,1790793808128,5,259532,120.006278,train,completed/seed_1790793808128/final.xml
2482,1790793808419,5,265242,120.0062273,train,completed/seed_1790793808419/final.xml
2483,1790793808729,5,261088,120.0040314,train,completed/seed_1790793808729/final.xml
2484,1790793808808,5,252626,120.0058696,train,completed/seed_1790793808808/final.xml
2485,1790793808860,5,268493,120.0061556,validation,completed/seed_1790793808860/final.xml
2486,1790793808926,5,262437,120.0039341,train,completed/seed_1790793808926/final.xml
2487,1790793809032,5,252123,120.0039804,train,completed/seed_1790793809032/final.xml
2488,1790793809119,5,263231,120.0062684,validation,completed/seed_1790793809119/final.xml
2489,1790793809219,5,265478,120.0061347,train,completed/seed_1790793809219/final.xml
2490,1790793809418,5,258370,120.0051288,train,completed/seed_1790793809418/final.xml
2491,1790793809807,5,256952,120.0054905,train,completed/seed_1790793809807/final.xml
2492,1790793809832,5,256277,120.0086448,train,completed/seed_1790793809832/final.xml
2493,1790793809897,5,251622,120.0069034,train,completed/seed_1790793809897/final.xml
2494,1790793809936,5,258251,120.006366,train,completed/seed_1790793809936/final.xml
2495,1790793809964,5,260803,120.0043073,validation,completed/seed_1790793809964/final.xml
2496,1790793809991,5,261937,120.0046858,train,completed/seed_1790793809991/final.xml
2497,1790793809996,5,255046,120.006051,train,completed/seed_1790793809996/final.xml
2498,1790793808064,6,258121,120.0061325,train,completed/seed_1790793808064/final.xml
2499,1790793809599,6,260540,120.0063052,validation,completed/seed_1790793809599/final.xml
