seed,df,nearest_seed,nearest_df,different_classes,different_blocks
1790793807699,1,1790793807834,2,331,457
1790793807773,1,1790793808282,2,333,461
1790793808132,1,1790793808946,3,333,458
1790793808223,1,1790793807763,2,333,454
1790793808457,1,1790793809025,2,332,463
1790793808536,1,1790793810029,2,325,448
1790793808553,1,1790793807953,2,332,459
1790793808594,1,1790793808638,2,330,455
1790793808817,1,1790793807716,3,333,457
1790793809794,1,1790793809364,2,330,457
1790793809804,1,1790793807953,2,335,462
1790793810065,1,1790793809235,2,328,449
1790793807599,2,1790793809378,3,329,450
1790793807600,2,1790793808357,4,329,455
1790793807601,2,1790793808158,2,333,459
1790793807602,2,1790793808914,2,333,442
1790793807603,2,1790793809926,2,333,462
1790793807604,2,1790793807867,3,326,456
1790793807605,2,1790793808670,2,331,454
1790793807606,2,1790793807833,2,326,461
1790793807607,2,1790793809420,2,331,445
1790793807608,2,1790793807965,4,330,467
1790793807610,2,1790793809878,2,333,462
1790793807611,2,1790793808373,2,331,449
1790793807612,2,1790793807898,2,331,450
1790793807615,2,1790793809752,3,332,468
1790793807616,2,1790793807875,2,330,448
1790793807617,2,1790793809455,3,332,448
1790793807618,2,1790793808368,2,331,451
1790793807619,2,1790793809436,2,334,462
1790793807621,2,1790793807885,2,332,459
1790793807622,2,1790793808018,2,332,456
1790793807623,2,1790793807795,2,334,456
1790793807624,2,1790793808858,2,334,449
1790793807625,2,1790793808744,2,329,464
1790793807626,2,1790793807965,4,332,454
1790793807627,2,1790793808671,2,334,455
1790793807630,2,1790793809326,3,331,445
1790793807632,2,1790793808230,2,330,446
1790793807634,2,1790793808980,3,328,465
1790793807635,2,1790793808751,2,333,467
1790793807636,2,1790793809088,3,330,458
1790793807637,2,1790793808693,4,329,454
1790793807639,2,1790793809788,2,330,458
1790793807640,2,1790793809644,2,333,472
1790793807642,2,1790793808038,2,334,456
1790793807643,2,1790793809569,2,334,455
1790793807644,2,1790793809477,2,327,448
1790793807648,2,1790793809618,3,335,453
1790793807649,2,1790793808368,2,334,456
1790793807651,2,1790793807652,2,334,451
1790793807652,2,1790793809286,2,332,455
1790793807655,2,1790793808025,4,330,450
1790793807656,2,1790793807600,2,331,447
1790793807658,2,1790793809487,4,330,458
1790793807660,2,1790793808778,3,329,448
1790793807662,2,1790793808282,2,330,462
1790793807664,2,1790793807884,2,326,463
1790793807665,2,1790793807795,2,334,453
1790793807666,2,1790793809914,2,327,455
1790793807667,2,1790793807892,3,331,459
1790793807668,2,1790793809021,3,329,447
1790793807669,2,1790793808299,2,333,458
1790793807670,2,1790793808286,2,330,453
1790793807672,2,1790793808585,2,331,450
1790793807673,2,1790793808764,2,335,464
1790793807674,2,1790793808410,4,331,455
1790793807675,2,1790793809738,2,329,441
1790793807676,2,1790793808182,2,330,458
1790793807677,2,1790793809443,2,332,450
1790793807678,2,1790793808455,3,330,459
1790793807679,2,1790793807919,2,329,451
1790793807680,2,1790793808352,4,328,452
1790793807681,2,1790793809866,2,328,449
1790793807682,2,1790793809671,2,332,444
1790793807684,2,1790793808150,2,333,461
1790793807685,2,1790793807901,2,335,459
1790793807686,2,1790793809772,4,332,453
1790793807687,2,1790793808037,2,331,450
1790793807688,2,1790793809214,2,332,461
1790793807689,2,1790793809710,3,333,447
1790793807690,2,1790793808080,2,333,446
1790793807692,2,1790793808495,2,327,459
1790793807694,2,1790793809014,3,330,453
1790793807695,2,1790793808249,2,330,454
1790793807698,2,1790793809839,2,330,450
1790793807700,2,1790793808031,2,325,455
1790793807701,2,1790793808089,2,332,446
1790793807702,2,1790793809798,3,333,447
1790793807703,2,1790793809146,2,332,458
1790793807704,2,1790793808818,2,334,456
1790793807705,2,1790793809777,2,328,447
1790793807706,2,1790793807952,2,330,464
1790793807707,2,1790793809876,3,332,462
1790793807708,2,1790793809321,2,329,453
1790793807710,2,1790793809867,2,330,457
1790793807711,2,1790793807694,2,334,454
1790793807712,2,1790793808846,2,332,461
1790793807713,2,1790793807697,3,332,463
1790793807714,2,1790793807870,2,331,459
1790793807715,2,1790793808902,2,330,448
1790793807717,2,1790793809400,2,332,441
1790793807718,2,1790793809098,2,333,469
1790793807719,2,1790793807916,2,333,454
1790793807720,2,1790793809156,3,326,451
1790793807722,2,1790793809816,2,329,451
1790793807723,2,1790793807707,2,333,472
1790793807724,2,1790793807864,2,331,454
1790793807726,2,1790793808630,2,332,464
1790793807729,2,1790793809067,2,333,467
1790793807731,2,1790793808127,2,334,462
1790793807732,2,1790793809664,2,333,451
1790793807733,2,1790793808338,2,332,453
1790793807734,2,1790793809834,2,330,463
1790793807735,2,1790793809787,3,330,443
1790793807736,2,1790793810024,2,325,446
1790793807737,2,1790793809322,2,333,452
1790793807738,2,1790793809779,2,332,454
1790793807739,2,1790793808072,2,332,460
1790793807740,2,1790793809309,4,330,458
1790793807742,2,1790793808295,2,334,463
1790793807744,2,1790793808895,2,333,449
1790793807745,2,1790793808780,2,333,460
1790793807746,2,1790793807958,2,333,457
1790793807747,2,1790793809694,2,331,459
1790793807748,2,1790793808733,2,331,447
1790793807749,2,1790793808258,2,331,451
1790793807750,2,1790793808236,3,332,446
1790793807751,2,1790793809895,2,331,456
1790793807752,2,1790793809659,2,335,459
1790793807754,2,1790793809424,2,332,447
1790793807755,2,1790793807678,2,333,458
1790793807756,2,1790793807757,2,333,449
1790793807757,2,1790793808592,2,330,446
1790793807758,2,1790793808973,2,330,454
1790793807759,2,1790793807639,2,332,455
1790793807761,2,1790793808771,2,332,456
1790793807762,2,1790793808409,2,333,465
1790793807763,2,1790793809718,4,331,460
1790793807764,2,1790793809281,2,331,461
1790793807765,2,1790793808285,2,333,473
1790793807766,2,1790793808434,2,331,457
1790793807767,2,1790793810045,3,331,446
1790793807770,2,1790793809143,2,332,441
1790793807771,2,1790793808771,2,329,458
1790793807772,2,1790793807798,2,331,456
1790793807775,2,1790793808392,2,327,442
1790793807776,2,1790793808346,2,332,450
1790793807778,2,1790793808392,2,333,455
1790793807779,2,1790793808291,2,329,442
1790793807780,2,1790793807838,3,332,455
1790793807781,2,1790793808030,3,333,449
1790793807783,2,1790793809115,3,333,456
1790793807784,2,1790793807953,2,334,451
1790793807785,2,1790793808726,2,330,461
1790793807787,2,1790793808803,2,332,452
1790793807788,2,1790793809204,2,331,458
1790793807789,2,1790793807772,2,332,458
1790793807790,2,1790793808475,2,335,459
1790793807791,2,1790793808310,2,331,458
1790793807792,2,1790793809633,2,328,447
1790793807793,2,1790793808899,2,331,456
1790793807794,2,1790793809879,3,328,461
1790793807795,2,1790793809185,2,330,456
1790793807796,2,1790793808085,2,332,451
1790793807797,2,1790793807969,2,334,455
1790793807798,2,1790793807772,2,331,456
1790793807799,2,1790793808104,2,333,467
1790793807800,2,1790793809965,4,331,461
1790793807801,2,1790793807723,2,334,449
1790793807802,2,1790793807735,2,332,457
1790793807803,2,1790793809874,2,333,470
1790793807804,2,1790793808804,2,332,456
1790793807805,2,1790793809635,2,327,455
1790793807806,2,1790793808023,2,332,450
1790793807807,2,1790793808339,2,334,470
1790793807811,2,1790793808208,2,332,458
1790793807812,2,1790793808176,2,331,459
1790793807813,2,1790793809779,2,334,458
1790793807814,2,1790793809070,2,332,465
1790793807817,2,1790793809094,2,327,439
1790793807818,2,1790793809429,2,330,447
1790793807820,2,1790793808348,2,330,455
1790793807821,2,1790793809782,3,333,460
1790793807823,2,1790793808352,4,328,444
1790793807824,2,1790793807630,2,333,467
1790793807825,2,1790793810014,2,327,461
1790793807826,2,1790793809607,2,334,447
1790793807827,2,1790793810083,2,332,462
1790793807828,2,1790793809013,2,335,473
1790793807829,2,1790793809635,2,328,456
1790793807830,2,1790793807632,2,332,451
1790793807831,2,1790793807949,2,336,461
1790793807832,2,1790793809335,2,332,448
1790793807833,2,1790793807606,2,326,461
1790793807834,2,1790793807699,1,331,457
1790793807835,2,1790793809657,2,332,456
1790793807836,2,1790793809031,2,328,459
1790793807837,2,1790793809711,2,334,450
1790793807840,2,1790793808403,2,330,450
1790793807841,2,1790793807829,2,333,469
1790793807842,2,1790793809115,3,331,462
1790793807843,2,1790793808649,2,333,456
1790793807844,2,1790793809135,2,327,452
1790793807845,2,1790793810035,3,330,448
1790793807846,2,1790793809278,2,332,449
1790793807848,2,1790793808885,2,330,457
1790793807849,2,1790793808303,2,334,454
1790793807851,2,1790793809949,2,330,440
1790793807852,2,1790793810052,2,329,451
1790793807853,2,1790793808182,2,333,467
1790793807854,2,1790793809369,2,333,458
1790793807856,2,1790793809329,2,331,466
1790793807857,2,1790793809874,2,332,457
1790793807858,2,1790793809253,2,330,459
1790793807859,2,1790793809232,2,332,463
1790793807860,2,1790793809746,2,331,452
1790793807861,2,1790793807671,3,334,457
1790793807862,2,1790793808272,2,335,456
1790793807863,2,1790793809473,4,333,456
1790793807864,2,1790793807724,2,331,454
1790793807865,2,1790793809186,3,329,460
1790793807868,2,1790793807877,2,333,452
1790793807869,2,1790793809549,3,333,443
1790793807870,2,1790793807714,2,331,459
1790793807871,2,1790793809614,2,331,441
1790793807872,2,1790793810003,2,331,458
1790793807873,2,1790793808803,2,333,454
1790793807874,2,1790793808547,2,332,451
1790793807875,2,1790793807616,2,330,448
1790793807876,2,1790793807886,2,333,451
1790793807877,2,1790793809790,2,329,445
1790793807878,2,1790793808338,2,335,458
1790793807879,2,1790793809257,2,333,466
1790793807880,2,1790793807792,2,335,460
1790793807881,2,1790793810066,2,333,460
1790793807882,2,1790793807749,2,333,453
1790793807884,2,1790793807664,2,326,463
1790793807885,2,1790793807621,2,332,459
1790793807886,2,1790793807973,2,331,453
1790793807888,2,1790793807990,2,333,443
1790793807889,2,1790793809405,3,333,461
1790793807890,2,1790793809635,2,332,448
1790793807891,2,1790793808567,2,332,450
1790793807894,2,1790793808477,2,331,455
1790793807895,2,1790793809193,3,328,465
1790793807896,2,1790793807851,2,334,458
1790793807898,2,1790793807612,2,331,450
1790793807899,2,1790793809369,2,330,459
1790793807900,2,1790793808500,2,334,456
1790793807901,2,1790793808373,2,331,458
1790793807902,2,1790793809007,3,332,445
1790793807903,2,1790793807977,2,330,451
1790793807904,2,1790793808472,2,330,430
1790793807905,2,1790793809182,2,333,455
1790793807911,2,1790793808558,2,333,475
1790793807912,2,1790793807671,3,333,447
1790793807913,2,1790793807600,2,332,458
1790793807914,2,1790793808192,2,330,459
1790793807915,2,1790793809872,2,331,457
1790793807916,2,1790793807719,2,333,454
1790793807919,2,1790793807679,2,329,451
1790793807920,2,1790793808488,2,331,459
1790793807921,2,1790793809613,2,331,466
1790793807922,2,1790793808602,2,334,457
1790793807923,2,1790793808024,3,329,442
1790793807925,2,1790793809246,2,329,445
1790793807928,2,1790793808109,2,334,458
1790793807929,2,1790793809375,2,332,450
1790793807930,2,1790793807969,2,332,456
1790793807931,2,1790793808115,2,330,444
1790793807932,2,1790793808009,2,327,447
1790793807933,2,1790793809852,3,332,458
1790793807934,2,1790793807774,3,330,457
1790793807935,2,1790793809890,2,330,459
1790793807936,2,1790793808092,2,328,445
1790793807937,2,1790793808917,2,330,454
1790793807938,2,1790793808890,2,334,466
1790793807939,2,1790793808931,2,334,451
1790793807941,2,1790793808270,2,329,456
1790793807942,2,1790793808097,2,331,457
1790793807943,2,1790793809652,2,331,456
1790793807945,2,1790793809573,2,327,440
1790793807946,2,1790793809767,2,330,455
1790793807948,2,1790793808640,2,332,458
1790793807949,2,1790793808024,3,332,457
1790793807950,2,1790793808777,2,333,466
1790793807952,2,1790793807706,2,330,464
1790793807953,2,1790793809459,2,328,451
1790793807954,2,1790793809802,3,332,459
1790793807956,2,1790793808996,2,332,449
1790793807957,2,1790793807911,2,334,464
1790793807958,2,1790793808108,2,331,448
1790793807959,2,1790793807992,3,333,457
1790793807960,2,1790793809120,2,331,450
1790793807961,2,1790793808061,2,332,458
1790793807963,2,1790793808073,2,335,462
1790793807964,2,1790793808114,2,328,443
1790793807966,2,1790793807802,2,333,462
1790793807967,2,1790793807934,2,332,457
1790793807968,2,1790793808681,2,325,453
1790793807969,2,1790793807792,2,331,461
1790793807970,2,1790793808661,2,333,455
1790793807972,2,1790793808346,2,330,448
1790793807973,2,1790793807886,2,331,453
1790793807974,2,1790793809419,4,332,448
1790793807975,2,1790793808454,2,332,461
1790793807977,2,1790793807903,2,330,451
1790793807978,2,1790793808227,3,332,455
1790793807979,2,1790793809791,2,332,446
1790793807980,2,1790793808789,2,335,464
1790793807981,2,1790793808359,2,330,446
1790793807982,2,1790793808658,4,327,457
1790793807983,2,1790793809231,2,333,467
1790793807984,2,1790793809399,2,332,455
1790793807985,2,1790793809292,2,328,452
1790793807986,2,1790793809971,3,329,448
1790793807987,2,1790793808310,2,331,460
1790793807988,2,1790793808244,2,331,453
1790793807989,2,1790793808372,2,329,452
1790793807990,2,1790793807888,2,333,443
1790793807991,2,1790793808238,2,335,458
1790793807993,2,1790793808812,2,331,460
1790793807997,2,1790793808353,2,331,468
1790793807998,2,1790793808653,2,334,468
1790793807999,2,1790793808539,2,334,445
1790793808000,2,1790793808022,3,329,457
1790793808001,2,1790793807613,3,330,444
1790793808002,2,1790793807933,2,333,447
1790793808003,2,1790793808171,2,333,457
1790793808004,2,1790793808049,2,335,446
1790793808005,2,1790793808889,2,333,459
1790793808007,2,1790793808030,3,333,463
1790793808009,2,1790793807932,2,327,447
1790793808010,2,1790793807665,2,336,463
1790793808011,2,1790793809617,2,332,464
1790793808012,2,1790793807779,2,332,449
1790793808013,2,1790793809905,2,332,465
1790793808014,2,1790793808337,3,330,467
1790793808015,2,1790793809428,2,329,451
1790793808016,2,1790793809870,4,332,449
1790793808017,2,1790793809738,2,331,447
1790793808018,2,1790793807622,2,332,456
1790793808019,2,1790793807740,2,331,456
1790793808020,2,1790793808628,2,330,464
1790793808021,2,1790793808126,2,327,454
1790793808023,2,1790793807806,2,332,450
1790793808026,2,1790793809739,2,332,472
1790793808027,2,1790793810010,2,329,453
1790793808029,2,1790793809383,2,334,465
1790793808031,2,1790793807700,2,325,455
1790793808032,2,1790793809106,2,334,469
1790793808033,2,1790793808828,2,331,461
1790793808034,2,1790793808746,2,332,458
1790793808035,2,1790793809941,3,330,448
1790793808037,2,1790793807687,2,331,450
1790793808038,2,1790793808069,2,331,444
1790793808039,2,1790793808713,2,332,463
1790793808043,2,1790793809268,2,333,462
1790793808044,2,1790793809192,2,331,460
1790793808045,2,1790793807628,3,331,470
1790793808046,2,1790793808273,2,330,449
1790793808048,2,1790793809248,2,333,459
1790793808049,2,1790793808479,2,330,445
1790793808050,2,1790793809196,2,332,443
1790793808051,2,1790793808824,2,332,469
1790793808053,2,1790793809213,2,333,455
1790793808055,2,1790793808121,2,333,463
1790793808056,2,1790793807642,2,335,454
1790793808058,2,1790793808199,2,333,452
1790793808059,2,1790793807995,3,329,457
1790793808060,2,1790793808208,2,331,452
1790793808061,2,1790793809443,2,331,455
1790793808062,2,1790793808139,2,334,449
1790793808063,2,1790793809796,2,330,449
1790793808065,2,1790793809670,2,329,451
1790793808066,2,1790793807661,3,332,461
1790793808067,2,1790793809336,2,333,455
1790793808069,2,1790793808038,2,331,444
1790793808070,2,1790793808316,2,334,471
1790793808071,2,1790793808159,2,334,468
1790793808072,2,1790793810016,3,328,449
1790793808073,2,1790793809453,3,333,460
1790793808074,2,1790793809590,2,330,453
1790793808075,2,1790793808447,2,333,459
1790793808077,2,1790793808086,2,329,455
1790793808079,2,1790793807700,2,334,448
1790793808080,2,1790793809601,2,330,447
1790793808081,2,1790793809269,2,332,455
1790793808082,2,1790793809029,2,334,458
1790793808083,2,1790793810090,2,332,441
1790793808084,2,1790793808430,2,332,474
1790793808085,2,1790793809928,2,327,456
1790793808086,2,1790793808077,2,329,455
1790793808088,2,1790793810023,2,332,465
1790793808089,2,1790793808565,2,331,449
1790793808090,2,1790793809746,2,329,459
1790793808092,2,1790793807936,2,328,445
1790793808094,2,1790793807772,2,332,458
1790793808096,2,1790793807661,3,332,454
1790793808097,2,1790793807706,2,330,463
1790793808098,2,1790793809714,2,327,448
1790793808099,2,1790793808928,2,333,461
1790793808100,2,1790793808472,2,335,466
1790793808101,2,1790793809664,2,332,452
1790793808102,2,1790793807698,2,332,453
1790793808103,2,1790793808512,4,330,456
1790793808104,2,1790793808167,2,331,442
1790793808106,2,1790793808196,3,333,461
1790793808107,2,1790793808946,3,330,452
1790793808108,2,1790793807958,2,331,448
1790793808109,2,1790793807928,2,334,458
1790793808110,2,1790793808371,2,328,451
1790793808111,2,1790793808409,2,332,452
1790793808112,2,1790793807918,3,332,475
1790793808113,2,1790793808868,2,328,449
1790793808114,2,1790793807964,2,328,443
1790793808115,2,1790793808991,2,328,455
1790793808117,2,1790793809213,2,332,456
1790793808118,2,1790793810091,2,331,460
1790793808119,2,1790793807993,2,335,454
1790793808120,2,1790793808906,2,330,462
1790793808121,2,1790793808055,2,333,463
1790793808122,2,1790793809697,2,330,456
1790793808123,2,1790793808041,3,331,454
1790793808124,2,1790793808081,2,333,452
1790793808125,2,1790793808159,2,334,470
1790793808126,2,1790793808021,2,327,454
1790793808127,2,1790793807731,2,334,462
1790793808130,2,1790793808857,2,330,464
1790793808131,2,1790793808273,2,331,453
1790793808133,2,1790793809127,3,330,456
1790793808134,2,1790793808373,2,334,468
1790793808135,2,1790793807947,4,333,452
1790793808136,2,1790793809662,2,331,454
1790793808137,2,1790793809797,2,334,451
1790793808138,2,1790793807798,2,332,452
1790793808139,2,1790793809788,2,331,447
1790793808140,2,1790793807677,2,333,451
1790793808141,2,1790793808051,2,333,435
1790793808142,2,1790793809321,2,332,463
1790793808143,2,1790793808505,2,334,445
1790793808144,2,1790793809243,2,334,471
1790793808145,2,1790793809477,2,333,453
1790793808146,2,1790793809248,2,335,456
1790793808147,2,1790793807844,2,331,460
1790793808148,2,1790793809672,2,334,452
1790793808149,2,1790793809839,2,331,463
1790793808150,2,1790793808283,2,332,447
1790793808151,2,1790793809410,2,333,464
1790793808153,2,1790793808417,2,333,448
1790793808154,2,1790793807848,2,335,471
1790793808157,2,1790793809277,2,334,460
1790793808158,2,1790793808991,2,332,460
1790793808159,2,1790793809432,2,329,455
1790793808160,2,1790793807895,2,333,467
1790793808162,2,1790793809390,2,332,456
1790793808163,2,1790793809185,2,324,449
1790793808164,2,1790793808653,2,334,464
1790793808165,2,1790793808907,2,327,447
1790793808167,2,1790793808104,2,331,442
1790793808168,2,1790793808129,3,332,464
1790793808169,2,1790793810042,2,331,463
1790793808170,2,1790793808065,2,333,456
1790793808171,2,1790793809935,2,331,445
1790793808173,2,1790793809278,2,329,440
1790793808174,2,1790793807910,3,334,447
1790793808175,2,1790793807659,3,334,459
1790793808176,2,1790793807812,2,331,459
1790793808177,2,1790793809909,3,331,453
1790793808178,2,1790793808124,2,333,465
1790793808179,2,1790793807924,3,333,460
1790793808181,2,1790793808987,2,332,458
1790793808182,2,1790793807676,2,330,458
1790793808183,2,1790793808362,3,332,459
1790793808184,2,1790793808591,2,334,465
1790793808185,2,1790793809988,2,332,451
1790793808186,2,1790793809009,2,328,444
1790793808187,2,1790793808553,1,333,460
1790793808188,2,1790793808353,2,332,453
1790793808189,2,1790793808481,3,334,454
1790793808190,2,1790793809353,2,329,455
1790793808191,2,1790793809513,2,328,455
1790793808192,2,1790793807914,2,330,459
1790793808193,2,1790793808708,3,331,455
1790793808194,2,1790793808245,2,331,453
1790793808197,2,1790793809756,2,330,452
1790793808198,2,1790793808232,2,336,468
1790793808199,2,1790793809453,3,328,448
1790793808201,2,1790793808751,2,330,443
1790793808202,2,1790793808030,3,331,451
1790793808203,2,1790793809788,2,333,461
1790793808204,2,1790793808653,2,331,458
1790793808205,2,1790793808066,2,334,461
1790793808206,2,1790793808395,2,333,463
1790793808207,2,1790793808421,3,335,458
1790793808208,2,1790793808873,2,324,453
1790793808209,2,1790793808008,3,333,444
1790793808210,2,1790793809319,2,333,458
1790793808211,2,1790793808796,2,326,454
1790793808212,2,1790793809033,2,332,464
1790793808214,2,1790793809029,2,333,460
1790793808216,2,1790793809505,3,335,465
1790793808217,2,1790793809370,2,329,450
1790793808218,2,1790793809624,2,331,446
1790793808219,2,1790793809305,2,331,462
1790793808220,2,1790793809160,2,331,454
1790793808221,2,1790793808741,4,334,461
1790793808222,2,1790793807628,3,331,455
1790793808224,2,1790793809481,2,332,462
1790793808225,2,1790793809697,2,326,452
1790793808226,2,1790793809144,2,332,456
1790793808228,2,1790793808958,4,332,453
1790793808229,2,1790793809691,2,330,461
1790793808230,2,1790793807632,2,330,446
1790793808231,2,1790793807628,3,328,450
1790793808232,2,1790793808833,2,333,453
1790793808233,2,1790793809540,2,334,462
1790793808235,2,1790793809829,2,330,464
1790793808238,2,1790793808681,2,332,459
1790793808239,2,1790793808277,2,331,458
1790793808240,2,1790793809077,2,328,446
1790793808242,2,1790793808723,2,334,457
1790793808243,2,1790793809417,2,332,463
1790793808244,2,1790793810042,2,327,461
1790793808245,2,1790793808194,2,331,453
1790793808246,2,1790793809768,4,332,461
1790793808248,2,1790793809633,2,331,451
1790793808249,2,1790793807695,2,330,454
1790793808250,2,1790793808619,3,331,459
1790793808251,2,1790793809052,3,328,448
1790793808252,2,1790793808263,3,331,452
1790793808253,2,1790793808089,2,333,462
1790793808254,2,1790793810086,2,331,456
1790793808255,2,1790793808367,2,333,458
1790793808256,2,1790793808801,2,333,454
1790793808257,2,1790793808750,4,331,453
1790793808258,2,1790793809041,2,328,452
1790793808259,2,1790793807898,2,332,454
1790793808260,2,1790793808910,2,332,468
1790793808261,2,1790793807677,2,334,463
1790793808262,2,1790793809109,2,330,453
1790793808264,2,1790793807968,2,333,451
1790793808265,2,1790793809002,2,327,454
1790793808266,2,1790793808505,2,332,465
1790793808267,2,1790793809610,2,329,453
1790793808270,2,1790793807941,2,329,456
1790793808271,2,1790793807820,2,331,449
1790793808272,2,1790793809675,2,334,463
1790793808273,2,1790793808046,2,330,449
1790793808277,2,1790793808239,2,331,458
1790793808278,2,1790793808892,2,332,459
1790793808279,2,1790793808806,2,333,446
1790793808280,2,1790793808517,3,330,452
1790793808281,2,1790793809008,2,334,453
1790793808282,2,1790793807662,2,330,462
1790793808283,2,1790793809953,2,331,458
1790793808285,2,1790793808072,2,331,457
1790793808286,2,1790793807670,2,330,453
1790793808287,2,1790793808418,2,331,458
1790793808288,2,1790793807701,2,334,463
1790793808289,2,1790793807824,2,334,460
1790793808290,2,1790793810010,2,330,453
1790793808291,2,1790793807779,2,329,442
1790793808293,2,1790793808711,4,329,456
1790793808294,2,1790793809172,2,332,457
1790793808295,2,1790793808867,2,332,459
1790793808296,2,1790793808916,2,332,446
1790793808297,2,1790793809325,2,333,470
1790793808298,2,1790793807708,2,334,455
1790793808299,2,1790793807669,2,333,458
1790793808300,2,1790793809683,2,334,458
1790793808301,2,1790793809360,2,334,447
1790793808303,2,1790793809244,2,331,450
1790793808304,2,1790793808833,2,332,449
1790793808305,2,1790793807938,2,335,460
1790793808306,2,1790793808345,2,332,449
1790793808309,2,1790793808427,3,335,457
1790793808310,2,1790793807791,2,331,458
1790793808311,2,1790793808393,2,328,452
1790793808312,2,1790793808493,3,333,454
1790793808313,2,1790793808252,2,334,452
1790793808314,2,1790793809150,2,333,459
1790793808315,2,1790793809737,2,329,454
1790793808316,2,1790793808477,2,331,457
1790793808317,2,1790793809855,2,334,463
1790793808319,2,1790793808284,4,332,461
1790793808320,2,1790793807820,2,333,470
1790793808322,2,1790793808270,2,330,462
1790793808323,2,1790793809693,2,332,455
1790793808324,2,1790793808554,2,331,453
1790793808325,2,1790793808479,2,331,467
1790793808326,2,1790793808350,2,329,445
1790793808328,2,1790793808788,2,333,463
1790793808329,2,1790793809436,2,331,459
1790793808330,2,1790793808124,2,333,454
1790793808331,2,1790793809391,2,334,452
1790793808332,2,1790793808250,2,334,462
1790793808333,2,1790793808878,2,334,456
1790793808334,2,1790793810008,2,333,456
1790793808335,2,1790793808422,2,332,460
1790793808338,2,1790793809508,2,331,460
1790793808339,2,1790793809419,4,331,457
1790793808340,2,1790793809814,2,333,462
1790793808341,2,1790793808322,2,330,459
1790793808343,2,1790793808326,2,333,461
1790793808345,2,1790793808306,2,332,449
1790793808346,2,1790793807972,2,330,448
1790793808348,2,1790793807820,2,330,455
1790793808349,2,1790793808380,2,332,464
1790793808350,2,1790793808326,2,329,445
1790793808351,2,1790793808748,2,330,443
1790793808353,2,1790793807997,2,331,468
1790793808354,2,1790793810030,2,331,453
1790793808355,2,1790793808607,2,331,451
1790793808356,2,1790793809427,2,330,456
1790793808358,2,1790793807994,3,332,465
1790793808359,2,1790793807981,2,330,446
1790793808360,2,1790793808831,2,332,458
1790793808361,2,1790793808892,2,331,467
1790793808364,2,1790793809608,2,329,450
1790793808365,2,1790793809525,2,331,453
1790793808367,2,1790793808552,2,328,437
1790793808368,2,1790793807618,2,331,451
1790793808370,2,1790793809858,2,331,456
1790793808371,2,1790793808110,2,328,451
1790793808372,2,1790793807989,2,329,452
1790793808373,2,1790793807611,2,331,449
1790793808374,2,1790793809517,2,330,454
1790793808376,2,1790793809974,2,321,426
1790793808378,2,1790793809086,2,331,455
1790793808379,2,1790793807888,2,333,463
1790793808380,2,1790793808349,2,332,464
1790793808381,2,1790793809156,3,335,463
1790793808382,2,1790793809430,2,334,456
1790793808384,2,1790793808573,2,334,462
1790793808386,2,1790793808823,2,334,460
1790793808387,2,1790793809811,2,334,453
1790793808388,2,1790793808600,2,336,463
1790793808390,2,1790793809086,2,331,453
1790793808391,2,1790793809384,2,330,449
1790793808392,2,1790793807775,2,327,442
1790793808393,2,1790793808311,2,328,452
1790793808394,2,1790793809794,1,334,455
1790793808395,2,1790793808772,2,327,456
1790793808396,2,1790793810027,2,332,447
1790793808397,2,1790793809524,3,327,444
1790793808399,2,1790793809212,2,334,457
1790793808400,2,1790793809894,2,330,462
1790793808401,2,1790793809328,2,332,467
1790793808402,2,1790793809831,2,330,459
1790793808403,2,1790793807840,2,330,450
1790793808404,2,1790793807960,2,332,460
1790793808405,2,1790793809590,2,332,449
1790793808406,2,1790793808730,2,332,454
1790793808408,2,1790793807987,2,331,445
1790793808409,2,1790793808111,2,332,452
1790793808411,2,1790793808597,2,328,456
1790793808412,2,1790793808401,2,334,458
1790793808413,2,1790793809386,2,332,452
1790793808415,2,1790793807668,2,331,459
1790793808416,2,1790793809504,2,330,458
1790793808417,2,1790793807772,2,332,458
1790793808418,2,1790793808287,2,331,458
1790793808420,2,1790793808952,2,333,463
1790793808422,2,1790793808087,3,330,459
1790793808423,2,1790793809144,2,331,449
1790793808424,2,1790793808468,3,329,451
1790793808428,2,1790793808867,2,332,450
1790793808429,2,1790793807858,2,333,460
1790793808430,2,1790793808084,2,332,474
1790793808431,2,1790793808810,2,329,461
1790793808432,2,1790793808057,4,333,454
1790793808434,2,1790793807766,2,331,457
1790793808436,2,1790793809643,2,334,454
1790793808438,2,1790793808023,2,333,453
1790793808439,2,1790793808353,2,334,478
1790793808440,2,1790793809922,4,334,459
1790793808441,2,1790793809816,2,331,452
1790793808442,2,1790793807973,2,333,445
1790793808443,2,1790793807914,2,331,454
1790793808445,2,1790793808851,2,333,462
1790793808446,2,1790793807888,2,333,462
1790793808447,2,1790793809457,2,331,452
1790793808448,2,1790793809153,2,332,452
1790793808449,2,1790793807700,2,332,457
1790793808450,2,1790793809888,2,329,455
1790793808451,2,1790793808875,2,334,473
1790793808452,2,1790793807920,2,335,459
1790793808453,2,1790793808905,2,330,464
1790793808454,2,1790793808431,2,331,444
1790793808456,2,1790793809517,2,332,466
1790793808458,2,1790793810032,2,334,449
1790793808459,2,1790793809884,2,332,459
1790793808460,2,1790793807890,2,333,452
1790793808461,2,1790793809631,2,332,468
1790793808463,2,1790793809660,2,333,446
1790793808464,2,1790793808584,2,330,456
1790793808466,2,1790793810060,2,334,471
1790793808467,2,1790793809495,3,334,458
1790793808469,2,1790793808773,2,331,445
1790793808470,2,1790793809810,3,331,457
1790793808471,2,1790793807690,2,333,447
1790793808472,2,1790793807904,2,330,430
1790793808473,2,1790793807935,2,332,467
1790793808475,2,1790793808449,2,333,446
1790793808476,2,1790793808704,3,327,448
1790793808477,2,1790793807894,2,331,455
1790793808478,2,1790793808282,2,331,449
1790793808479,2,1790793808049,2,330,445
1790793808480,2,1790793808394,2,335,451
1790793808482,2,1790793809735,2,328,455
1790793808483,2,1790793809541,2,328,450
1790793808484,2,1790793809302,3,333,448
1790793808485,2,1790793808515,2,334,470
1790793808486,2,1790793808735,2,333,456
1790793808487,2,1790793809448,2,333,455
1790793808488,2,1790793807920,2,331,459
1790793808489,2,1790793808373,2,332,452
1790793808490,2,1790793807657,3,330,446
1790793808494,2,1790793807717,2,333,469
1790793808495,2,1790793807692,2,327,459
1790793808496,2,1790793809042,2,333,450
1790793808497,2,1790793808368,2,332,465
1790793808498,2,1790793808269,3,329,457
1790793808499,2,1790793809123,2,333,465
1790793808500,2,1790793807900,2,334,456
1790793808501,2,1790793809264,2,332,466
1790793808502,2,1790793808188,2,332,466
1790793808503,2,1790793807616,2,332,462
1790793808504,2,1790793807687,2,335,455
1790793808505,2,1790793808266,2,332,465
1790793808506,2,1790793809127,3,332,467
1790793808507,2,1790793807934,2,334,459
1790793808509,2,1790793809301,3,331,454
1790793808510,2,1790793809810,3,332,453
1790793808511,2,1790793808179,2,335,456
1790793808513,2,1790793809359,2,331,455
1790793808514,2,1790793808443,2,332,450
1790793808515,2,1790793809884,2,333,460
1790793808519,2,1790793809316,2,333,455
1790793808520,2,1790793808743,2,334,458
1790793808521,2,1790793808824,2,333,460
1790793808522,2,1790793809277,2,333,463
1790793808523,2,1790793809564,2,330,447
1790793808524,2,1790793809629,3,331,452
1790793808526,2,1790793808888,2,332,443
1790793808527,2,1790793809477,2,333,456
1790793808530,2,1790793809644,2,333,472
1790793808531,2,1790793807932,2,329,440
1790793808533,2,1790793808804,2,332,446
1790793808534,2,1790793809565,2,332,453
1790793808535,2,1790793809811,2,331,456
1790793808537,2,1790793808777,2,331,462
1790793808538,2,1790793808172,3,330,456
1790793808539,2,1790793808887,2,333,466
1790793808540,2,1790793808605,2,334,472
1790793808541,2,1790793807645,3,334,441
1790793808542,2,1790793809285,2,331,454
1790793808543,2,1790793808626,2,332,455
1790793808544,2,1790793808116,5,334,454
1790793808545,2,1790793809458,2,329,451
1790793808546,2,1790793808192,2,334,455
1790793808547,2,1790793807874,2,332,451
1790793808548,2,1790793808933,2,333,461
1790793808549,2,1790793809933,2,332,455
1790793808551,2,1790793808810,2,332,461
1790793808552,2,1790793808367,2,328,437
1790793808554,2,1790793808324,2,331,453
1790793808556,2,1790793808560,3,331,470
1790793808557,2,1790793810030,2,332,452
1790793808558,2,1790793807911,2,333,475
1790793808561,2,1790793808448,2,333,448
1790793808562,2,1790793809070,2,332,451
1790793808563,2,1790793808829,2,333,450
1790793808564,2,1790793809428,2,332,455
1790793808565,2,1790793808089,2,331,449
1790793808566,2,1790793809477,2,333,458
1790793808567,2,1790793807891,2,332,450
1790793808568,2,1790793809600,2,333,463
1790793808569,2,1790793809550,2,331,447
1790793808570,2,1790793809936,5,334,459
1790793808571,2,1790793808536,1,332,454
1790793808572,2,1790793808089,2,331,465
1790793808573,2,1790793807682,2,334,452
1790793808574,2,1790793808311,2,330,451
1790793808576,2,1790793809904,3,334,453
1790793808577,2,1790793808566,2,334,460
1790793808578,2,1790793807632,2,333,449
1790793808579,2,1790793809415,2,331,452
1790793808580,2,1790793809659,2,328,443
1790793808582,2,1790793809747,2,335,479
1790793808583,2,1790793807712,2,334,458
1790793808584,2,1790793808804,2,328,454
1790793808585,2,1790793807672,2,331,450
1790793808586,2,1790793808857,2,331,453
1790793808587,2,1790793809038,2,334,460
1790793808588,2,1790793808035,2,333,455
1790793808589,2,1790793809368,2,334,459
1790793808590,2,1790793809978,2,330,466
1790793808591,2,1790793807854,2,334,459
1790793808592,2,1790793807757,2,330,446
1790793808596,2,1790793807795,2,333,461
1790793808597,2,1790793808411,2,328,456
1790793808598,2,1790793809759,2,332,460
1790793808600,2,1790793807944,4,329,446
1790793808601,2,1790793809798,3,331,456
1790793808602,2,1790793809054,2,332,445
1790793808603,2,1790793807720,2,334,467
1790793808604,2,1790793808867,2,331,454
1790793808605,2,1790793808780,2,331,450
1790793808606,2,1790793808842,2,333,458
1790793808607,2,1790793809765,2,330,456
1790793808608,2,1790793809625,2,332,449
1790793808609,2,1790793807655,2,333,451
1790793808610,2,1790793809273,2,331,450
1790793808611,2,1790793807910,3,330,449
1790793808612,2,1790793809998,2,334,450
1790793808613,2,1790793807930,2,333,452
1790793808614,2,1790793809079,2,332,459
1790793808615,2,1790793808252,2,333,452
1790793808616,2,1790793807779,2,331,455
1790793808618,2,1790793809423,2,334,460
1790793808620,2,1790793808855,2,332,465
1790793808621,2,1790793807884,2,331,451
1790793808623,2,1790793809866,2,332,467
1790793808625,2,1790793809758,3,329,458
1790793808626,2,1790793808543,2,332,455
1790793808627,2,1790793808744,2,333,471
1790793808628,2,1790793808020,2,330,464
1790793808629,2,1790793809680,2,333,454
1790793808630,2,1790793807726,2,332,464
1790793808632,2,1790793808059,2,333,463
1790793808633,2,1790793809517,2,329,449
1790793808634,2,1790793808967,2,331,469
1790793808635,2,1790793809683,2,332,456
1790793808637,2,1790793809687,2,333,455
1790793808638,2,1790793808594,1,330,455
1790793808639,2,1790793809651,2,332,460
1790793808640,2,1790793807948,2,332,458
1790793808641,2,1790793810037,3,331,468
1790793808642,2,1790793809512,2,332,456
1790793808644,2,1790793808398,3,327,447
1790793808645,2,1790793808552,2,335,456
1790793808647,2,1790793809572,2,333,461
1790793808648,2,1790793808500,2,334,459
1790793808649,2,1790793809756,2,330,457
1790793808650,2,1790793809966,3,331,466
1790793808651,2,1790793808692,2,334,455
1790793808652,2,1790793808400,2,334,460
1790793808653,2,1790793808204,2,331,458
1790793808654,2,1790793809249,2,330,453
1790793808659,2,1790793809819,3,323,432
1790793808660,2,1790793809607,2,334,455
1790793808661,2,1790793807953,2,332,461
1790793808662,2,1790793809302,3,333,450
1790793808663,2,1790793808107,2,333,447
1790793808664,2,1790793808165,2,331,459
1790793808665,2,1790793809875,2,333,443
1790793808666,2,1790793808847,2,335,460
1790793808667,2,1790793809690,2,333,449
1790793808668,2,1790793809120,2,330,467
1790793808669,2,1790793807693,4,329,449
1790793808670,2,1790793807605,2,331,454
1790793808671,2,1790793807709,3,331,459
1790793808672,2,1790793808277,2,333,454
1790793808675,2,1790793807986,2,335,451
1790793808676,2,1790793809032,5,333,460
1790793808677,2,1790793808970,2,334,456
1790793808678,2,1790793808149,2,332,447
1790793808680,2,1790793808090,2,335,464
1790793808681,2,1790793807968,2,325,453
1790793808682,2,1790793809730,2,332,458
1790793808683,2,1790793809388,2,333,450
1790793808684,2,1790793808215,3,331,456
1790793808685,2,1790793809486,2,333,447
1790793808686,2,1790793807973,2,331,466
1790793808687,2,1790793808030,3,325,448
1790793808688,2,1790793808225,2,333,459
1790793808689,2,1790793808679,4,330,457
1790793808690,2,1790793808308,4,332,450
1790793808691,2,1790793807676,2,330,459
1790793808692,2,1790793808852,2,330,455
1790793808694,2,1790793809496,2,332,452
1790793808696,2,1790793810017,2,334,451
1790793808698,2,1790793809939,2,333,459
1790793808699,2,1790793808694,2,334,448
1790793808701,2,1790793809677,2,333,454
1790793808703,2,1790793808120,2,334,455
1790793808707,2,1790793808826,2,336,458
1790793808709,2,1790793809399,2,327,448
1790793808712,2,1790793807681,2,334,464
1790793808713,2,1790793808039,2,332,463
1790793808714,2,1790793807897,3,333,463
1790793808715,2,1790793809399,2,332,462
1790793808717,2,1790793808286,2,335,458
1790793808718,2,1790793808705,3,329,437
1790793808719,2,1790793808994,2,329,454
1790793808721,2,1790793809850,2,332,467
1790793808722,2,1790793809425,2,333,459
1790793808723,2,1790793808120,2,332,438
1790793808724,2,1790793809400,2,331,455
1790793808725,2,1790793809175,2,331,467
1790793808726,2,1790793807785,2,330,461
1790793808727,2,1790793809010,2,333,446
1790793808728,2,1790793809697,2,331,455
1790793808730,2,1790793808014,2,332,462
1790793808731,2,1790793809496,2,332,461
1790793808732,2,1790793808304,2,333,466
1790793808733,2,1790793808867,2,330,444
1790793808735,2,1790793808486,2,333,456
1790793808736,2,1790793807933,2,333,448
1790793808737,2,1790793809029,2,334,454
1790793808739,2,1790793809416,2,335,466
1790793808740,2,1790793808697,3,331,462
1790793808742,2,1790793807913,2,334,468
1790793808743,2,1790793809489,2,327,443
1790793808744,2,1790793807625,2,329,464
1790793808745,2,1790793807668,2,333,462
1790793808746,2,1790793808034,2,332,458
1790793808747,2,1790793807925,2,335,460
1790793808748,2,1790793808351,2,330,443
1790793808751,2,1790793808201,2,330,443
1790793808752,2,1790793808036,4,333,464
1790793808754,2,1790793809532,2,333,453
1790793808755,2,1790793809502,2,330,456
1790793808756,2,1790793809510,2,331,468
1790793808757,2,1790793808294,2,333,449
1790793808759,2,1790793809038,2,334,456
1790793808762,2,1790793809847,2,333,463
1790793808764,2,1790793807673,2,335,464
1790793808765,2,1790793808518,3,334,454
1790793808768,2,1790793809439,2,333,469
1790793808769,2,1790793809018,2,328,447
1790793808770,2,1790793809132,2,334,454
1790793808771,2,1790793807771,2,329,458
1790793808772,2,1790793808395,2,327,456
1790793808773,2,1790793808469,2,331,445
1790793808774,2,1790793809365,2,328,453
1790793808775,2,1790793808224,2,333,464
1790793808776,2,1790793808038,2,333,444
1790793808777,2,1790793808537,2,331,462
1790793808779,2,1790793809049,2,332,465
1790793808780,2,1790793808605,2,331,450
1790793808781,2,1790793809248,2,330,458
1790793808783,2,1790793808251,2,329,463
1790793808785,2,1790793809047,2,333,453
1790793808786,2,1790793807905,2,334,455
1790793808787,2,1790793810055,2,332,451
1790793808788,2,1790793808076,3,332,463
1790793808789,2,1790793810024,2,333,457
1790793808790,2,1790793809593,2,334,460
1790793808791,2,1790793808636,4,332,454
1790793808792,2,1790793809152,2,328,450
1790793808793,2,1790793809740,2,331,461
1790793808794,2,1790793810034,2,332,450
1790793808795,2,1790793809944,2,332,459
1790793808796,2,1790793808211,2,326,454
1790793808797,2,1790793808960,2,332,451
1790793808800,2,1790793807722,2,333,454
1790793808801,2,1790793808859,2,332,460
1790793808803,2,1790793807787,2,332,452
1790793808804,2,1790793808584,2,328,454
1790793808805,2,1790793807817,2,334,462
1790793808806,2,1790793808279,2,333,446
1790793808807,2,1790793807715,2,332,469
1790793808810,2,1790793808431,2,329,461
1790793808811,2,1790793808267,2,331,447
1790793808812,2,1790793807638,5,330,463
1790793808813,2,1790793809256,2,333,467
1790793808814,2,1790793809684,2,331,461
1790793808815,2,1790793808584,2,334,448
1790793808816,2,1790793808964,2,332,454
1790793808818,2,1790793807704,2,334,456
1790793808820,2,1790793808026,2,334,463
1790793808821,2,1790793810010,2,331,453
1790793808822,2,1790793808769,2,330,452
1790793808823,2,1790793809355,2,333,461
1790793808824,2,1790793808051,2,332,469
1790793808825,2,1790793808391,2,333,454
1790793808826,2,1790793809495,3,331,453
1790793808827,2,1790793807913,2,332,452
1790793808828,2,1790793808033,2,331,461
1790793808829,2,1790793809072,2,332,453
1790793808830,2,1790793808818,2,334,462
1790793808831,2,1790793808360,2,332,458
1790793808832,2,1790793808022,3,326,461
1790793808833,2,1790793808304,2,332,449
1790793808834,2,1790793809587,2,332,453
1790793808836,2,1790793808912,2,329,442
1790793808838,2,1790793809269,2,329,447
1790793808840,2,1790793808995,2,333,462
1790793808841,2,1790793809908,3,332,455
1790793808842,2,1790793808290,2,333,461
1790793808843,2,1790793808255,2,334,462
1790793808844,2,1790793809650,3,331,457
1790793808845,2,1790793809634,2,331,456
1790793808846,2,1790793807712,2,332,461
1790793808847,2,1790793808782,3,334,468
1790793808848,2,1790793809321,2,331,451
1790793808849,2,1790793808709,2,334,459
1790793808850,2,1790793808845,2,334,458
1790793808851,2,1790793809150,2,332,463
1790793808852,2,1790793808692,2,330,455
1790793808853,2,1790793808395,2,333,452
1790793808855,2,1790793809223,2,331,461
1790793808857,2,1790793808130,2,330,464
1790793808858,2,1790793807624,2,334,449
1790793808859,2,1790793808801,2,332,460
1790793808865,2,1790793808353,2,333,467
1790793808866,2,1790793809719,2,331,457
1790793808867,2,1790793808733,2,330,444
1790793808868,2,1790793808113,2,328,449
1790793808870,2,1790793808634,2,334,451
1790793808872,2,1790793808181,2,333,447
1790793808873,2,1790793808208,2,324,453
1790793808874,2,1790793808435,3,333,463
1790793808875,2,1790793807776,2,332,473
1790793808876,2,1790793810030,2,332,455
1790793808877,2,1790793809977,3,332,444
1790793808878,2,1790793809231,2,330,454
1790793808879,2,1790793808310,2,334,460
1790793808880,2,1790793808124,2,333,461
1790793808881,2,1790793809822,2,333,459
1790793808883,2,1790793809605,2,332,451
1790793808884,2,1790793809606,2,332,466
1790793808885,2,1790793807848,2,330,457
1790793808887,2,1790793810051,2,331,461
1790793808888,2,1790793808526,2,332,443
1790793808889,2,1790793808005,2,333,459
1790793808890,2,1790793809158,2,331,461
1790793808891,2,1790793809282,2,332,456
1790793808892,2,1790793808361,2,331,467
1790793808893,2,1790793809259,2,332,453
1790793808894,2,1790793809560,2,334,464
1790793808895,2,1790793807744,2,333,449
1790793808896,2,1790793809270,2,333,462
1790793808897,2,1790793808982,2,333,454
1790793808898,2,1790793809180,2,332,456
1790793808899,2,1790793807793,2,331,456
1790793808901,2,1790793808704,3,333,463
1790793808902,2,1790793807715,2,330,448
1790793808905,2,1790793808453,2,330,464
1790793808906,2,1790793808120,2,330,462
1790793808907,2,1790793808165,2,327,447
1790793808908,2,1790793808910,2,332,443
1790793808910,2,1790793808260,2,332,468
1790793808911,2,1790793809702,2,332,466
1790793808912,2,1790793808836,2,329,442
1790793808914,2,1790793807602,2,333,442
1790793808915,2,1790793809103,2,329,452
1790793808916,2,1790793808296,2,332,446
1790793808917,2,1790793807937,2,330,454
1790793808918,2,1790793808229,2,332,466
1790793808919,2,1790793807863,2,334,463
1790793808920,2,1790793809285,2,330,450
1790793808921,2,1790793807744,2,334,454
1790793808922,2,1790793808803,2,334,460
1790793808923,2,1790793809922,4,332,459
1790793808924,2,1790793807605,2,332,466
1790793808927,2,1790793808822,2,333,460
1790793808928,2,1790793808099,2,333,461
1790793808929,2,1790793809079,2,333,460
1790793808930,2,1790793809133,3,332,453
1790793808931,2,1790793809213,2,332,460
1790793808932,2,1790793808159,2,332,460
1790793808933,2,1790793807818,2,331,451
1790793808934,2,1790793809264,2,327,454
1790793808935,2,1790793809218,2,330,460
1790793808936,2,1790793809261,3,330,442
1790793808937,2,1790793808043,2,334,472
1790793808938,2,1790793808889,2,335,463
1790793808941,2,1790793808133,2,334,469
1790793808942,2,1790793809353,2,334,443
1790793808943,2,1790793809067,2,333,465
1790793808944,2,1790793809516,2,333,453
1790793808945,2,1790793808809,3,330,447
1790793808947,2,1790793808208,2,326,445
1790793808948,2,1790793809143,2,325,453
1790793808949,2,1790793808535,2,333,450
1790793808952,2,1790793808420,2,333,463
1790793808953,2,1790793809171,2,333,454
1790793808954,2,1790793807934,2,331,452
1790793808955,2,1790793809741,2,332,461
1790793808956,2,1790793808651,2,334,456
1790793808959,2,1790793807930,2,332,470
1790793808960,2,1790793809362,3,329,455
1790793808961,2,1790793807627,2,335,464
1790793808962,2,1790793809381,2,332,450
1790793808963,2,1790793809508,2,331,464
1790793808964,2,1790793808816,2,332,454
1790793808965,2,1790793809024,2,334,456
1790793808966,2,1790793808230,2,333,459
1790793808967,2,1790793808634,2,331,469
1790793808970,2,1790793808705,3,329,457
1790793808971,2,1790793809472,2,329,460
1790793808972,2,1790793809206,2,331,449
1790793808973,2,1790793807758,2,330,454
1790793808974,2,1790793808074,2,332,445
1790793808975,2,1790793809592,2,334,472
1790793808977,2,1790793809578,3,328,437
1790793808978,2,1790793809825,2,333,451
1790793808979,2,1790793808247,4,331,455
1790793808981,2,1790793809099,2,333,451
1790793808982,2,1790793808897,2,333,454
1790793808983,2,1790793808688,2,334,462
1790793808984,2,1790793807892,3,331,445
1790793808985,2,1790793808106,2,334,458
1790793808986,2,1790793808752,2,334,460
1790793808987,2,1790793808181,2,332,458
1790793808988,2,1790793809325,2,330,445
1790793808989,2,1790793807676,2,333,456
1790793808990,2,1790793807870,2,333,463
1790793808991,2,1790793808115,2,328,455
1790793808992,2,1790793808946,3,333,453
1790793808993,2,1790793809132,2,335,477
1790793808994,2,1790793808719,2,329,454
1790793808995,2,1790793808345,2,332,454
1790793808996,2,1790793807956,2,332,449
1790793808998,2,1790793808265,2,330,453
1790793808999,2,1790793809126,3,334,455
1790793809002,2,1790793808265,2,327,454
1790793809003,2,1790793809068,2,331,465
1790793809004,2,1790793809260,3,330,458
1790793809005,2,1790793807779,2,330,454
1790793809006,2,1790793810064,2,330,453
1790793809008,2,1790793809135,2,333,462
1790793809009,2,1790793808186,2,328,444
1790793809010,2,1790793807941,2,331,467
1790793809011,2,1790793807797,2,335,455
1790793809012,2,1790793809651,2,326,453
1790793809013,2,1790793809661,2,333,458
1790793809015,2,1790793808038,2,331,454
1790793809016,2,1790793809471,2,333,457
1790793809017,2,1790793808293,2,332,455
1790793809018,2,1790793808769,2,328,447
1790793809019,2,1790793807695,2,332,449
1790793809022,2,1790793809278,2,329,446
1790793809023,2,1790793807683,3,334,466
1790793809024,2,1790793808558,2,334,462
1790793809025,2,1790793808457,1,332,463
1790793809026,2,1790793809391,2,333,469
1790793809027,2,1790793810073,2,329,453
1790793809028,2,1790793808855,2,332,448
1790793809029,2,1790793808293,2,330,462
1790793809030,2,1790793808614,2,334,456
1790793809031,2,1790793807836,2,328,459
1790793809033,2,1790793808212,2,332,464
1790793809034,2,1790793809969,2,331,449
1790793809035,2,1790793808351,2,331,453
1790793809036,2,1790793809492,2,334,462
1790793809037,2,1790793807766,2,334,463
1790793809038,2,1790793808400,2,332,459
1790793809039,2,1790793807884,2,334,455
1790793809040,2,1790793810056,2,325,452
1790793809041,2,1790793808258,2,328,452
1790793809042,2,1790793809071,2,332,454
1790793809044,2,1790793808668,2,332,472
1790793809046,2,1790793810073,2,333,467
1790793809047,2,1790793808848,2,332,452
1790793809049,2,1790793808779,2,332,465
1790793809050,2,1790793807913,2,333,456
1790793809051,2,1790793809305,2,330,456
1790793809053,2,1790793809744,2,333,461
1790793809054,2,1790793808602,2,332,445
1790793809055,2,1790793807614,3,331,457
1790793809056,2,1790793809962,2,330,456
1790793809057,2,1790793809619,2,333,453
1790793809058,2,1790793807674,2,334,459
1790793809059,2,1790793808191,2,334,457
1790793809060,2,1790793807815,3,331,456
1790793809063,2,1790793808430,2,333,462
1790793809064,2,1790793809556,3,331,454
1790793809065,2,1790793809643,2,332,460
1790793809066,2,1790793809287,2,332,455
1790793809067,2,1790793807729,2,333,467
1790793809068,2,1790793809012,2,329,451
1790793809069,2,1790793808441,2,335,461
1790793809070,2,1790793807814,2,332,465
1790793809071,2,1790793809656,2,329,452
1790793809072,2,1790793807825,2,331,452
1790793809073,2,1790793810057,2,332,460
1790793809074,2,1790793808889,2,335,459
1790793809075,2,1790793808513,2,333,452
1790793809076,2,1790793809356,2,334,457
1790793809077,2,1790793808240,2,328,446
1790793809078,2,1790793809443,2,331,440
1790793809079,2,1790793809939,2,331,447
1790793809080,2,1790793808169,2,333,455
1790793809082,2,1790793807985,2,329,449
1790793809083,2,1790793808219,2,335,455
1790793809084,2,1790793809097,2,331,459
1790793809086,2,1790793808378,2,331,455
1790793809087,2,1790793808769,2,331,442
1790793809089,2,1790793808080,2,335,452
1790793809091,2,1790793808926,5,332,462
1790793809092,2,1790793808192,2,331,460
1790793809093,2,1790793809800,2,332,466
1790793809094,2,1790793807817,2,327,439
1790793809095,2,1790793808527,2,335,461
1790793809096,2,1790793807734,2,334,466
1790793809097,2,1790793807708,2,331,444
1790793809098,2,1790793809580,2,329,453
1790793809099,2,1790793810095,2,330,454
1790793809101,2,1790793807782,3,334,465
1790793809102,2,1790793808743,2,335,456
1790793809103,2,1790793808915,2,329,452
1790793809104,2,1790793808787,2,333,454
1790793809106,2,1790793807864,2,332,462
1790793809107,2,1790793808370,2,333,462
1790793809108,2,1790793809950,2,332,455
1790793809109,2,1790793809544,2,329,461
1790793809110,2,1790793808051,2,333,454
1790793809111,2,1790793807645,3,331,462
1790793809113,2,1790793809723,2,330,456
1790793809114,2,1790793809615,2,334,460
1790793809116,2,1790793809677,2,332,459
1790793809117,2,1790793808571,2,334,458
1790793809118,2,1790793809727,2,332,462
1790793809120,2,1790793808668,2,330,467
1790793809121,2,1790793809187,3,333,461
1790793809122,2,1790793808472,2,331,452
1790793809123,2,1790793808499,2,333,465
1790793809124,2,1790793809762,2,330,456
1790793809128,2,1790793808033,2,333,452
1790793809129,2,1790793808211,2,332,453
1790793809131,2,1790793808922,2,334,443
1790793809132,2,1790793809342,2,333,451
1790793809134,2,1790793809180,2,331,450
1790793809135,2,1790793807844,2,327,452
1790793809136,2,1790793809478,2,332,458
1790793809138,2,1790793807730,3,333,464
1790793809140,2,1790793808194,2,335,468
1790793809141,2,1790793808483,2,331,453
1790793809142,2,1790793809916,2,329,453
1790793809143,2,1790793808948,2,325,453
1790793809144,2,1790793807940,4,330,461
1790793809145,2,1790793809982,3,331,452
1790793809146,2,1790793807703,2,332,458
1790793809147,2,1790793808536,1,334,459
1790793809148,2,1790793809776,2,332,467
1790793809150,2,1790793808851,2,332,463
1790793809151,2,1790793807789,2,334,451
1790793809152,2,1790793808792,2,328,450
1790793809153,2,1790793808448,2,332,452
1790793809154,2,1790793808208,2,333,467
1790793809155,2,1790793807605,2,333,455
1790793809157,2,1790793807688,2,333,449
1790793809158,2,1790793808890,2,331,461
1790793809159,2,1790793808878,2,333,462
1790793809160,2,1790793808220,2,331,454
1790793809161,2,1790793809910,2,332,471
1790793809162,2,1790793807800,2,335,464
1790793809163,2,1790793809707,2,330,455
1790793809164,2,1790793808244,2,333,451
1790793809166,2,1790793808711,4,332,444
1790793809168,2,1790793809348,2,330,455
1790793809169,2,1790793809229,2,332,448
1790793809170,2,1790793808802,3,329,453
1790793809171,2,1790793808953,2,333,454
1790793809172,2,1790793808294,2,332,457
1790793809174,2,1790793808744,2,330,444
1790793809175,2,1790793808725,2,331,467
1790793809176,2,1790793808364,2,332,458
1790793809177,2,1790793808495,2,331,450
1790793809179,2,1790793809514,2,331,451
1790793809180,2,1790793809134,2,331,450
1790793809181,2,1790793809549,3,331,452
1790793809182,2,1790793807905,2,333,455
1790793809183,2,1790793809007,3,330,469
1790793809185,2,1790793808163,2,324,449
1790793809188,2,1790793809019,2,332,455
1790793809189,2,1790793809753,2,332,459
1790793809190,2,1790793809282,2,333,450
1790793809191,2,1790793808215,3,330,447
1790793809192,2,1790793808044,2,331,460
1790793809196,2,1790793808050,2,332,443
1790793809197,2,1790793809307,3,331,461
1790793809199,2,1790793809925,2,335,458
1790793809200,2,1790793808017,2,332,445
1790793809201,2,1790793809133,3,332,455
1790793809202,2,1790793808236,3,332,468
1790793809203,2,1790793808050,2,334,452
1790793809204,2,1790793807788,2,331,458
1790793809205,2,1790793809066,2,335,464
1790793809206,2,1790793807774,3,330,457
1790793809207,2,1790793807716,3,330,469
1790793809209,2,1790793808410,4,332,452
1790793809212,2,1790793809861,3,333,464
1790793809213,2,1790793808227,3,330,452
1790793809214,2,1790793807688,2,332,461
1790793809215,2,1790793808472,2,332,461
1790793809216,2,1790793809298,2,333,455
1790793809217,2,1790793809926,2,329,446
1790793809218,2,1790793808935,2,330,460
1790793809220,2,1790793807815,3,333,460
1790793809221,2,1790793808946,3,331,440
1790793809222,2,1790793808232,2,333,456
1790793809223,2,1790793808855,2,331,461
1790793809224,2,1790793809960,2,332,456
1790793809225,2,1790793808804,2,330,454
1790793809226,2,1790793808498,2,335,453
1790793809227,2,1790793809686,2,329,455
1790793809228,2,1790793808634,2,331,464
1790793809229,2,1790793809514,2,330,452
1790793809230,2,1790793807720,2,335,460
1790793809231,2,1790793808878,2,330,454
1790793809232,2,1790793807859,2,332,463
1790793809233,2,1790793808211,2,334,454
1790793809234,2,1790793809334,2,332,451
1790793809235,2,1790793810065,1,328,449
1790793809236,2,1790793808199,2,332,459
1790793809237,2,1790793808917,2,331,438
1790793809238,2,1790793808977,2,334,461
1790793809239,2,1790793808285,2,335,460
1790793809241,2,1790793809214,2,333,449
1790793809243,2,1790793809624,2,333,456
1790793809244,2,1790793809779,2,329,443
1790793809245,2,1790793808599,3,328,451
1790793809246,2,1790793807925,2,329,445
1790793809247,2,1790793809395,2,333,458
1790793809248,2,1790793808781,2,330,458
1790793809249,2,1790793808654,2,330,453
1790793809250,2,1790793807793,2,333,463
1790793809251,2,1790793808749,3,331,446
1790793809252,2,1790793808397,2,331,448
1790793809253,2,1790793807858,2,330,459
1790793809254,2,1790793807660,2,331,457
1790793809255,2,1790793809851,2,332,462
1790793809256,2,1790793809413,2,332,454
1790793809257,2,1790793809853,4,331,465
1790793809258,2,1790793808323,2,333,460
1790793809259,2,1790793808893,2,332,453
1790793809263,2,1790793807668,2,330,464
1790793809264,2,1790793808934,2,327,454
1790793809266,2,1790793809573,2,333,464
1790793809267,2,1790793809355,2,332,457
1790793809268,2,1790793809300,2,332,464
1790793809269,2,1790793808838,2,329,447
1790793809270,2,1790793808103,2,333,458
1790793809271,2,1790793807860,2,333,448
1790793809273,2,1790793808610,2,331,450
1790793809274,2,1790793809629,3,327,443
1790793809275,2,1790793809683,2,334,442
1790793809277,2,1790793809105,3,328,462
1790793809278,2,1790793808173,2,329,440
1790793809279,2,1790793809274,2,335,476
1790793809280,2,1790793809739,2,332,457
1790793809281,2,1790793809926,2,330,461
1790793809282,2,1790793808891,2,332,456
1790793809283,2,1790793808847,2,335,449
1790793809284,2,1790793808871,3,331,450
1790793809285,2,1790793808920,2,330,450
1790793809286,2,1790793807652,2,332,455
1790793809287,2,1790793809705,2,325,456
1790793809288,2,1790793808811,2,332,460
1790793809289,2,1790793809607,2,333,443
1790793809290,2,1790793808962,2,334,466
1790793809291,2,1790793807902,2,334,471
1790793809292,2,1790793807985,2,328,452
1790793809293,2,1790793809135,2,334,466
1790793809294,2,1790793807902,2,334,462
1790793809295,2,1790793809325,2,334,446
1790793809296,2,1790793810089,2,328,453
1790793809297,2,1790793809073,2,333,469
1790793809298,2,1790793809526,2,330,458
1790793809299,2,1790793807901,2,332,453
1790793809300,2,1790793809268,2,332,464
1790793809303,2,1790793809336,2,331,450
1790793809305,2,1790793809051,2,330,456
1790793809306,2,1790793809471,2,332,440
1790793809308,2,1790793809020,4,329,460
1790793809310,2,1790793807982,2,330,444
1790793809311,2,1790793808278,2,332,461
1790793809312,2,1790793808408,2,331,457
1790793809314,2,1790793809453,3,331,462
1790793809315,2,1790793808636,4,333,448
1790793809316,2,1790793808519,2,333,455
1790793809317,2,1790793808415,2,331,444
1790793809319,2,1790793808195,3,332,468
1790793809320,2,1790793809737,2,331,459
1790793809321,2,1790793807708,2,329,453
1790793809322,2,1790793807737,2,333,452
1790793809323,2,1790793809183,2,332,458
1790793809324,2,1790793808957,3,334,454
1790793809325,2,1790793808988,2,330,445
1790793809327,2,1790793808032,2,334,459
1790793809328,2,1790793808401,2,332,467
1790793809329,2,1790793807856,2,331,466
1790793809333,2,1790793807856,2,331,450
1790793809334,2,1790793809234,2,332,451
1790793809335,2,1790793808686,2,331,458
1790793809336,2,1790793809303,2,331,450
1790793809338,2,1790793809777,2,333,452
1790793809339,2,1790793808367,2,334,454
1790793809340,2,1790793808385,4,332,462
1790793809341,2,1790793807975,2,332,453
1790793809342,2,1790793807820,2,333,462
1790793809343,2,1790793809923,2,332,457
1790793809344,2,1790793809174,2,332,465
1790793809346,2,1790793809191,2,331,450
1790793809347,2,1790793808887,2,334,459
1790793809348,2,1790793809168,2,330,455
1790793809349,2,1790793809043,3,326,449
1790793809350,2,1790793808311,2,333,456
1790793809351,2,1790793810076,2,333,456
1790793809353,2,1790793808190,2,329,455
1790793809354,2,1790793808801,2,334,449
1790793809355,2,1790793808046,2,331,456
1790793809356,2,1790793807632,2,334,453
1790793809358,2,1790793809395,2,334,456
1790793809359,2,1790793808513,2,331,455
1790793809360,2,1790793807806,2,334,456
1790793809361,2,1790793808799,4,331,457
1790793809363,2,1790793809428,2,332,462
1790793809364,2,1790793809794,1,330,457
1790793809365,2,1790793808774,2,328,453
1790793809366,2,1790793809543,3,332,450
1790793809367,2,1790793807864,2,331,453
1790793809368,2,1790793808589,2,334,459
1790793809369,2,1790793807899,2,330,459
1790793809370,2,1790793808217,2,329,450
1790793809372,2,1790793809916,2,332,455
1790793809373,2,1790793809845,3,332,452
1790793809374,2,1790793810076,2,328,449
1790793809375,2,1790793807929,2,332,450
1790793809376,2,1790793808058,2,334,462
1790793809377,2,1790793808009,2,334,460
1790793809380,2,1790793809392,2,333,450
1790793809381,2,1790793808962,2,332,450
1790793809382,2,1790793809228,2,332,462
1790793809383,2,1790793808114,2,331,445
1790793809384,2,1790793808391,2,330,449
1790793809385,2,1790793809822,2,334,454
1790793809386,2,1790793808413,2,332,452
1790793809387,2,1790793808236,3,332,457
1790793809388,2,1790793809607,2,330,438
1790793809390,2,1790793808162,2,332,456
1790793809391,2,1790793809026,2,333,469
1790793809392,2,1790793807644,2,333,452
1790793809393,2,1790793809379,3,327,462
1790793809394,2,1790793810060,2,329,460
1790793809395,2,1790793809450,2,329,454
1790793809396,2,1790793807775,2,334,462
1790793809398,2,1790793808069,2,332,453
1790793809399,2,1790793808709,2,327,448
1790793809400,2,1790793808724,2,331,455
1790793809401,2,1790793809765,2,333,461
1790793809402,2,1790793809554,3,332,464
1790793809403,2,1790793808562,2,332,461
1790793809404,2,1790793807810,4,329,465
1790793809406,2,1790793809280,2,335,452
1790793809407,2,1790793809383,2,335,458
1790793809408,2,1790793807884,2,332,463
1790793809410,2,1790793808151,2,333,464
1790793809413,2,1790793809256,2,332,454
1790793809415,2,1790793808579,2,331,452
1790793809416,2,1790793809502,2,334,463
1790793809417,2,1790793808243,2,332,463
1790793809420,2,1790793807607,2,331,445
1790793809421,2,1790793809809,3,331,457
1790793809422,2,1790793807612,2,334,455
1790793809423,2,1790793808618,2,334,460
1790793809424,2,1790793807754,2,332,447
1790793809425,2,1790793807647,3,327,449
1790793809426,2,1790793810093,2,331,452
1790793809427,2,1790793808356,2,330,456
1790793809428,2,1790793808015,2,329,451
1790793809429,2,1790793809143,2,327,450
1790793809430,2,1790793808339,2,332,465
1790793809431,2,1790793809009,2,331,462
1790793809432,2,1790793808159,2,329,455
1790793809433,2,1790793809769,2,333,456
1790793809434,2,1790793809410,2,333,455
1790793809435,2,1790793807664,2,331,450
1790793809436,2,1790793808329,2,331,459
1790793809438,2,1790793809352,4,333,446
1790793809439,2,1790793808545,2,333,451
1790793809443,2,1790793808061,2,331,455
1790793809444,2,1790793808922,2,334,457
1790793809445,2,1790793808034,2,334,457
1790793809446,2,1790793807613,3,332,459
1790793809448,2,1790793808749,3,329,446
1790793809449,2,1790793807604,2,334,460
1790793809450,2,1790793809395,2,329,454
1790793809452,2,1790793808977,2,335,458
1790793809454,2,1790793808537,2,335,474
1790793809456,2,1790793808215,3,332,453
1790793809457,2,1790793808284,4,330,466
1790793809458,2,1790793808545,2,329,451
1790793809459,2,1790793807953,2,328,451
1790793809460,2,1790793808995,2,333,458
1790793809463,2,1790793809731,3,333,454
1790793809465,2,1790793807848,2,333,465
1790793809466,2,1790793808052,3,332,453
1790793809467,2,1790793809650,3,329,463
1790793809468,2,1790793809006,2,331,434
1790793809469,2,1790793810083,2,331,455
1790793809470,2,1790793809866,2,330,462
1790793809471,2,1790793808341,2,331,463
1790793809472,2,1790793808971,2,329,460
1790793809474,2,1790793809719,2,333,461
1790793809476,2,1790793809876,3,331,452
1790793809477,2,1790793807644,2,327,448
1790793809478,2,1790793809136,2,332,458
1790793809479,2,1790793809583,2,333,464
1790793809480,2,1790793809634,2,328,445
1790793809481,2,1790793808224,2,332,462
1790793809482,2,1790793808166,3,330,449
1790793809483,2,1790793808757,2,333,460
1790793809484,2,1790793809119,5,331,466
1790793809485,2,1790793808342,4,329,453
1790793809486,2,1790793808185,2,333,461
1790793809489,2,1790793808743,2,327,443
1790793809490,2,1790793808592,2,331,461
1790793809491,2,1790793809509,2,331,452
1790793809492,2,1790793809036,2,334,462
1790793809493,2,1790793807883,3,334,458
1790793809496,2,1790793808694,2,332,452
1790793809497,2,1790793808517,3,330,458
1790793809499,2,1790793809796,2,330,444
1790793809500,2,1790793807899,2,333,452
1790793809501,2,1790793807851,2,333,463
1790793809502,2,1790793808755,2,330,456
1790793809503,2,1790793807614,3,331,473
1790793809504,2,1790793808416,2,330,458
1790793809506,2,1790793809928,2,330,445
1790793809507,2,1790793808089,2,331,451
1790793809508,2,1790793808338,2,331,460
1790793809509,2,1790793809491,2,331,452
1790793809510,2,1790793808756,2,331,468
1790793809511,2,1790793809253,2,330,451
1790793809512,2,1790793807734,2,332,458
1790793809513,2,1790793808191,2,328,455
1790793809514,2,1790793809229,2,330,452
1790793809515,2,1790793809286,2,334,463
1790793809516,2,1790793808944,2,333,453
1790793809517,2,1790793808633,2,329,449
1790793809518,2,1790793807683,3,331,459
1790793809519,2,1790793809042,2,333,457
1790793809522,2,1790793808105,5,332,466
1790793809523,2,1790793808042,4,331,452
1790793809525,2,1790793808365,2,331,453
1790793809526,2,1790793809298,2,330,458
1790793809528,2,1790793807679,2,333,448
1790793809530,2,1790793808878,2,332,459
1790793809532,2,1790793809336,2,332,453
1790793809533,2,1790793808250,2,332,459
1790793809535,2,1790793808294,2,333,452
1790793809536,2,1790793808906,2,330,449
1790793809537,2,1790793808224,2,332,464
1790793809538,2,1790793808892,2,331,442
1790793809540,2,1790793809412,3,329,458
1790793809541,2,1790793808483,2,328,450
1790793809542,2,1790793807926,4,333,454
1790793809544,2,1790793809109,2,329,461
1790793809545,2,1790793807904,2,332,459
1790793809546,2,1790793809187,3,330,442
1790793809547,2,1790793809732,2,332,466
1790793809550,2,1790793808802,3,329,450
1790793809551,2,1790793809154,2,334,460
1790793809552,2,1790793809392,2,333,461
1790793809553,2,1790793809901,2,332,458
1790793809555,2,1790793809041,2,334,464
1790793809557,2,1790793807891,2,334,460
1790793809558,2,1790793809685,2,332,467
1790793809559,2,1790793809489,2,332,450
1790793809560,2,1790793808049,2,332,461
1790793809561,2,1790793808062,2,334,460
1790793809562,2,1790793810008,2,333,449
1790793809564,2,1790793808523,2,330,447
1790793809565,2,1790793808534,2,332,453
1790793809566,2,1790793809907,3,333,461
1790793809567,2,1790793808886,3,332,452
1790793809568,2,1790793809778,2,328,448
1790793809569,2,1790793808945,2,333,456
1790793809570,2,1790793809141,2,331,451
1790793809571,2,1790793808411,2,332,458
1790793809572,2,1790793808647,2,333,461
1790793809573,2,1790793807945,2,327,440
1790793809574,2,1790793810016,3,331,467
1790793809575,2,1790793809015,2,331,450
1790793809576,2,1790793808979,2,333,446
1790793809579,2,1790793808730,2,334,450
1790793809580,2,1790793809098,2,329,453
1790793809582,2,1790793809404,2,333,447
1790793809583,2,1790793809479,2,333,464
1790793809584,2,1790793810010,2,323,439
1790793809585,2,1790793807764,2,331,445
1790793809586,2,1790793808302,3,332,450
1790793809587,2,1790793808643,3,331,456
1790793809588,2,1790793809698,2,334,452
1790793809590,2,1790793808074,2,330,453
1790793809591,2,1790793809223,2,334,461
1790793809592,2,1790793807977,2,334,464
1790793809593,2,1790793807664,2,331,452
1790793809594,2,1790793809254,2,334,465
1790793809595,2,1790793807684,2,333,453
1790793809596,2,1790793809720,2,334,452
1790793809597,2,1790793808489,2,333,450
1790793809598,2,1790793809709,2,332,462
1790793809600,2,1790793808489,2,333,449
1790793809601,2,1790793808080,2,330,447
1790793809602,2,1790793810032,2,333,455
1790793809603,2,1790793808551,2,332,457
1790793809604,2,1790793809807,5,328,452
1790793809605,2,1790793808883,2,332,451
1790793809606,2,1790793808884,2,332,466
1790793809607,2,1790793809388,2,330,438
1790793809608,2,1790793808364,2,329,450
1790793809610,2,1790793808267,2,329,453
1790793809611,2,1790793809583,2,333,454
1790793809612,2,1790793808424,2,335,461
1790793809613,2,1790793807921,2,331,466
1790793809614,2,1790793807871,2,331,441
1790793809615,2,1790793809790,2,331,457
1790793809616,2,1790793807632,2,332,446
1790793809617,2,1790793808011,2,332,464
1790793809619,2,1790793807625,2,333,465
1790793809620,2,1790793809345,3,332,453
1790793809621,2,1790793808647,2,333,446
1790793809623,2,1790793807886,2,333,471
1790793809624,2,1790793808593,3,329,446
1790793809625,2,1790793808608,2,332,449
1790793809626,2,1790793809334,2,333,445
1790793809627,2,1790793807859,2,333,464
1790793809628,2,1790793807724,2,335,451
1790793809630,2,1790793809512,2,332,451
1790793809631,2,1790793808461,2,332,468
1790793809632,2,1790793809245,2,331,462
1790793809633,2,1790793807792,2,328,447
1790793809634,2,1790793809480,2,328,445
1790793809635,2,1790793807805,2,327,455
1790793809636,2,1790793809001,4,331,458
1790793809637,2,1790793808953,2,333,453
1790793809638,2,1790793810097,2,329,439
1790793809639,2,1790793809696,2,336,460
1790793809640,2,1790793808788,2,333,454
1790793809641,2,1790793807651,2,334,459
1790793809642,2,1790793809806,2,332,453
1790793809643,2,1790793808567,2,332,458
1790793809644,2,1790793807640,2,333,472
1790793809646,2,1790793808601,2,332,459
1790793809647,2,1790793810082,2,333,454
1790793809648,2,1790793807882,2,333,460
1790793809651,2,1790793809012,2,326,453
1790793809652,2,1790793807943,2,331,456
1790793809656,2,1790793809071,2,329,452
1790793809657,2,1790793807835,2,332,456
1790793809659,2,1790793808580,2,328,443
1790793809660,2,1790793808463,2,333,446
1790793809661,2,1790793808431,2,333,463
1790793809662,2,1790793808136,2,331,454
1790793809663,2,1790793809599,6,330,448
1790793809664,2,1790793808101,2,332,452
1790793809665,2,1790793807952,2,331,463
1790793809667,2,1790793809682,2,330,458
1790793809668,2,1790793810030,2,333,460
1790793809669,2,1790793808151,2,334,450
1790793809670,2,1790793808065,2,329,451
1790793809671,2,1790793807682,2,332,444
1790793809672,2,1790793808473,2,333,456
1790793809673,2,1790793809196,2,332,453
1790793809674,2,1790793807984,2,333,470
1790793809675,2,1790793807692,2,333,456
1790793809676,2,1790793809826,3,330,466
1790793809677,2,1790793809116,2,332,459
1790793809678,2,1790793808593,3,326,447
1790793809679,2,1790793809694,2,333,470
1790793809680,2,1790793808629,2,333,454
1790793809681,2,1790793808991,2,332,442
1790793809682,2,1790793809667,2,330,458
1790793809683,2,1790793808635,2,332,456
1790793809684,2,1790793808814,2,331,461
1790793809685,2,1790793809558,2,332,467
1790793809686,2,1790793809227,2,329,455
1790793809687,2,1790793807695,2,332,447
1790793809689,2,1790793808311,2,333,470
1790793809690,2,1790793808667,2,333,449
1790793809691,2,1790793808229,2,330,461
1790793809692,2,1790793809041,2,332,444
1790793809693,2,1790793808323,2,332,455
1790793809694,2,1790793807747,2,331,459
1790793809696,2,1790793809809,3,332,454
1790793809697,2,1790793808225,2,326,452
1790793809698,2,1790793807795,2,333,463
1790793809699,2,1790793809872,2,329,439
1790793809700,2,1790793809116,2,332,461
1790793809702,2,1790793807639,2,332,460
1790793809703,2,1790793808867,2,331,439
1790793809704,2,1790793809802,3,331,444
1790793809705,2,1790793809287,2,325,456
1790793809706,2,1790793809022,2,332,450
1790793809707,2,1790793808211,2,330,452
1790793809708,2,1790793809534,3,334,452
1790793809709,2,1790793809917,2,331,458
1790793809711,2,1790793807837,2,334,450
1790793809713,2,1790793807681,2,333,451
1790793809714,2,1790793808098,2,327,448
1790793809715,2,1790793809915,4,332,472
1790793809716,2,1790793808915,2,332,464
1790793809717,2,1790793809100,3,330,450
1790793809719,2,1790793808866,2,331,457
1790793809720,2,1790793809596,2,334,452
1790793809721,2,1790793808811,2,333,454
1790793809722,2,1790793808273,2,332,460
1790793809723,2,1790793809113,2,330,456
1790793809725,2,1790793809891,2,331,457
1790793809726,2,1790793807964,2,335,474
1790793809727,2,1790793809118,2,332,462
1790793809728,2,1790793809628,2,335,473
1790793809730,2,1790793808682,2,332,458
1790793809732,2,1790793807672,2,332,444
1790793809733,2,1790793809120,2,334,457
1790793809734,2,1790793807823,2,334,451
1790793809735,2,1790793808482,2,328,455
1790793809737,2,1790793808315,2,329,454
1790793809738,2,1790793809909,3,323,446
1790793809739,2,1790793808026,2,332,472
1790793809740,2,1790793808793,2,331,461
1790793809741,2,1790793809333,2,331,458
1790793809742,2,1790793808839,3,333,455
1790793809743,2,1790793808037,2,331,455
1790793809744,2,1790793808273,2,333,453
1790793809745,2,1790793809859,3,331,443
1790793809746,2,1790793808090,2,329,459
1790793809747,2,1790793809334,2,333,461
1790793809748,2,1790793809567,2,333,464
1790793809749,2,1790793810049,4,334,450
1790793809750,2,1790793809346,2,332,452
1790793809751,2,1790793809326,3,331,461
1790793809753,2,1790793809189,2,332,459
1790793809754,2,1790793808092,2,335,455
1790793809755,2,1790793807629,4,334,462
1790793809756,2,1790793808197,2,330,452
1790793809757,2,1790793808693,4,331,452
1790793809759,2,1790793808598,2,332,460
1790793809760,2,1790793807876,2,333,458
1790793809761,2,1790793809536,2,330,456
1790793809762,2,1790793809124,2,330,456
1790793809764,2,1790793807969,2,331,456
1790793809765,2,1790793808607,2,330,456
1790793809766,2,1790793807740,2,334,471
1790793809767,2,1790793807946,2,330,455
1790793809769,2,1790793809433,2,333,456
1790793809770,2,1790793808008,3,333,447
1790793809771,2,1790793807872,2,335,464
1790793809773,2,1790793808239,2,335,478
1790793809774,2,1790793809790,2,333,457
1790793809775,2,1790793808769,2,334,456
1790793809776,2,1790793809148,2,332,467
1790793809777,2,1790793807705,2,328,447
1790793809778,2,1790793809568,2,328,448
1790793809779,2,1790793809244,2,329,443
1790793809780,2,1790793808923,2,333,449
1790793809781,2,1790793807935,2,331,459
1790793809783,2,1790793808627,2,335,469
1790793809784,2,1790793808258,2,333,464
1790793809788,2,1790793807639,2,330,458
1790793809790,2,1790793807877,2,329,445
1790793809791,2,1790793807979,2,332,446
1790793809793,2,1790793809278,2,333,446
1790793809795,2,1790793809831,2,332,447
1790793809796,2,1790793808063,2,330,449
1790793809797,2,1790793807791,2,331,453
1790793809800,2,1790793809093,2,332,466
1790793809801,2,1790793809477,2,331,465
1790793809803,2,1790793810041,2,332,456
1790793809806,2,1790793808147,2,332,454
1790793809811,2,1790793808535,2,331,456
1790793809812,2,1790793807620,3,332,463
1790793809813,2,1790793809369,2,332,446
1790793809814,2,1790793808340,2,333,462
1790793809816,2,1790793807722,2,329,451
1790793809818,2,1790793809988,2,332,468
1790793809820,2,1790793808920,2,333,464
1790793809821,2,1790793808159,2,334,459
1790793809822,2,1790793808881,2,333,459
1790793809823,2,1790793809838,2,332,463
1790793809825,2,1790793807795,2,332,456
1790793809827,2,1790793809608,2,332,448
1790793809828,2,1790793810053,3,333,460
1790793809829,2,1790793808235,2,330,464
1790793809830,2,1790793808852,2,335,447
1790793809831,2,1790793808402,2,330,459
1790793809834,2,1790793807734,2,330,463
1790793809835,2,1790793808118,2,334,461
1790793809836,2,1790793808731,2,332,446
1790793809837,2,1790793807658,2,333,459
1790793809838,2,1790793809823,2,332,463
1790793809839,2,1790793807698,2,330,450
1790793809840,2,1790793808118,2,335,457
1790793809841,2,1790793810077,2,334,448
1790793809842,2,1790793809703,2,331,457
1790793809844,2,1790793809191,2,333,461
1790793809846,2,1790793808778,3,335,452
1790793809847,2,1790793810073,2,328,446
1790793809848,2,1790793809978,2,332,455
1790793809849,2,1790793810029,2,333,451
1790793809850,2,1790793808721,2,332,467
1790793809851,2,1790793809255,2,332,462
1790793809855,2,1790793809052,3,326,442
1790793809856,2,1790793809436,2,331,465
1790793809858,2,1790793808370,2,331,456
1790793809860,2,1790793809685,2,332,461
1790793809862,2,1790793809512,2,334,462
1790793809863,2,1790793807870,2,334,465
1790793809864,2,1790793808569,2,333,455
1790793809865,2,1790793808593,3,334,452
1790793809866,2,1790793807681,2,328,449
1790793809867,2,1790793807710,2,330,457
1790793809868,2,1790793809854,3,332,460
1790793809869,2,1790793808182,2,335,465
1790793809871,2,1790793808161,3,333,449
1790793809872,2,1790793809699,2,329,439
1790793809873,2,1790793809114,2,334,457
1790793809874,2,1790793807857,2,332,457
1790793809875,2,1790793808852,2,332,460
1790793809877,2,1790793807903,2,336,454
1790793809878,2,1790793807610,2,333,462
1790793809880,2,1790793808854,4,334,458
1790793809881,2,1790793808395,2,333,458
1790793809882,2,1790793809786,3,331,459
1790793809883,2,1790793808917,2,333,461
1790793809884,2,1790793807798,2,332,459
1790793809885,2,1790793809330,3,328,441
1790793809886,2,1790793809318,4,331,450
1790793809887,2,1790793808085,2,331,462
1790793809888,2,1790793808450,2,329,455
1790793809889,2,1790793809298,2,333,460
1790793809890,2,1790793807935,2,330,459
1790793809891,2,1790793809725,2,331,457
1790793809892,2,1790793808602,2,334,450
1790793809893,2,1790793809537,2,334,460
1790793809894,2,1790793808400,2,330,462
1790793809895,2,1790793807751,2,331,456
1790793809896,2,1790793808092,2,334,440
1790793809898,2,1790793807986,2,333,456
1790793809899,2,1790793808404,2,333,454
1790793809900,2,1790793808670,2,332,459
1790793809901,2,1790793809553,2,332,458
1790793809903,2,1790793808885,2,332,458
1790793809905,2,1790793809001,4,331,450
1790793809910,2,1790793809161,2,332,471
1790793809911,2,1790793808697,3,333,464
1790793809912,2,1790793809737,2,333,469
1790793809913,2,1790793809667,2,332,453
1790793809914,2,1790793807666,2,327,455
1790793809916,2,1790793809142,2,329,453
1790793809917,2,1790793809709,2,331,458
1790793809918,2,1790793809806,2,334,465
1790793809919,2,1790793808240,2,333,454
1790793809920,2,1790793809851,2,333,457
1790793809923,2,1790793809343,2,332,457
1790793809924,2,1790793808701,2,334,457
1790793809925,2,1790793807785,2,332,454
1790793809926,2,1790793809217,2,329,446
1790793809927,2,1790793809831,2,332,453
1790793809928,2,1790793808085,2,327,456
1790793809929,2,1790793809160,2,332,463
1790793809930,2,1790793808838,2,333,449
1790793809931,2,1790793809471,2,333,468
1790793809932,2,1790793809761,2,332,449
1790793809933,2,1790793808549,2,332,455
1790793809934,2,1790793808195,3,333,459
1790793809935,2,1790793808171,2,331,445
1790793809937,2,1790793807733,2,333,459
1790793809938,2,1790793808460,2,334,475
1790793809939,2,1790793809079,2,331,447
1790793809940,2,1790793809382,2,333,464
1790793809942,2,1790793807860,2,334,461
1790793809943,2,1790793807826,2,334,464
1790793809944,2,1790793808795,2,332,459
1790793809945,2,1790793808772,2,333,458
1790793809948,2,1790793807895,2,333,450
1790793809949,2,1790793807851,2,330,440
1790793809950,2,1790793807664,2,332,445
1790793809951,2,1790793809010,2,333,448
1790793809952,2,1790793808043,2,334,470
1790793809953,2,1790793808283,2,331,458
1790793809954,2,1790793808524,2,333,460
1790793809955,2,1790793808165,2,333,444
1790793809956,2,1790793809200,2,333,471
1790793809957,2,1790793808640,2,333,451
1790793809958,2,1790793809457,2,331,447
1790793809959,2,1790793809629,3,333,456
1790793809960,2,1790793809517,2,331,462
1790793809961,2,1790793809534,3,333,455
1790793809962,2,1790793809714,2,329,449
1790793809963,2,1790793808423,2,332,460
1790793809967,2,1790793808626,2,332,455
1790793809969,2,1790793809034,2,331,449
1790793809970,2,1790793807700,2,332,456
1790793809972,2,1790793809497,2,334,461
1790793809973,2,1790793808726,2,331,454
1790793809974,2,1790793808376,2,321,426
1790793809976,2,1790793810017,2,331,458
1790793809978,2,1790793808590,2,330,466
1790793809980,2,1790793808053,2,334,463
1790793809981,2,1790793810019,2,334,454
1790793809983,2,1790793807734,2,332,474
1790793809984,2,1790793808741,4,332,447
1790793809985,2,1790793808584,2,333,458
1790793809986,2,1790793807749,2,334,458
1790793809987,2,1790793808013,2,332,445
1790793809988,2,1790793808192,2,331,462
1790793809990,2,1790793809606,2,332,459
1790793809992,2,1790793808865,2,334,459
1790793809993,2,1790793808203,2,335,459
1790793809994,2,1790793807671,3,330,443
1790793809995,2,1790793808275,3,334,460
1790793809997,2,1790793809265,3,334,448
1790793809998,2,1790793807964,2,331,449
1790793809999,2,1790793809457,2,332,449
1790793810000,2,1790793807864,2,331,441
1790793810001,2,1790793807865,2,333,462
1790793810002,2,1790793809967,2,332,454
1790793810003,2,1790793807872,2,331,458
1790793810004,2,1790793807700,2,332,459
1790793810007,2,1790793808839,3,332,452
1790793810008,2,1790793808334,2,333,456
1790793810009,2,1790793809000,3,333,456
1790793810010,2,1790793809584,2,323,439
1790793810011,2,1790793808608,2,333,457
1790793810014,2,1790793807825,2,327,461
1790793810015,2,1790793808398,3,333,459
1790793810017,2,1790793809976,2,331,458
1790793810018,2,1790793808269,3,335,460
1790793810019,2,1790793809816,2,330,473
1790793810020,2,1790793808674,3,329,452
1790793810022,2,1790793808397,2,330,450
1790793810023,2,1790793808088,2,332,465
1790793810024,2,1790793807736,2,325,446
1790793810025,2,1790793808967,2,331,455
1790793810026,2,1790793808093,3,334,468
1790793810027,2,1790793808396,2,332,447
1790793810028,2,1790793809029,2,331,449
1790793810029,2,1790793808536,1,325,448
1790793810030,2,1790793808354,2,331,453
1790793810031,2,1790793808976,3,330,459
1790793810032,2,1790793808369,4,331,451
1790793810033,2,1790793807676,2,332,461
1790793810034,2,1790793808794,2,332,450
1790793810038,2,1790793807818,2,336,462
1790793810039,2,1790793808742,2,334,458
1790793810040,2,1790793809093,2,336,459
1790793810041,2,1790793808403,2,332,463
1790793810042,2,1790793808244,2,327,461
1790793810043,2,1790793809572,2,335,453
1790793810044,2,1790793808584,2,332,443
1790793810046,2,1790793807738,2,333,453
1790793810047,2,1790793807984,2,333,459
1790793810048,2,1790793809673,2,332,466
1790793810050,2,1790793809560,2,332,460
1790793810051,2,1790793808887,2,331,461
1790793810052,2,1790793807852,2,329,451
1790793810054,2,1790793809949,2,332,456
1790793810055,2,1790793807598,3,329,457
1790793810056,2,1790793809040,2,325,452
1790793810057,2,1790793809073,2,332,460
1790793810058,2,1790793807598,3,332,441
1790793810060,2,1790793809394,2,329,460
1790793810061,2,1790793809150,2,334,460
1790793810062,2,1790793808831,2,332,458
1790793810063,2,1790793807846,2,332,455
1790793810064,2,1790793809006,2,330,453
1790793810066,2,1790793807881,2,333,460
1790793810067,2,1790793809526,2,332,462
1790793810068,2,1790793807674,2,333,450
1790793810069,2,1790793808549,2,334,469
1790793810070,2,1790793809532,2,333,456
1790793810071,2,1790793808149,2,334,464
1790793810072,2,1790793809843,3,330,455
1790793810073,2,1790793809847,2,328,446
1790793810074,2,1790793809847,2,333,451
1790793810075,2,1790793809152,2,333,456
1790793810076,2,1790793809374,2,328,449
1790793810077,2,1790793809573,2,332,451
1790793810078,2,1790793808374,2,331,451
1790793810079,2,1790793808405,2,333,452
1790793810080,2,1790793808616,2,333,457
1790793810081,2,1790793807749,2,334,453
1790793810082,2,1790793809826,3,332,456
1790793810083,2,1790793809469,2,331,455
1790793810084,2,1790793809424,2,333,472
1790793810085,2,1790793807691,3,330,459
1790793810086,2,1790793807604,2,330,451
1790793810087,2,1790793810078,2,333,452
1790793810088,2,1790793809047,2,333,470
1790793810089,2,1790793809296,2,328,453
1790793810090,2,1790793808083,2,332,441
1790793810091,2,1790793808118,2,331,460
1790793810093,2,1790793809426,2,331,452
1790793810094,2,1790793808337,3,332,465
1790793810095,2,1790793809099,2,330,454
1790793810096,2,1790793809414,3,332,456
1790793810097,2,1790793809638,2,329,439
1790793807598,3,1790793810055,2,329,457
1790793807609,3,1790793807977,2,332,461
1790793807613,3,1790793808001,2,330,444
1790793807614,3,1790793808025,4,330,458
1790793807620,3,1790793808605,2,332,460
1790793807628,3,1790793808231,2,328,450
1790793807633,3,1790793808732,2,333,464
1790793807645,3,1790793809111,2,331,462
1790793807646,3,1790793808737,2,334,458
1790793807647,3,1790793809425,2,327,449
1790793807650,3,1790793809562,2,333,458
1790793807653,3,1790793808991,2,329,455
1790793807654,3,1790793809746,2,335,469
1790793807657,3,1790793808190,2,330,450
1790793807659,3,1790793808046,2,334,465
1790793807661,3,1790793807937,2,330,452
1790793807663,3,1790793808055,2,333,458
1790793807671,3,1790793809994,2,330,443
1790793807683,3,1790793808341,2,331,451
1790793807691,3,1790793810085,2,330,459
1790793807696,3,1790793807957,2,335,458
1790793807697,3,1790793807713,2,332,463
1790793807709,3,1790793808671,2,331,459
1790793807716,3,1790793809207,2,330,469
1790793807725,3,1790793809300,2,332,445
1790793807728,3,1790793808110,2,333,463
1790793807730,3,1790793808406,2,333,449
1790793807741,3,1790793808000,2,334,450
1790793807743,3,1790793807943,2,333,445
1790793807753,3,1790793807926,4,333,461
1790793807769,3,1790793808685,2,333,461
1790793807774,3,1790793807934,2,330,457
1790793807782,3,1790793809101,2,334,465
1790793807808,3,1790793808327,3,332,447
1790793807815,3,1790793809060,2,331,456
1790793807819,3,1790793807886,2,331,456
1790793807822,3,1790793809245,2,333,467
1790793807838,3,1790793808472,2,331,464
1790793807847,3,1790793808525,4,328,447
1790793807850,3,1790793808040,3,333,457
1790793807855,3,1790793809321,2,332,465
1790793807866,3,1790793807771,2,334,452
1790793807867,3,1790793807604,2,326,456
1790793807883,3,1790793809450,2,333,456
1790793807892,3,1790793807667,2,331,459
1790793807897,3,1790793808714,2,333,463
1790793807906,3,1790793809946,3,333,457
1790793807907,3,1790793808086,2,332,459
1790793807909,3,1790793808706,4,333,454
1790793807910,3,1790793808611,2,330,449
1790793807917,3,1790793809019,2,333,451
1790793807918,3,1790793808112,2,332,475
1790793807924,3,1790793808005,2,333,468
1790793807927,3,1790793809388,2,332,442
1790793807951,3,1790793809524,3,333,461
1790793807955,3,1790793809172,2,334,455
1790793807962,3,1790793809649,3,328,446
1790793807992,3,1790793807959,2,333,457
1790793807994,3,1790793808358,2,332,465
1790793807995,3,1790793808059,2,329,457
1790793808006,3,1790793809664,2,333,455
1790793808008,3,1790793808778,3,330,467
1790793808022,3,1790793808832,2,326,461
1790793808024,3,1790793807923,2,329,442
1790793808030,3,1790793808687,2,325,448
1790793808040,3,1790793807850,3,333,457
1790793808041,3,1790793808123,2,331,454
1790793808052,3,1790793808417,2,332,456
1790793808054,3,1790793808564,2,332,472
1790793808068,3,1790793808449,2,333,452
1790793808076,3,1790793807986,2,332,456
1790793808087,3,1790793808422,2,330,459
1790793808091,3,1790793807951,3,335,467
1790793808093,3,1790793808658,4,328,444
1790793808095,3,1790793809792,4,333,453
1790793808129,3,1790793808168,2,332,464
1790793808152,3,1790793808534,2,334,460
1790793808156,3,1790793807941,2,334,456
1790793808161,3,1790793808483,2,332,450
1790793808166,3,1790793809482,2,330,449
1790793808172,3,1790793808538,2,330,456
1790793808180,3,1790793808984,2,332,455
1790793808195,3,1790793809319,2,332,468
1790793808196,3,1790793808106,2,333,461
1790793808200,3,1790793808513,2,334,459
1790793808213,3,1790793808147,2,333,459
1790793808215,3,1790793809191,2,330,447
1790793808227,3,1790793809213,2,330,452
1790793808234,3,1790793808947,2,328,464
1790793808236,3,1790793807750,2,332,446
1790793808241,3,1790793808320,2,333,450
1790793808263,3,1790793808252,2,331,452
1790793808268,3,1790793809388,2,333,445
1790793808269,3,1790793808498,2,329,457
1790793808274,3,1790793810044,2,333,452
1790793808275,3,1790793808098,2,333,466
1790793808302,3,1790793809586,2,332,450
1790793808307,3,1790793809397,3,332,449
1790793808318,3,1790793808687,2,334,463
1790793808327,3,1790793808335,2,332,445
1790793808336,3,1790793809825,2,333,447
1790793808337,3,1790793808014,2,330,467
1790793808344,3,1790793808059,2,332,450
1790793808347,3,1790793809118,2,333,472
1790793808362,3,1790793807674,2,332,471
1790793808377,3,1790793809696,2,333,450
1790793808383,3,1790793808303,2,332,449
1790793808389,3,1790793809681,2,333,447
1790793808398,3,1790793808644,2,327,447
1790793808407,3,1790793807607,2,332,453
1790793808414,3,1790793807788,2,335,453
1790793808421,3,1790793807793,2,332,446
1790793808425,3,1790793808292,4,332,461
1790793808427,3,1790793807791,2,334,457
1790793808433,3,1790793807886,2,332,451
1790793808435,3,1790793808874,2,333,463
1790793808437,3,1790793808887,2,334,451
1790793808444,3,1790793809301,3,335,452
1790793808455,3,1790793807678,2,330,459
1790793808462,3,1790793807755,2,334,448
1790793808468,3,1790793808424,2,329,451
1790793808474,3,1790793809927,2,332,460
1790793808481,3,1790793808189,2,334,454
1790793808491,3,1790793807834,2,333,455
1790793808493,3,1790793808231,2,330,454
1790793808516,3,1790793809066,2,334,455
1790793808517,3,1790793808280,2,330,452
1790793808518,3,1790793808765,2,334,454
1790793808528,3,1790793808290,2,335,453
1790793808550,3,1790793809969,2,333,456
1790793808559,3,1790793808225,2,333,470
1790793808560,3,1790793808556,2,331,470
1790793808575,3,1790793808463,2,334,472
1790793808581,3,1790793809652,2,333,462
1790793808593,3,1790793809678,2,326,447
1790793808595,3,1790793809843,3,332,458
1790793808599,3,1790793809245,2,328,451
1790793808617,3,1790793809055,2,332,452
1790793808619,3,1790793808250,2,331,459
1790793808622,3,1790793808050,2,335,449
1790793808631,3,1790793809206,2,331,462
1790793808643,3,1790793809587,2,331,456
1790793808646,3,1790793809859,3,333,451
1790793808656,3,1790793809571,2,332,459
1790793808657,3,1790793809466,2,333,454
1790793808673,3,1790793808551,2,334,458
1790793808674,3,1790793810020,2,329,452
1790793808695,3,1790793807672,2,335,467
1790793808697,3,1790793808740,2,331,462
1790793808700,3,1790793807751,2,333,465
1790793808702,3,1790793809319,2,333,466
1790793808704,3,1790793808476,2,327,448
1790793808705,3,1790793808718,2,329,437
1790793808708,3,1790793808628,2,330,452
1790793808710,3,1790793807757,2,332,448
1790793808716,3,1790793807914,2,334,458
1790793808720,3,1790793807929,2,333,454
1790793808738,3,1790793809693,2,333,458
1790793808749,3,1790793809448,2,329,446
1790793808753,3,1790793807706,2,330,448
1790793808758,3,1790793809459,2,332,475
1790793808760,3,1790793810086,2,332,440
1790793808767,3,1790793808051,2,333,459
1790793808778,3,1790793807660,2,329,448
1790793808782,3,1790793808661,2,333,457
1790793808798,3,1790793808065,2,333,452
1790793808802,3,1790793809170,2,329,453
1790793808809,3,1790793808945,2,330,447
1790793808835,3,1790793808563,2,335,459
1790793808837,3,1790793810050,2,333,462
1790793808839,3,1790793810007,2,332,452
1790793808861,3,1790793808445,2,334,462
1790793808863,3,1790793809364,2,331,451
1790793808864,3,1790793810024,2,332,442
1790793808869,3,1790793808322,2,334,457
1790793808871,3,1790793809284,2,331,450
1790793808886,3,1790793808423,2,332,448
1790793808904,3,1790793808464,2,334,450
1790793808909,3,1790793809852,3,330,441
1790793808925,3,1790793807684,2,333,454
1790793808939,3,1790793808566,2,334,452
1790793808946,3,1790793808107,2,330,452
1790793808950,3,1790793808608,2,332,461
1790793808951,3,1790793809364,2,334,451
1790793808957,3,1790793808519,2,333,454
1790793808968,3,1790793809817,4,333,456
1790793808969,3,1790793807710,2,333,455
1790793808976,3,1790793810031,2,330,459
1790793808980,3,1790793807634,2,328,465
1790793809000,3,1790793809249,2,332,455
1790793809007,3,1790793809183,2,330,469
1790793809014,3,1790793807694,2,330,453
1790793809021,3,1790793807668,2,329,447
1790793809043,3,1790793809349,2,326,449
1790793809045,3,1790793809137,3,333,453
1790793809048,3,1790793808264,2,334,454
1790793809052,3,1790793809855,2,326,442
1790793809061,3,1790793809247,2,333,450
1790793809062,3,1790793807839,5,332,453
1790793809081,3,1790793809599,6,332,451
1790793809085,3,1790793809346,2,331,451
1790793809088,3,1790793807636,2,330,458
1790793809100,3,1790793809717,2,330,450
1790793809105,3,1790793809277,2,328,462
1790793809112,3,1790793807920,2,334,459
1790793809115,3,1790793807842,2,331,462
1790793809125,3,1790793810024,2,334,455
1790793809126,3,1790793810055,2,331,447
1790793809127,3,1790793808133,2,330,456
1790793809130,3,1790793808988,2,335,453
1790793809133,3,1790793808930,2,332,453
1790793809137,3,1790793809045,3,333,453
1790793809139,3,1790793809564,2,333,459
1790793809149,3,1790793808804,2,332,447
1790793809156,3,1790793807720,2,326,451
1790793809165,3,1790793807714,2,332,456
1790793809167,3,1790793807871,2,335,460
1790793809178,3,1790793809404,2,333,458
1790793809186,3,1790793807865,2,329,460
1790793809187,3,1790793809546,2,330,442
1790793809193,3,1790793807895,2,328,465
1790793809194,3,1790793808681,2,332,456
1790793809195,3,1790793810017,2,331,448
1790793809198,3,1790793809999,2,333,454
1790793809208,3,1790793808019,2,334,466
1790793809211,3,1790793807971,4,333,455
1790793809240,3,1790793809760,2,334,448
1790793809242,3,1790793809879,3,332,466
1790793809260,3,1790793809004,2,330,458
1790793809261,3,1790793808936,2,330,442
1790793809262,3,1790793809453,3,334,468
1790793809265,3,1790793807986,2,330,455
1790793809272,3,1790793807986,2,334,451
1790793809276,3,1790793808001,2,334,460
1790793809301,3,1790793808509,2,331,454
1790793809302,3,1790793808779,2,332,455
1790793809304,3,1790793808368,2,332,471
1790793809307,3,1790793809197,2,331,461
1790793809313,3,1790793808159,2,333,463
1790793809326,3,1790793807630,2,331,445
1790793809330,3,1790793809885,2,328,441
1790793809331,3,1790793809210,4,333,463
1790793809332,3,1790793807832,2,332,459
1790793809337,3,1790793807812,2,334,454
1790793809345,3,1790793809620,2,332,453
1790793809357,3,1790793809617,2,334,466
1790793809362,3,1790793808960,2,329,455
1790793809378,3,1790793807599,2,329,450
1790793809379,3,1790793809393,2,327,462
1790793809389,3,1790793807644,2,335,474
1790793809397,3,1790793808829,2,332,454
1790793809405,3,1790793807676,2,332,460
1790793809409,3,1790793808110,2,334,469
1790793809411,3,1790793809225,2,334,455
1790793809412,3,1790793809540,2,329,458
1790793809414,3,1790793810096,2,332,456
1790793809437,3,1790793807652,2,332,457
1790793809440,3,1790793809412,3,330,458
1790793809441,3,1790793807902,2,333,456
1790793809442,3,1790793808686,2,335,455
1790793809447,3,1790793809724,3,335,460
1790793809453,3,1790793808199,2,328,448
1790793809455,3,1790793807617,2,332,448
1790793809461,3,1790793808046,2,334,471
1790793809462,3,1790793808392,2,331,458
1790793809464,3,1790793807706,2,333,453
1790793809475,3,1790793807915,2,332,457
1790793809488,3,1790793807655,2,334,462
1790793809494,3,1790793809737,2,330,462
1790793809495,3,1790793808826,2,331,453
1790793809498,3,1790793809845,3,332,458
1790793809505,3,1790793808017,2,333,452
1790793809521,3,1790793808347,3,334,468
1790793809524,3,1790793808397,2,327,444
1790793809527,3,1790793808322,2,335,463
1790793809529,3,1790793808882,4,334,456
1790793809531,3,1790793808449,2,334,455
1790793809534,3,1790793808883,2,333,465
1790793809543,3,1790793809366,2,332,450
1790793809549,3,1790793809181,2,331,452
1790793809554,3,1790793808453,2,331,459
1790793809556,3,1790793809064,2,331,454
1790793809563,3,1790793808816,2,334,466
1790793809577,3,1790793809094,2,333,453
1790793809578,3,1790793808977,2,328,437
1790793809581,3,1790793808927,2,335,460
1790793809609,3,1790793807881,2,334,454
1790793809618,3,1790793808515,2,334,451
1790793809622,3,1790793809016,2,333,458
1790793809629,3,1790793809274,2,327,443
1790793809645,3,1790793808374,2,335,466
1790793809649,3,1790793807962,3,328,446
1790793809650,3,1790793809467,2,329,463
1790793809653,3,1790793807726,2,334,458
1790793809654,3,1790793809355,2,332,447
1790793809655,3,1790793808822,2,332,461
1790793809658,3,1790793807884,2,334,459
1790793809688,3,1790793809762,2,333,452
1790793809695,3,1790793807843,2,336,453
1790793809701,3,1790793809334,2,332,462
1790793809710,3,1790793807689,2,333,447
1790793809712,3,1790793807635,2,333,466
1790793809724,3,1790793808406,2,334,456
1790793809731,3,1790793809554,3,332,448
1790793809736,3,1790793809137,3,333,456
1790793809752,3,1790793807615,2,332,468
1790793809758,3,1790793808625,2,329,458
1790793809763,3,1790793807747,2,332,459
1790793809782,3,1790793808526,2,332,457
1790793809786,3,1790793809882,2,331,459
1790793809787,3,1790793807735,2,330,443
1790793809789,3,1790793808101,2,332,440
1790793809798,3,1790793808601,2,331,456
1790793809799,3,1790793808284,4,329,443
1790793809802,3,1790793809704,2,331,444
1790793809805,3,1790793809812,2,334,465
1790793809808,3,1790793807872,2,334,463
1790793809809,3,1790793809421,2,331,457
1790793809810,3,1790793808470,2,331,457
1790793809815,3,1790793808030,3,333,464
1790793809819,3,1790793808659,2,323,432
1790793809824,3,1790793808628,2,334,467
1790793809826,3,1790793809676,2,330,466
1790793809833,3,1790793807599,2,331,462
1790793809843,3,1790793810072,2,330,455
1790793809845,3,1790793809373,2,332,452
1790793809852,3,1790793808909,3,330,441
1790793809854,3,1790793807847,3,329,455
1790793809857,3,1790793809983,2,332,457
1790793809859,3,1790793809745,2,331,443
1790793809861,3,1790793808323,2,333,459
1790793809876,3,1790793809476,2,331,452
1790793809879,3,1790793807794,2,328,461
1790793809904,3,1790793807788,2,331,447
1790793809906,3,1790793809019,2,334,446
1790793809907,3,1790793808013,2,333,454
1790793809908,3,1790793808841,2,332,455
1790793809909,3,1790793809738,2,323,446
1790793809921,3,1790793809709,2,334,457
1790793809941,3,1790793808035,2,330,448
1790793809946,3,1790793807942,2,331,444
1790793809947,3,1790793808086,2,333,462
1790793809966,3,1790793808650,2,331,466
1790793809968,3,1790793808534,2,333,461
1790793809971,3,1790793807986,2,329,448
1790793809975,3,1790793809353,2,331,454
1790793809977,3,1790793807936,2,328,458
1790793809982,3,1790793809145,2,331,452
1790793810005,3,1790793808311,2,334,460
1790793810006,3,1790793809534,3,334,469
1790793810012,3,1790793808358,2,333,460
1790793810013,3,1790793809027,2,332,455
1790793810016,3,1790793808072,2,328,449
1790793810021,3,1790793808208,2,332,448
1790793810035,3,1790793807845,2,330,448
1790793810036,3,1790793807744,2,333,459
1790793810037,3,1790793808641,2,331,468
1790793810045,3,1790793807767,2,331,446
1790793810053,3,1790793809361,2,332,452
1790793810092,3,1790793809767,2,335,450
1790793807629,4,1790793808594,1,331,453
1790793807631,4,1790793807769,3,334,456
1790793807641,4,1790793807859,2,333,452
1790793807693,4,1790793808669,2,329,449
1790793807727,4,1790793809807,5,333,455
1790793807760,4,1790793810089,2,333,460
1790793807768,4,1790793808720,3,333,461
1790793807777,4,1790793808191,2,334,464
1790793807786,4,1790793809415,2,332,465
1790793807809,4,1790793807622,2,335,445
1790793807810,4,1790793809404,2,329,465
1790793807816,4,1790793808628,2,332,459
1790793807887,4,1790793808748,2,334,450
1790793807893,4,1790793807788,2,332,448
1790793807926,4,1790793807943,2,333,456
1790793807940,4,1790793809144,2,330,461
1790793807944,4,1790793808600,2,329,446
1790793807947,4,1790793808135,2,333,452
1790793807965,4,1790793807608,2,330,467
1790793807971,4,1790793809211,3,333,455
1790793807976,4,1790793807672,2,333,435
1790793807996,4,1790793810078,2,333,453
1790793808025,4,1790793807655,2,330,450
1790793808028,4,1790793809015,2,336,469
1790793808036,4,1790793807674,2,332,450
1790793808042,4,1790793809523,2,331,452
1790793808047,4,1790793807916,2,336,456
1790793808057,4,1790793809303,2,331,448
1790793808078,4,1790793808606,2,333,469
1790793808155,4,1790793808204,2,333,449
1790793808237,4,1790793809516,2,333,460
1790793808247,4,1790793808979,2,331,455
1790793808276,4,1790793809119,5,334,450
1790793808284,4,1790793809799,3,329,443
1790793808292,4,1790793808425,3,332,461
1790793808308,4,1790793808690,2,332,450
1790793808321,4,1790793808244,2,330,450
1790793808342,4,1790793809485,2,329,453
1790793808352,4,1790793807680,2,328,452
1790793808357,4,1790793807600,2,329,455
1790793808363,4,1790793808016,2,334,444
1790793808366,4,1790793807912,2,334,464
1790793808369,4,1790793810032,2,331,451
1790793808375,4,1790793808882,4,334,461
1790793808385,4,1790793809340,2,332,462
1790793808410,4,1790793807674,2,331,455
1790793808426,4,1790793807776,2,334,459
1790793808465,4,1790793808679,4,335,463
1790793808492,4,1790793809550,2,330,467
1790793808508,4,1790793808364,2,331,450
1790793808512,4,1790793808103,2,330,456
1790793808525,4,1790793807847,3,328,447
1790793808529,4,1790793808839,3,333,461
1790793808532,4,1790793807776,2,334,453
1790793808555,4,1790793809446,2,333,460
1790793808624,4,1790793809614,2,333,452
1790793808636,4,1790793808791,2,332,454
1790793808655,4,1790793808560,3,332,451
1790793808658,4,1790793807982,2,327,457
1790793808679,4,1790793808689,2,330,457
1790793808693,4,1790793808734,4,327,445
1790793808706,4,1790793807909,3,333,454
1790793808711,4,1790793808293,2,329,456
1790793808734,4,1790793808693,4,327,445
1790793808741,4,1790793809984,2,332,447
1790793808750,4,1790793808257,2,331,453
1790793808761,4,1790793808009,2,333,449
1790793808763,4,1790793809369,2,333,457
1790793808766,4,1790793809144,2,332,459
1790793808784,4,1790793809002,2,332,460
1790793808799,4,1790793809361,2,331,457
1790793808819,4,1790793808390,2,334,471
1790793808854,4,1790793808478,2,334,462
1790793808856,4,1790793807639,2,333,449
1790793808862,4,1790793807607,2,335,457
1790793808882,4,1790793808107,2,333,460
1790793808900,4,1790793808572,2,335,463
1790793808903,4,1790793808472,2,331,447
1790793808913,4,1790793808522,2,334,451
1790793808940,4,1790793808235,2,331,463
1790793808958,4,1790793807840,2,332,449
1790793808997,4,1790793808469,2,333,474
1790793809001,4,1790793809636,2,331,458
1790793809020,4,1790793809308,2,329,460
1790793809090,4,1790793808534,2,336,467
1790793809173,4,1790793809775,2,335,452
1790793809184,4,1790793808038,2,332,467
1790793809210,4,1790793809331,3,333,463
1790793809309,4,1790793807740,2,330,458
1790793809318,4,1790793809886,2,331,450
1790793809352,4,1790793809438,2,333,446
1790793809371,4,1790793808631,3,333,443
1790793809419,4,1790793808339,2,331,457
1790793809451,4,1790793809539,4,324,430
1790793809473,4,1790793807863,2,333,456
1790793809487,4,1790793807658,2,330,458
1790793809520,4,1790793809186,3,333,454
1790793809539,4,1790793809451,4,324,430
1790793809548,4,1790793808350,2,336,455
1790793809589,4,1790793809686,2,332,460
1790793809666,4,1790793808203,2,334,447
1790793809718,4,1790793807763,2,331,460
1790793809729,4,1790793807981,2,334,469
1790793809768,4,1790793808246,2,332,461
1790793809772,4,1790793807686,2,332,453
1790793809785,4,1790793808087,3,331,451
1790793809792,4,1790793809587,2,332,455
1790793809817,4,1790793809388,2,333,459
1790793809853,4,1790793809257,2,331,465
1790793809870,4,1790793808016,2,332,449
1790793809902,4,1790793807733,2,333,465
1790793809915,4,1790793809715,2,332,472
1790793809922,4,1790793808251,2,332,454
1790793809965,4,1790793807800,2,331,461
1790793809979,4,1790793808052,3,334,458
1790793809989,4,1790793808373,2,331,443
1790793810049,4,1790793808916,2,334,460
1790793810059,4,1790793808022,3,333,475
1790793807638,5,1790793808812,2,330,463
1790793807721,5,1790793807718,2,333,458
1790793807839,5,1790793809854,3,330,444
1790793807908,5,1790793809084,2,335,462
1790793808105,5,1790793809522,2,332,466
1790793808116,5,1790793807970,2,334,463
1790793808128,5,1790793807746,2,333,446
1790793808419,5,1790793808546,2,335,464
1790793808729,5,1790793807855,3,332,450
1790793808808,5,1790793808220,2,334,463
1790793808860,5,1790793807879,2,333,466
1790793808926,5,1790793809091,2,332,462
1790793809032,5,1790793808676,2,333,460
1790793809119,5,1790793809484,2,331,466
1790793809219,5,1790793808022,3,331,450
1790793809418,5,1790793809064,2,335,459
1790793809807,5,1790793809604,2,328,452
1790793809832,5,1790793809302,3,332,455
1790793809897,5,1790793808503,2,333,449
1790793809936,5,1790793807676,2,333,450
1790793809964,5,1790793809470,2,332,453
1790793809991,5,1790793807635,2,333,456
1790793809996,5,1790793807886,2,333,454
1790793808064,6,1790793808662,2,333,461
1790793809599,6,1790793809663,2,330,448
