1790793807699	/Users/mingxuan/OR/itc/itc-2019/src/solution/muni-fsps-spr17/random_hc_20261001_024327/completed/seed_1790793807699/final.xml
1790793807773	/Users/mingxuan/OR/itc/itc-2019/src/solution/muni-fsps-spr17/random_hc_20261001_024327/completed/seed_1790793807773/final.xml
1790793808132	/Users/mingxuan/OR/itc/itc-2019/src/solution/muni-fsps-spr17/random_hc_20261001_024327/completed/seed_1790793808132/final.xml
1790793808223	/Users/mingxuan/OR/itc/itc-2019/src/solution/muni-fsps-spr17/random_hc_20261001_024327/completed/seed_1790793808223/final.xml
1790793808457	/Users/mingxuan/OR/itc/itc-2019/src/solution/muni-fsps-spr17/random_hc_20261001_024327/completed/seed_1790793808457/final.xml
1790793808536	/Users/mingxuan/OR/itc/itc-2019/src/solution/muni-fsps-spr17/random_hc_20261001_024327/completed/seed_1790793808536/final.xml
1790793808553	/Users/mingxuan/OR/itc/itc-2019/src/solution/muni-fsps-spr17/random_hc_20261001_024327/completed/seed_1790793808553/final.xml
1790793808594	/Users/mingxuan/OR/itc/itc-2019/src/solution/muni-fsps-spr17/random_hc_20261001_024327/completed/seed_1790793808594/final.xml
1790793808817	/Users/mingxuan/OR/itc/itc-2019/src/solution/muni-fsps-spr17/random_hc_20261001_024327/completed/seed_1790793808817/final.xml
1790793809794	/Users/mingxuan/OR/itc/itc-2019/src/solution/muni-fsps-spr17/random_hc_20261001_024327/completed/seed_1790793809794/final.xml
1790793809804	/Users/mingxuan/OR/itc/itc-2019/src/solution/muni-fsps-spr17/random_hc_20261001_024327/completed/seed_1790793809804/final.xml
1790793810065	/Users/mingxuan/OR/itc/itc-2019/src/solution/muni-fsps-spr17/random_hc_20261001_024327/completed/seed_1790793810065/final.xml
1790793807599	/Users/mingxuan/OR/itc/itc-2019/src/solution/muni-fsps-spr17/random_hc_20261001_024327/completed/seed_1790793807599/final.xml
1790793807600	/Users/mingxuan/OR/itc/itc-2019/src/solution/muni-fsps-spr17/random_hc_20261001_024327/completed/seed_1790793807600/final.xml
1790793807601	/Users/mingxuan/OR/itc/itc-2019/src/solution/muni-fsps-spr17/random_hc_20261001_024327/completed/seed_1790793807601/final.xml
1790793807602	/Users/mingxuan/OR/itc/itc-2019/src/solution/muni-fsps-spr17/random_hc_20261001_024327/completed/seed_1790793807602/final.xml
1790793807603	/Users/mingxuan/OR/itc/itc-2019/src/solution/muni-fsps-spr17/random_hc_20261001_024327/completed/seed_1790793807603/final.xml
1790793807604	/Users/mingxuan/OR/itc/itc-2019/src/solution/muni-fsps-spr17/random_hc_20261001_024327/completed/seed_1790793807604/final.xml
1790793807605	/Users/mingxuan/OR/itc/itc-2019/src/solution/muni-fsps-spr17/random_hc_20261001_024327/completed/seed_1790793807605/final.xml
1790793807606	/Users/mingxuan/OR/itc/itc-2019/src/solution/muni-fsps-spr17/random_hc_20261001_024327/completed/seed_1790793807606/final.xml
1790793807607	/Users/mingxuan/OR/itc/itc-2019/src/solution/muni-fsps-spr17/random_hc_20261001_024327/completed/seed_1790793807607/final.xml
1790793807608	/Users/mingxuan/OR/itc/itc-2019/src/solution/muni-fsps-spr17/random_hc_20261001_024327/completed/seed_1790793807608/final.xml
1790793807610	/Users/mingxuan/OR/itc/itc-2019/src/solution/muni-fsps-spr17/random_hc_20261001_024327/completed/seed_1790793807610/final.xml
1790793807611	/Users/mingxuan/OR/itc/itc-2019/src/solution/muni-fsps-spr17/random_hc_20261001_024327/completed/seed_1790793807611/final.xml
1790793807612	/Users/mingxuan/OR/itc/itc-2019/src/solution/muni-fsps-spr17/random_hc_20261001_024327/completed/seed_1790793807612/final.xml
1790793807615	/Users/mingxuan/OR/itc/itc-2019/src/solution/muni-fsps-spr17/random_hc_20261001_024327/completed/seed_1790793807615/final.xml
1790793807616	/Users/mingxuan/OR/itc/itc-2019/src/solution/muni-fsps-spr17/random_hc_20261001_024327/completed/seed_1790793807616/final.xml
1790793807617	/Users/mingxuan/OR/itc/itc-2019/src/solution/muni-fsps-spr17/random_hc_20261001_024327/completed/seed_1790793807617/final.xml
1790793807618	/Users/mingxuan/OR/itc/itc-2019/src/solution/muni-fsps-spr17/random_hc_20261001_024327/completed/seed_1790793807618/final.xml
1790793807619	/Users/mingxuan/OR/itc/itc-2019/src/solution/muni-fsps-spr17/random_hc_20261001_024327/completed/seed_1790793807619/final.xml
1790793807621	/Users/mingxuan/OR/itc/itc-2019/src/solution/muni-fsps-spr17/random_hc_20261001_024327/completed/seed_1790793807621/final.xml
1790793807622	/Users/mingxuan/OR/itc/itc-2019/src/solution/muni-fsps-spr17/random_hc_20261001_024327/completed/seed_1790793807622/final.xml
1790793807623	/Users/mingxuan/OR/itc/itc-2019/src/solution/muni-fsps-spr17/random_hc_20261001_024327/completed/seed_1790793807623/final.xml
1790793807624	/Users/mingxuan/OR/itc/itc-2019/src/solution/muni-fsps-spr17/random_hc_20261001_024327/completed/seed_1790793807624/final.xml
1790793807625	/Users/mingxuan/OR/itc/itc-2019/src/solution/muni-fsps-spr17/random_hc_20261001_024327/completed/seed_1790793807625/final.xml
1790793807626	/Users/mingxuan/OR/itc/itc-2019/src/solution/muni-fsps-spr17/random_hc_20261001_024327/completed/seed_1790793807626/final.xml
1790793807627	/Users/mingxuan/OR/itc/itc-2019/src/solution/muni-fsps-spr17/random_hc_20261001_024327/completed/seed_1790793807627/final.xml
1790793807630	/Users/mingxuan/OR/itc/itc-2019/src/solution/muni-fsps-spr17/random_hc_20261001_024327/completed/seed_1790793807630/final.xml
1790793807632	/Users/mingxuan/OR/itc/itc-2019/src/solution/muni-fsps-spr17/random_hc_20261001_024327/completed/seed_1790793807632/final.xml
1790793807634	/Users/mingxuan/OR/itc/itc-2019/src/solution/muni-fsps-spr17/random_hc_20261001_024327/completed/seed_1790793807634/final.xml
1790793807635	/Users/mingxuan/OR/itc/itc-2019/src/solution/muni-fsps-spr17/random_hc_20261001_024327/completed/seed_1790793807635/final.xml
1790793807636	/Users/mingxuan/OR/itc/itc-2019/src/solution/muni-fsps-spr17/random_hc_20261001_024327/completed/seed_1790793807636/final.xml
1790793807637	/Users/mingxuan/OR/itc/itc-2019/src/solution/muni-fsps-spr17/random_hc_20261001_024327/completed/seed_1790793807637/final.xml
1790793807639	/Users/mingxuan/OR/itc/itc-2019/src/solution/muni-fsps-spr17/random_hc_20261001_024327/completed/seed_1790793807639/final.xml
1790793807640	/Users/mingxuan/OR/itc/itc-2019/src/solution/muni-fsps-spr17/random_hc_20261001_024327/completed/seed_1790793807640/final.xml
1790793807642	/Users/mingxuan/OR/itc/itc-2019/src/solution/muni-fsps-spr17/random_hc_20261001_024327/completed/seed_1790793807642/final.xml
1790793807643	/Users/mingxuan/OR/itc/itc-2019/src/solution/muni-fsps-spr17/random_hc_20261001_024327/completed/seed_1790793807643/final.xml
1790793807644	/Users/mingxuan/OR/itc/itc-2019/src/solution/muni-fsps-spr17/random_hc_20261001_024327/completed/seed_1790793807644/final.xml
1790793807648	/Users/mingxuan/OR/itc/itc-2019/src/solution/muni-fsps-spr17/random_hc_20261001_024327/completed/seed_1790793807648/final.xml
1790793807649	/Users/mingxuan/OR/itc/itc-2019/src/solution/muni-fsps-spr17/random_hc_20261001_024327/completed/seed_1790793807649/final.xml
1790793807651	/Users/mingxuan/OR/itc/itc-2019/src/solution/muni-fsps-spr17/random_hc_20261001_024327/completed/seed_1790793807651/final.xml
1790793807652	/Users/mingxuan/OR/itc/itc-2019/src/solution/muni-fsps-spr17/random_hc_20261001_024327/completed/seed_1790793807652/final.xml
1790793807655	/Users/mingxuan/OR/itc/itc-2019/src/solution/muni-fsps-spr17/random_hc_20261001_024327/completed/seed_1790793807655/final.xml
1790793807656	/Users/mingxuan/OR/itc/itc-2019/src/solution/muni-fsps-spr17/random_hc_20261001_024327/completed/seed_1790793807656/final.xml
1790793807658	/Users/mingxuan/OR/itc/itc-2019/src/solution/muni-fsps-spr17/random_hc_20261001_024327/completed/seed_1790793807658/final.xml
1790793807660	/Users/mingxuan/OR/itc/itc-2019/src/solution/muni-fsps-spr17/random_hc_20261001_024327/completed/seed_1790793807660/final.xml
1790793807662	/Users/mingxuan/OR/itc/itc-2019/src/solution/muni-fsps-spr17/random_hc_20261001_024327/completed/seed_1790793807662/final.xml
1790793807664	/Users/mingxuan/OR/itc/itc-2019/src/solution/muni-fsps-spr17/random_hc_20261001_024327/completed/seed_1790793807664/final.xml
1790793807665	/Users/mingxuan/OR/itc/itc-2019/src/solution/muni-fsps-spr17/random_hc_20261001_024327/completed/seed_1790793807665/final.xml
1790793807666	/Users/mingxuan/OR/itc/itc-2019/src/solution/muni-fsps-spr17/random_hc_20261001_024327/completed/seed_1790793807666/final.xml
1790793807667	/Users/mingxuan/OR/itc/itc-2019/src/solution/muni-fsps-spr17/random_hc_20261001_024327/completed/seed_1790793807667/final.xml
1790793807668	/Users/mingxuan/OR/itc/itc-2019/src/solution/muni-fsps-spr17/random_hc_20261001_024327/completed/seed_1790793807668/final.xml
1790793807669	/Users/mingxuan/OR/itc/itc-2019/src/solution/muni-fsps-spr17/random_hc_20261001_024327/completed/seed_1790793807669/final.xml
1790793807670	/Users/mingxuan/OR/itc/itc-2019/src/solution/muni-fsps-spr17/random_hc_20261001_024327/completed/seed_1790793807670/final.xml
1790793807672	/Users/mingxuan/OR/itc/itc-2019/src/solution/muni-fsps-spr17/random_hc_20261001_024327/completed/seed_1790793807672/final.xml
1790793807673	/Users/mingxuan/OR/itc/itc-2019/src/solution/muni-fsps-spr17/random_hc_20261001_024327/completed/seed_1790793807673/final.xml
1790793807674	/Users/mingxuan/OR/itc/itc-2019/src/solution/muni-fsps-spr17/random_hc_20261001_024327/completed/seed_1790793807674/final.xml
1790793807675	/Users/mingxuan/OR/itc/itc-2019/src/solution/muni-fsps-spr17/random_hc_20261001_024327/completed/seed_1790793807675/final.xml
1790793807676	/Users/mingxuan/OR/itc/itc-2019/src/solution/muni-fsps-spr17/random_hc_20261001_024327/completed/seed_1790793807676/final.xml
1790793807677	/Users/mingxuan/OR/itc/itc-2019/src/solution/muni-fsps-spr17/random_hc_20261001_024327/completed/seed_1790793807677/final.xml
1790793807678	/Users/mingxuan/OR/itc/itc-2019/src/solution/muni-fsps-spr17/random_hc_20261001_024327/completed/seed_1790793807678/final.xml
1790793807679	/Users/mingxuan/OR/itc/itc-2019/src/solution/muni-fsps-spr17/random_hc_20261001_024327/completed/seed_1790793807679/final.xml
1790793807680	/Users/mingxuan/OR/itc/itc-2019/src/solution/muni-fsps-spr17/random_hc_20261001_024327/completed/seed_1790793807680/final.xml
1790793807681	/Users/mingxuan/OR/itc/itc-2019/src/solution/muni-fsps-spr17/random_hc_20261001_024327/completed/seed_1790793807681/final.xml
1790793807682	/Users/mingxuan/OR/itc/itc-2019/src/solution/muni-fsps-spr17/random_hc_20261001_024327/completed/seed_1790793807682/final.xml
1790793807684	/Users/mingxuan/OR/itc/itc-2019/src/solution/muni-fsps-spr17/random_hc_20261001_024327/completed/seed_1790793807684/final.xml
1790793807685	/Users/mingxuan/OR/itc/itc-2019/src/solution/muni-fsps-spr17/random_hc_20261001_024327/completed/seed_1790793807685/final.xml
1790793807686	/Users/mingxuan/OR/itc/itc-2019/src/solution/muni-fsps-spr17/random_hc_20261001_024327/completed/seed_1790793807686/final.xml
1790793807687	/Users/mingxuan/OR/itc/itc-2019/src/solution/muni-fsps-spr17/random_hc_20261001_024327/completed/seed_1790793807687/final.xml
1790793807688	/Users/mingxuan/OR/itc/itc-2019/src/solution/muni-fsps-spr17/random_hc_20261001_024327/completed/seed_1790793807688/final.xml
1790793807689	/Users/mingxuan/OR/itc/itc-2019/src/solution/muni-fsps-spr17/random_hc_20261001_024327/completed/seed_1790793807689/final.xml
1790793807690	/Users/mingxuan/OR/itc/itc-2019/src/solution/muni-fsps-spr17/random_hc_20261001_024327/completed/seed_1790793807690/final.xml
1790793807692	/Users/mingxuan/OR/itc/itc-2019/src/solution/muni-fsps-spr17/random_hc_20261001_024327/completed/seed_1790793807692/final.xml
1790793807694	/Users/mingxuan/OR/itc/itc-2019/src/solution/muni-fsps-spr17/random_hc_20261001_024327/completed/seed_1790793807694/final.xml
1790793807695	/Users/mingxuan/OR/itc/itc-2019/src/solution/muni-fsps-spr17/random_hc_20261001_024327/completed/seed_1790793807695/final.xml
1790793807698	/Users/mingxuan/OR/itc/itc-2019/src/solution/muni-fsps-spr17/random_hc_20261001_024327/completed/seed_1790793807698/final.xml
1790793807700	/Users/mingxuan/OR/itc/itc-2019/src/solution/muni-fsps-spr17/random_hc_20261001_024327/completed/seed_1790793807700/final.xml
1790793807701	/Users/mingxuan/OR/itc/itc-2019/src/solution/muni-fsps-spr17/random_hc_20261001_024327/completed/seed_1790793807701/final.xml
1790793807702	/Users/mingxuan/OR/itc/itc-2019/src/solution/muni-fsps-spr17/random_hc_20261001_024327/completed/seed_1790793807702/final.xml
1790793807703	/Users/mingxuan/OR/itc/itc-2019/src/solution/muni-fsps-spr17/random_hc_20261001_024327/completed/seed_1790793807703/final.xml
1790793807704	/Users/mingxuan/OR/itc/itc-2019/src/solution/muni-fsps-spr17/random_hc_20261001_024327/completed/seed_1790793807704/final.xml
1790793807705	/Users/mingxuan/OR/itc/itc-2019/src/solution/muni-fsps-spr17/random_hc_20261001_024327/completed/seed_1790793807705/final.xml
1790793807706	/Users/mingxuan/OR/itc/itc-2019/src/solution/muni-fsps-spr17/random_hc_20261001_024327/completed/seed_1790793807706/final.xml
1790793807707	/Users/mingxuan/OR/itc/itc-2019/src/solution/muni-fsps-spr17/random_hc_20261001_024327/completed/seed_1790793807707/final.xml
1790793807708	/Users/mingxuan/OR/itc/itc-2019/src/solution/muni-fsps-spr17/random_hc_20261001_024327/completed/seed_1790793807708/final.xml
1790793807710	/Users/mingxuan/OR/itc/itc-2019/src/solution/muni-fsps-spr17/random_hc_20261001_024327/completed/seed_1790793807710/final.xml
1790793807711	/Users/mingxuan/OR/itc/itc-2019/src/solution/muni-fsps-spr17/random_hc_20261001_024327/completed/seed_1790793807711/final.xml
1790793807712	/Users/mingxuan/OR/itc/itc-2019/src/solution/muni-fsps-spr17/random_hc_20261001_024327/completed/seed_1790793807712/final.xml
1790793807713	/Users/mingxuan/OR/itc/itc-2019/src/solution/muni-fsps-spr17/random_hc_20261001_024327/completed/seed_1790793807713/final.xml
1790793807714	/Users/mingxuan/OR/itc/itc-2019/src/solution/muni-fsps-spr17/random_hc_20261001_024327/completed/seed_1790793807714/final.xml
1790793807715	/Users/mingxuan/OR/itc/itc-2019/src/solution/muni-fsps-spr17/random_hc_20261001_024327/completed/seed_1790793807715/final.xml
1790793807717	/Users/mingxuan/OR/itc/itc-2019/src/solution/muni-fsps-spr17/random_hc_20261001_024327/completed/seed_1790793807717/final.xml
1790793807718	/Users/mingxuan/OR/itc/itc-2019/src/solution/muni-fsps-spr17/random_hc_20261001_024327/completed/seed_1790793807718/final.xml
1790793807719	/Users/mingxuan/OR/itc/itc-2019/src/solution/muni-fsps-spr17/random_hc_20261001_024327/completed/seed_1790793807719/final.xml
1790793807720	/Users/mingxuan/OR/itc/itc-2019/src/solution/muni-fsps-spr17/random_hc_20261001_024327/completed/seed_1790793807720/final.xml
1790793807722	/Users/mingxuan/OR/itc/itc-2019/src/solution/muni-fsps-spr17/random_hc_20261001_024327/completed/seed_1790793807722/final.xml
1790793807723	/Users/mingxuan/OR/itc/itc-2019/src/solution/muni-fsps-spr17/random_hc_20261001_024327/completed/seed_1790793807723/final.xml
1790793807724	/Users/mingxuan/OR/itc/itc-2019/src/solution/muni-fsps-spr17/random_hc_20261001_024327/completed/seed_1790793807724/final.xml
1790793807726	/Users/mingxuan/OR/itc/itc-2019/src/solution/muni-fsps-spr17/random_hc_20261001_024327/completed/seed_1790793807726/final.xml
1790793807729	/Users/mingxuan/OR/itc/itc-2019/src/solution/muni-fsps-spr17/random_hc_20261001_024327/completed/seed_1790793807729/final.xml
1790793807731	/Users/mingxuan/OR/itc/itc-2019/src/solution/muni-fsps-spr17/random_hc_20261001_024327/completed/seed_1790793807731/final.xml
1790793807732	/Users/mingxuan/OR/itc/itc-2019/src/solution/muni-fsps-spr17/random_hc_20261001_024327/completed/seed_1790793807732/final.xml
1790793807733	/Users/mingxuan/OR/itc/itc-2019/src/solution/muni-fsps-spr17/random_hc_20261001_024327/completed/seed_1790793807733/final.xml
1790793807734	/Users/mingxuan/OR/itc/itc-2019/src/solution/muni-fsps-spr17/random_hc_20261001_024327/completed/seed_1790793807734/final.xml
1790793807735	/Users/mingxuan/OR/itc/itc-2019/src/solution/muni-fsps-spr17/random_hc_20261001_024327/completed/seed_1790793807735/final.xml
1790793807736	/Users/mingxuan/OR/itc/itc-2019/src/solution/muni-fsps-spr17/random_hc_20261001_024327/completed/seed_1790793807736/final.xml
1790793807737	/Users/mingxuan/OR/itc/itc-2019/src/solution/muni-fsps-spr17/random_hc_20261001_024327/completed/seed_1790793807737/final.xml
1790793807738	/Users/mingxuan/OR/itc/itc-2019/src/solution/muni-fsps-spr17/random_hc_20261001_024327/completed/seed_1790793807738/final.xml
1790793807739	/Users/mingxuan/OR/itc/itc-2019/src/solution/muni-fsps-spr17/random_hc_20261001_024327/completed/seed_1790793807739/final.xml
1790793807740	/Users/mingxuan/OR/itc/itc-2019/src/solution/muni-fsps-spr17/random_hc_20261001_024327/completed/seed_1790793807740/final.xml
1790793807742	/Users/mingxuan/OR/itc/itc-2019/src/solution/muni-fsps-spr17/random_hc_20261001_024327/completed/seed_1790793807742/final.xml
1790793807744	/Users/mingxuan/OR/itc/itc-2019/src/solution/muni-fsps-spr17/random_hc_20261001_024327/completed/seed_1790793807744/final.xml
1790793807745	/Users/mingxuan/OR/itc/itc-2019/src/solution/muni-fsps-spr17/random_hc_20261001_024327/completed/seed_1790793807745/final.xml
1790793807746	/Users/mingxuan/OR/itc/itc-2019/src/solution/muni-fsps-spr17/random_hc_20261001_024327/completed/seed_1790793807746/final.xml
1790793807747	/Users/mingxuan/OR/itc/itc-2019/src/solution/muni-fsps-spr17/random_hc_20261001_024327/completed/seed_1790793807747/final.xml
1790793807748	/Users/mingxuan/OR/itc/itc-2019/src/solution/muni-fsps-spr17/random_hc_20261001_024327/completed/seed_1790793807748/final.xml
1790793807749	/Users/mingxuan/OR/itc/itc-2019/src/solution/muni-fsps-spr17/random_hc_20261001_024327/completed/seed_1790793807749/final.xml
1790793807750	/Users/mingxuan/OR/itc/itc-2019/src/solution/muni-fsps-spr17/random_hc_20261001_024327/completed/seed_1790793807750/final.xml
1790793807751	/Users/mingxuan/OR/itc/itc-2019/src/solution/muni-fsps-spr17/random_hc_20261001_024327/completed/seed_1790793807751/final.xml
1790793807752	/Users/mingxuan/OR/itc/itc-2019/src/solution/muni-fsps-spr17/random_hc_20261001_024327/completed/seed_1790793807752/final.xml
1790793807754	/Users/mingxuan/OR/itc/itc-2019/src/solution/muni-fsps-spr17/random_hc_20261001_024327/completed/seed_1790793807754/final.xml
1790793807755	/Users/mingxuan/OR/itc/itc-2019/src/solution/muni-fsps-spr17/random_hc_20261001_024327/completed/seed_1790793807755/final.xml
1790793807756	/Users/mingxuan/OR/itc/itc-2019/src/solution/muni-fsps-spr17/random_hc_20261001_024327/completed/seed_1790793807756/final.xml
1790793807757	/Users/mingxuan/OR/itc/itc-2019/src/solution/muni-fsps-spr17/random_hc_20261001_024327/completed/seed_1790793807757/final.xml
1790793807758	/Users/mingxuan/OR/itc/itc-2019/src/solution/muni-fsps-spr17/random_hc_20261001_024327/completed/seed_1790793807758/final.xml
1790793807759	/Users/mingxuan/OR/itc/itc-2019/src/solution/muni-fsps-spr17/random_hc_20261001_024327/completed/seed_1790793807759/final.xml
1790793807761	/Users/mingxuan/OR/itc/itc-2019/src/solution/muni-fsps-spr17/random_hc_20261001_024327/completed/seed_1790793807761/final.xml
1790793807762	/Users/mingxuan/OR/itc/itc-2019/src/solution/muni-fsps-spr17/random_hc_20261001_024327/completed/seed_1790793807762/final.xml
1790793807763	/Users/mingxuan/OR/itc/itc-2019/src/solution/muni-fsps-spr17/random_hc_20261001_024327/completed/seed_1790793807763/final.xml
1790793807764	/Users/mingxuan/OR/itc/itc-2019/src/solution/muni-fsps-spr17/random_hc_20261001_024327/completed/seed_1790793807764/final.xml
1790793807765	/Users/mingxuan/OR/itc/itc-2019/src/solution/muni-fsps-spr17/random_hc_20261001_024327/completed/seed_1790793807765/final.xml
1790793807766	/Users/mingxuan/OR/itc/itc-2019/src/solution/muni-fsps-spr17/random_hc_20261001_024327/completed/seed_1790793807766/final.xml
1790793807767	/Users/mingxuan/OR/itc/itc-2019/src/solution/muni-fsps-spr17/random_hc_20261001_024327/completed/seed_1790793807767/final.xml
1790793807770	/Users/mingxuan/OR/itc/itc-2019/src/solution/muni-fsps-spr17/random_hc_20261001_024327/completed/seed_1790793807770/final.xml
1790793807771	/Users/mingxuan/OR/itc/itc-2019/src/solution/muni-fsps-spr17/random_hc_20261001_024327/completed/seed_1790793807771/final.xml
1790793807772	/Users/mingxuan/OR/itc/itc-2019/src/solution/muni-fsps-spr17/random_hc_20261001_024327/completed/seed_1790793807772/final.xml
1790793807775	/Users/mingxuan/OR/itc/itc-2019/src/solution/muni-fsps-spr17/random_hc_20261001_024327/completed/seed_1790793807775/final.xml
1790793807776	/Users/mingxuan/OR/itc/itc-2019/src/solution/muni-fsps-spr17/random_hc_20261001_024327/completed/seed_1790793807776/final.xml
1790793807778	/Users/mingxuan/OR/itc/itc-2019/src/solution/muni-fsps-spr17/random_hc_20261001_024327/completed/seed_1790793807778/final.xml
1790793807779	/Users/mingxuan/OR/itc/itc-2019/src/solution/muni-fsps-spr17/random_hc_20261001_024327/completed/seed_1790793807779/final.xml
1790793807780	/Users/mingxuan/OR/itc/itc-2019/src/solution/muni-fsps-spr17/random_hc_20261001_024327/completed/seed_1790793807780/final.xml
1790793807781	/Users/mingxuan/OR/itc/itc-2019/src/solution/muni-fsps-spr17/random_hc_20261001_024327/completed/seed_1790793807781/final.xml
1790793807783	/Users/mingxuan/OR/itc/itc-2019/src/solution/muni-fsps-spr17/random_hc_20261001_024327/completed/seed_1790793807783/final.xml
1790793807784	/Users/mingxuan/OR/itc/itc-2019/src/solution/muni-fsps-spr17/random_hc_20261001_024327/completed/seed_1790793807784/final.xml
1790793807785	/Users/mingxuan/OR/itc/itc-2019/src/solution/muni-fsps-spr17/random_hc_20261001_024327/completed/seed_1790793807785/final.xml
1790793807787	/Users/mingxuan/OR/itc/itc-2019/src/solution/muni-fsps-spr17/random_hc_20261001_024327/completed/seed_1790793807787/final.xml
1790793807788	/Users/mingxuan/OR/itc/itc-2019/src/solution/muni-fsps-spr17/random_hc_20261001_024327/completed/seed_1790793807788/final.xml
1790793807789	/Users/mingxuan/OR/itc/itc-2019/src/solution/muni-fsps-spr17/random_hc_20261001_024327/completed/seed_1790793807789/final.xml
1790793807790	/Users/mingxuan/OR/itc/itc-2019/src/solution/muni-fsps-spr17/random_hc_20261001_024327/completed/seed_1790793807790/final.xml
1790793807791	/Users/mingxuan/OR/itc/itc-2019/src/solution/muni-fsps-spr17/random_hc_20261001_024327/completed/seed_1790793807791/final.xml
1790793807792	/Users/mingxuan/OR/itc/itc-2019/src/solution/muni-fsps-spr17/random_hc_20261001_024327/completed/seed_1790793807792/final.xml
1790793807793	/Users/mingxuan/OR/itc/itc-2019/src/solution/muni-fsps-spr17/random_hc_20261001_024327/completed/seed_1790793807793/final.xml
1790793807794	/Users/mingxuan/OR/itc/itc-2019/src/solution/muni-fsps-spr17/random_hc_20261001_024327/completed/seed_1790793807794/final.xml
1790793807795	/Users/mingxuan/OR/itc/itc-2019/src/solution/muni-fsps-spr17/random_hc_20261001_024327/completed/seed_1790793807795/final.xml
1790793807796	/Users/mingxuan/OR/itc/itc-2019/src/solution/muni-fsps-spr17/random_hc_20261001_024327/completed/seed_1790793807796/final.xml
1790793807797	/Users/mingxuan/OR/itc/itc-2019/src/solution/muni-fsps-spr17/random_hc_20261001_024327/completed/seed_1790793807797/final.xml
1790793807798	/Users/mingxuan/OR/itc/itc-2019/src/solution/muni-fsps-spr17/random_hc_20261001_024327/completed/seed_1790793807798/final.xml
1790793807799	/Users/mingxuan/OR/itc/itc-2019/src/solution/muni-fsps-spr17/random_hc_20261001_024327/completed/seed_1790793807799/final.xml
1790793807800	/Users/mingxuan/OR/itc/itc-2019/src/solution/muni-fsps-spr17/random_hc_20261001_024327/completed/seed_1790793807800/final.xml
1790793807801	/Users/mingxuan/OR/itc/itc-2019/src/solution/muni-fsps-spr17/random_hc_20261001_024327/completed/seed_1790793807801/final.xml
1790793807802	/Users/mingxuan/OR/itc/itc-2019/src/solution/muni-fsps-spr17/random_hc_20261001_024327/completed/seed_1790793807802/final.xml
1790793807803	/Users/mingxuan/OR/itc/itc-2019/src/solution/muni-fsps-spr17/random_hc_20261001_024327/completed/seed_1790793807803/final.xml
1790793807804	/Users/mingxuan/OR/itc/itc-2019/src/solution/muni-fsps-spr17/random_hc_20261001_024327/completed/seed_1790793807804/final.xml
1790793807805	/Users/mingxuan/OR/itc/itc-2019/src/solution/muni-fsps-spr17/random_hc_20261001_024327/completed/seed_1790793807805/final.xml
1790793807806	/Users/mingxuan/OR/itc/itc-2019/src/solution/muni-fsps-spr17/random_hc_20261001_024327/completed/seed_1790793807806/final.xml
1790793807807	/Users/mingxuan/OR/itc/itc-2019/src/solution/muni-fsps-spr17/random_hc_20261001_024327/completed/seed_1790793807807/final.xml
1790793807811	/Users/mingxuan/OR/itc/itc-2019/src/solution/muni-fsps-spr17/random_hc_20261001_024327/completed/seed_1790793807811/final.xml
1790793807812	/Users/mingxuan/OR/itc/itc-2019/src/solution/muni-fsps-spr17/random_hc_20261001_024327/completed/seed_1790793807812/final.xml
1790793807813	/Users/mingxuan/OR/itc/itc-2019/src/solution/muni-fsps-spr17/random_hc_20261001_024327/completed/seed_1790793807813/final.xml
1790793807814	/Users/mingxuan/OR/itc/itc-2019/src/solution/muni-fsps-spr17/random_hc_20261001_024327/completed/seed_1790793807814/final.xml
1790793807817	/Users/mingxuan/OR/itc/itc-2019/src/solution/muni-fsps-spr17/random_hc_20261001_024327/completed/seed_1790793807817/final.xml
1790793807818	/Users/mingxuan/OR/itc/itc-2019/src/solution/muni-fsps-spr17/random_hc_20261001_024327/completed/seed_1790793807818/final.xml
1790793807820	/Users/mingxuan/OR/itc/itc-2019/src/solution/muni-fsps-spr17/random_hc_20261001_024327/completed/seed_1790793807820/final.xml
1790793807821	/Users/mingxuan/OR/itc/itc-2019/src/solution/muni-fsps-spr17/random_hc_20261001_024327/completed/seed_1790793807821/final.xml
1790793807823	/Users/mingxuan/OR/itc/itc-2019/src/solution/muni-fsps-spr17/random_hc_20261001_024327/completed/seed_1790793807823/final.xml
1790793807824	/Users/mingxuan/OR/itc/itc-2019/src/solution/muni-fsps-spr17/random_hc_20261001_024327/completed/seed_1790793807824/final.xml
1790793807825	/Users/mingxuan/OR/itc/itc-2019/src/solution/muni-fsps-spr17/random_hc_20261001_024327/completed/seed_1790793807825/final.xml
1790793807826	/Users/mingxuan/OR/itc/itc-2019/src/solution/muni-fsps-spr17/random_hc_20261001_024327/completed/seed_1790793807826/final.xml
1790793807827	/Users/mingxuan/OR/itc/itc-2019/src/solution/muni-fsps-spr17/random_hc_20261001_024327/completed/seed_1790793807827/final.xml
1790793807828	/Users/mingxuan/OR/itc/itc-2019/src/solution/muni-fsps-spr17/random_hc_20261001_024327/completed/seed_1790793807828/final.xml
1790793807829	/Users/mingxuan/OR/itc/itc-2019/src/solution/muni-fsps-spr17/random_hc_20261001_024327/completed/seed_1790793807829/final.xml
1790793807830	/Users/mingxuan/OR/itc/itc-2019/src/solution/muni-fsps-spr17/random_hc_20261001_024327/completed/seed_1790793807830/final.xml
1790793807831	/Users/mingxuan/OR/itc/itc-2019/src/solution/muni-fsps-spr17/random_hc_20261001_024327/completed/seed_1790793807831/final.xml
1790793807832	/Users/mingxuan/OR/itc/itc-2019/src/solution/muni-fsps-spr17/random_hc_20261001_024327/completed/seed_1790793807832/final.xml
1790793807833	/Users/mingxuan/OR/itc/itc-2019/src/solution/muni-fsps-spr17/random_hc_20261001_024327/completed/seed_1790793807833/final.xml
1790793807834	/Users/mingxuan/OR/itc/itc-2019/src/solution/muni-fsps-spr17/random_hc_20261001_024327/completed/seed_1790793807834/final.xml
1790793807835	/Users/mingxuan/OR/itc/itc-2019/src/solution/muni-fsps-spr17/random_hc_20261001_024327/completed/seed_1790793807835/final.xml
1790793807836	/Users/mingxuan/OR/itc/itc-2019/src/solution/muni-fsps-spr17/random_hc_20261001_024327/completed/seed_1790793807836/final.xml
1790793807837	/Users/mingxuan/OR/itc/itc-2019/src/solution/muni-fsps-spr17/random_hc_20261001_024327/completed/seed_1790793807837/final.xml
1790793807840	/Users/mingxuan/OR/itc/itc-2019/src/solution/muni-fsps-spr17/random_hc_20261001_024327/completed/seed_1790793807840/final.xml
1790793807841	/Users/mingxuan/OR/itc/itc-2019/src/solution/muni-fsps-spr17/random_hc_20261001_024327/completed/seed_1790793807841/final.xml
1790793807842	/Users/mingxuan/OR/itc/itc-2019/src/solution/muni-fsps-spr17/random_hc_20261001_024327/completed/seed_1790793807842/final.xml
1790793807843	/Users/mingxuan/OR/itc/itc-2019/src/solution/muni-fsps-spr17/random_hc_20261001_024327/completed/seed_1790793807843/final.xml
1790793807844	/Users/mingxuan/OR/itc/itc-2019/src/solution/muni-fsps-spr17/random_hc_20261001_024327/completed/seed_1790793807844/final.xml
1790793807845	/Users/mingxuan/OR/itc/itc-2019/src/solution/muni-fsps-spr17/random_hc_20261001_024327/completed/seed_1790793807845/final.xml
1790793807846	/Users/mingxuan/OR/itc/itc-2019/src/solution/muni-fsps-spr17/random_hc_20261001_024327/completed/seed_1790793807846/final.xml
1790793807848	/Users/mingxuan/OR/itc/itc-2019/src/solution/muni-fsps-spr17/random_hc_20261001_024327/completed/seed_1790793807848/final.xml
1790793807849	/Users/mingxuan/OR/itc/itc-2019/src/solution/muni-fsps-spr17/random_hc_20261001_024327/completed/seed_1790793807849/final.xml
1790793807851	/Users/mingxuan/OR/itc/itc-2019/src/solution/muni-fsps-spr17/random_hc_20261001_024327/completed/seed_1790793807851/final.xml
1790793807852	/Users/mingxuan/OR/itc/itc-2019/src/solution/muni-fsps-spr17/random_hc_20261001_024327/completed/seed_1790793807852/final.xml
1790793807853	/Users/mingxuan/OR/itc/itc-2019/src/solution/muni-fsps-spr17/random_hc_20261001_024327/completed/seed_1790793807853/final.xml
1790793807854	/Users/mingxuan/OR/itc/itc-2019/src/solution/muni-fsps-spr17/random_hc_20261001_024327/completed/seed_1790793807854/final.xml
1790793807856	/Users/mingxuan/OR/itc/itc-2019/src/solution/muni-fsps-spr17/random_hc_20261001_024327/completed/seed_1790793807856/final.xml
1790793807857	/Users/mingxuan/OR/itc/itc-2019/src/solution/muni-fsps-spr17/random_hc_20261001_024327/completed/seed_1790793807857/final.xml
1790793807858	/Users/mingxuan/OR/itc/itc-2019/src/solution/muni-fsps-spr17/random_hc_20261001_024327/completed/seed_1790793807858/final.xml
1790793807859	/Users/mingxuan/OR/itc/itc-2019/src/solution/muni-fsps-spr17/random_hc_20261001_024327/completed/seed_1790793807859/final.xml
1790793807860	/Users/mingxuan/OR/itc/itc-2019/src/solution/muni-fsps-spr17/random_hc_20261001_024327/completed/seed_1790793807860/final.xml
1790793807861	/Users/mingxuan/OR/itc/itc-2019/src/solution/muni-fsps-spr17/random_hc_20261001_024327/completed/seed_1790793807861/final.xml
1790793807862	/Users/mingxuan/OR/itc/itc-2019/src/solution/muni-fsps-spr17/random_hc_20261001_024327/completed/seed_1790793807862/final.xml
1790793807863	/Users/mingxuan/OR/itc/itc-2019/src/solution/muni-fsps-spr17/random_hc_20261001_024327/completed/seed_1790793807863/final.xml
1790793807864	/Users/mingxuan/OR/itc/itc-2019/src/solution/muni-fsps-spr17/random_hc_20261001_024327/completed/seed_1790793807864/final.xml
1790793807865	/Users/mingxuan/OR/itc/itc-2019/src/solution/muni-fsps-spr17/random_hc_20261001_024327/completed/seed_1790793807865/final.xml
1790793807868	/Users/mingxuan/OR/itc/itc-2019/src/solution/muni-fsps-spr17/random_hc_20261001_024327/completed/seed_1790793807868/final.xml
1790793807869	/Users/mingxuan/OR/itc/itc-2019/src/solution/muni-fsps-spr17/random_hc_20261001_024327/completed/seed_1790793807869/final.xml
1790793807870	/Users/mingxuan/OR/itc/itc-2019/src/solution/muni-fsps-spr17/random_hc_20261001_024327/completed/seed_1790793807870/final.xml
1790793807871	/Users/mingxuan/OR/itc/itc-2019/src/solution/muni-fsps-spr17/random_hc_20261001_024327/completed/seed_1790793807871/final.xml
1790793807872	/Users/mingxuan/OR/itc/itc-2019/src/solution/muni-fsps-spr17/random_hc_20261001_024327/completed/seed_1790793807872/final.xml
1790793807873	/Users/mingxuan/OR/itc/itc-2019/src/solution/muni-fsps-spr17/random_hc_20261001_024327/completed/seed_1790793807873/final.xml
1790793807874	/Users/mingxuan/OR/itc/itc-2019/src/solution/muni-fsps-spr17/random_hc_20261001_024327/completed/seed_1790793807874/final.xml
1790793807875	/Users/mingxuan/OR/itc/itc-2019/src/solution/muni-fsps-spr17/random_hc_20261001_024327/completed/seed_1790793807875/final.xml
1790793807876	/Users/mingxuan/OR/itc/itc-2019/src/solution/muni-fsps-spr17/random_hc_20261001_024327/completed/seed_1790793807876/final.xml
1790793807877	/Users/mingxuan/OR/itc/itc-2019/src/solution/muni-fsps-spr17/random_hc_20261001_024327/completed/seed_1790793807877/final.xml
1790793807878	/Users/mingxuan/OR/itc/itc-2019/src/solution/muni-fsps-spr17/random_hc_20261001_024327/completed/seed_1790793807878/final.xml
1790793807879	/Users/mingxuan/OR/itc/itc-2019/src/solution/muni-fsps-spr17/random_hc_20261001_024327/completed/seed_1790793807879/final.xml
1790793807880	/Users/mingxuan/OR/itc/itc-2019/src/solution/muni-fsps-spr17/random_hc_20261001_024327/completed/seed_1790793807880/final.xml
1790793807881	/Users/mingxuan/OR/itc/itc-2019/src/solution/muni-fsps-spr17/random_hc_20261001_024327/completed/seed_1790793807881/final.xml
1790793807882	/Users/mingxuan/OR/itc/itc-2019/src/solution/muni-fsps-spr17/random_hc_20261001_024327/completed/seed_1790793807882/final.xml
1790793807884	/Users/mingxuan/OR/itc/itc-2019/src/solution/muni-fsps-spr17/random_hc_20261001_024327/completed/seed_1790793807884/final.xml
1790793807885	/Users/mingxuan/OR/itc/itc-2019/src/solution/muni-fsps-spr17/random_hc_20261001_024327/completed/seed_1790793807885/final.xml
1790793807886	/Users/mingxuan/OR/itc/itc-2019/src/solution/muni-fsps-spr17/random_hc_20261001_024327/completed/seed_1790793807886/final.xml
1790793807888	/Users/mingxuan/OR/itc/itc-2019/src/solution/muni-fsps-spr17/random_hc_20261001_024327/completed/seed_1790793807888/final.xml
1790793807889	/Users/mingxuan/OR/itc/itc-2019/src/solution/muni-fsps-spr17/random_hc_20261001_024327/completed/seed_1790793807889/final.xml
1790793807890	/Users/mingxuan/OR/itc/itc-2019/src/solution/muni-fsps-spr17/random_hc_20261001_024327/completed/seed_1790793807890/final.xml
1790793807891	/Users/mingxuan/OR/itc/itc-2019/src/solution/muni-fsps-spr17/random_hc_20261001_024327/completed/seed_1790793807891/final.xml
1790793807894	/Users/mingxuan/OR/itc/itc-2019/src/solution/muni-fsps-spr17/random_hc_20261001_024327/completed/seed_1790793807894/final.xml
1790793807895	/Users/mingxuan/OR/itc/itc-2019/src/solution/muni-fsps-spr17/random_hc_20261001_024327/completed/seed_1790793807895/final.xml
1790793807896	/Users/mingxuan/OR/itc/itc-2019/src/solution/muni-fsps-spr17/random_hc_20261001_024327/completed/seed_1790793807896/final.xml
1790793807898	/Users/mingxuan/OR/itc/itc-2019/src/solution/muni-fsps-spr17/random_hc_20261001_024327/completed/seed_1790793807898/final.xml
1790793807899	/Users/mingxuan/OR/itc/itc-2019/src/solution/muni-fsps-spr17/random_hc_20261001_024327/completed/seed_1790793807899/final.xml
1790793807900	/Users/mingxuan/OR/itc/itc-2019/src/solution/muni-fsps-spr17/random_hc_20261001_024327/completed/seed_1790793807900/final.xml
1790793807901	/Users/mingxuan/OR/itc/itc-2019/src/solution/muni-fsps-spr17/random_hc_20261001_024327/completed/seed_1790793807901/final.xml
1790793807902	/Users/mingxuan/OR/itc/itc-2019/src/solution/muni-fsps-spr17/random_hc_20261001_024327/completed/seed_1790793807902/final.xml
1790793807903	/Users/mingxuan/OR/itc/itc-2019/src/solution/muni-fsps-spr17/random_hc_20261001_024327/completed/seed_1790793807903/final.xml
1790793807904	/Users/mingxuan/OR/itc/itc-2019/src/solution/muni-fsps-spr17/random_hc_20261001_024327/completed/seed_1790793807904/final.xml
1790793807905	/Users/mingxuan/OR/itc/itc-2019/src/solution/muni-fsps-spr17/random_hc_20261001_024327/completed/seed_1790793807905/final.xml
1790793807911	/Users/mingxuan/OR/itc/itc-2019/src/solution/muni-fsps-spr17/random_hc_20261001_024327/completed/seed_1790793807911/final.xml
1790793807912	/Users/mingxuan/OR/itc/itc-2019/src/solution/muni-fsps-spr17/random_hc_20261001_024327/completed/seed_1790793807912/final.xml
1790793807913	/Users/mingxuan/OR/itc/itc-2019/src/solution/muni-fsps-spr17/random_hc_20261001_024327/completed/seed_1790793807913/final.xml
1790793807914	/Users/mingxuan/OR/itc/itc-2019/src/solution/muni-fsps-spr17/random_hc_20261001_024327/completed/seed_1790793807914/final.xml
1790793807915	/Users/mingxuan/OR/itc/itc-2019/src/solution/muni-fsps-spr17/random_hc_20261001_024327/completed/seed_1790793807915/final.xml
1790793807916	/Users/mingxuan/OR/itc/itc-2019/src/solution/muni-fsps-spr17/random_hc_20261001_024327/completed/seed_1790793807916/final.xml
1790793807919	/Users/mingxuan/OR/itc/itc-2019/src/solution/muni-fsps-spr17/random_hc_20261001_024327/completed/seed_1790793807919/final.xml
1790793807920	/Users/mingxuan/OR/itc/itc-2019/src/solution/muni-fsps-spr17/random_hc_20261001_024327/completed/seed_1790793807920/final.xml
1790793807921	/Users/mingxuan/OR/itc/itc-2019/src/solution/muni-fsps-spr17/random_hc_20261001_024327/completed/seed_1790793807921/final.xml
1790793807922	/Users/mingxuan/OR/itc/itc-2019/src/solution/muni-fsps-spr17/random_hc_20261001_024327/completed/seed_1790793807922/final.xml
1790793807923	/Users/mingxuan/OR/itc/itc-2019/src/solution/muni-fsps-spr17/random_hc_20261001_024327/completed/seed_1790793807923/final.xml
1790793807925	/Users/mingxuan/OR/itc/itc-2019/src/solution/muni-fsps-spr17/random_hc_20261001_024327/completed/seed_1790793807925/final.xml
1790793807928	/Users/mingxuan/OR/itc/itc-2019/src/solution/muni-fsps-spr17/random_hc_20261001_024327/completed/seed_1790793807928/final.xml
1790793807929	/Users/mingxuan/OR/itc/itc-2019/src/solution/muni-fsps-spr17/random_hc_20261001_024327/completed/seed_1790793807929/final.xml
1790793807930	/Users/mingxuan/OR/itc/itc-2019/src/solution/muni-fsps-spr17/random_hc_20261001_024327/completed/seed_1790793807930/final.xml
1790793807931	/Users/mingxuan/OR/itc/itc-2019/src/solution/muni-fsps-spr17/random_hc_20261001_024327/completed/seed_1790793807931/final.xml
1790793807932	/Users/mingxuan/OR/itc/itc-2019/src/solution/muni-fsps-spr17/random_hc_20261001_024327/completed/seed_1790793807932/final.xml
1790793807933	/Users/mingxuan/OR/itc/itc-2019/src/solution/muni-fsps-spr17/random_hc_20261001_024327/completed/seed_1790793807933/final.xml
1790793807934	/Users/mingxuan/OR/itc/itc-2019/src/solution/muni-fsps-spr17/random_hc_20261001_024327/completed/seed_1790793807934/final.xml
1790793807935	/Users/mingxuan/OR/itc/itc-2019/src/solution/muni-fsps-spr17/random_hc_20261001_024327/completed/seed_1790793807935/final.xml
1790793807936	/Users/mingxuan/OR/itc/itc-2019/src/solution/muni-fsps-spr17/random_hc_20261001_024327/completed/seed_1790793807936/final.xml
1790793807937	/Users/mingxuan/OR/itc/itc-2019/src/solution/muni-fsps-spr17/random_hc_20261001_024327/completed/seed_1790793807937/final.xml
1790793807938	/Users/mingxuan/OR/itc/itc-2019/src/solution/muni-fsps-spr17/random_hc_20261001_024327/completed/seed_1790793807938/final.xml
1790793807939	/Users/mingxuan/OR/itc/itc-2019/src/solution/muni-fsps-spr17/random_hc_20261001_024327/completed/seed_1790793807939/final.xml
1790793807941	/Users/mingxuan/OR/itc/itc-2019/src/solution/muni-fsps-spr17/random_hc_20261001_024327/completed/seed_1790793807941/final.xml
1790793807942	/Users/mingxuan/OR/itc/itc-2019/src/solution/muni-fsps-spr17/random_hc_20261001_024327/completed/seed_1790793807942/final.xml
1790793807943	/Users/mingxuan/OR/itc/itc-2019/src/solution/muni-fsps-spr17/random_hc_20261001_024327/completed/seed_1790793807943/final.xml
1790793807945	/Users/mingxuan/OR/itc/itc-2019/src/solution/muni-fsps-spr17/random_hc_20261001_024327/completed/seed_1790793807945/final.xml
1790793807946	/Users/mingxuan/OR/itc/itc-2019/src/solution/muni-fsps-spr17/random_hc_20261001_024327/completed/seed_1790793807946/final.xml
1790793807948	/Users/mingxuan/OR/itc/itc-2019/src/solution/muni-fsps-spr17/random_hc_20261001_024327/completed/seed_1790793807948/final.xml
1790793807949	/Users/mingxuan/OR/itc/itc-2019/src/solution/muni-fsps-spr17/random_hc_20261001_024327/completed/seed_1790793807949/final.xml
1790793807950	/Users/mingxuan/OR/itc/itc-2019/src/solution/muni-fsps-spr17/random_hc_20261001_024327/completed/seed_1790793807950/final.xml
1790793807952	/Users/mingxuan/OR/itc/itc-2019/src/solution/muni-fsps-spr17/random_hc_20261001_024327/completed/seed_1790793807952/final.xml
1790793807953	/Users/mingxuan/OR/itc/itc-2019/src/solution/muni-fsps-spr17/random_hc_20261001_024327/completed/seed_1790793807953/final.xml
1790793807954	/Users/mingxuan/OR/itc/itc-2019/src/solution/muni-fsps-spr17/random_hc_20261001_024327/completed/seed_1790793807954/final.xml
1790793807956	/Users/mingxuan/OR/itc/itc-2019/src/solution/muni-fsps-spr17/random_hc_20261001_024327/completed/seed_1790793807956/final.xml
1790793807957	/Users/mingxuan/OR/itc/itc-2019/src/solution/muni-fsps-spr17/random_hc_20261001_024327/completed/seed_1790793807957/final.xml
1790793807958	/Users/mingxuan/OR/itc/itc-2019/src/solution/muni-fsps-spr17/random_hc_20261001_024327/completed/seed_1790793807958/final.xml
1790793807959	/Users/mingxuan/OR/itc/itc-2019/src/solution/muni-fsps-spr17/random_hc_20261001_024327/completed/seed_1790793807959/final.xml
1790793807960	/Users/mingxuan/OR/itc/itc-2019/src/solution/muni-fsps-spr17/random_hc_20261001_024327/completed/seed_1790793807960/final.xml
1790793807961	/Users/mingxuan/OR/itc/itc-2019/src/solution/muni-fsps-spr17/random_hc_20261001_024327/completed/seed_1790793807961/final.xml
1790793807963	/Users/mingxuan/OR/itc/itc-2019/src/solution/muni-fsps-spr17/random_hc_20261001_024327/completed/seed_1790793807963/final.xml
1790793807964	/Users/mingxuan/OR/itc/itc-2019/src/solution/muni-fsps-spr17/random_hc_20261001_024327/completed/seed_1790793807964/final.xml
1790793807966	/Users/mingxuan/OR/itc/itc-2019/src/solution/muni-fsps-spr17/random_hc_20261001_024327/completed/seed_1790793807966/final.xml
1790793807967	/Users/mingxuan/OR/itc/itc-2019/src/solution/muni-fsps-spr17/random_hc_20261001_024327/completed/seed_1790793807967/final.xml
1790793807968	/Users/mingxuan/OR/itc/itc-2019/src/solution/muni-fsps-spr17/random_hc_20261001_024327/completed/seed_1790793807968/final.xml
1790793807969	/Users/mingxuan/OR/itc/itc-2019/src/solution/muni-fsps-spr17/random_hc_20261001_024327/completed/seed_1790793807969/final.xml
1790793807970	/Users/mingxuan/OR/itc/itc-2019/src/solution/muni-fsps-spr17/random_hc_20261001_024327/completed/seed_1790793807970/final.xml
1790793807972	/Users/mingxuan/OR/itc/itc-2019/src/solution/muni-fsps-spr17/random_hc_20261001_024327/completed/seed_1790793807972/final.xml
1790793807973	/Users/mingxuan/OR/itc/itc-2019/src/solution/muni-fsps-spr17/random_hc_20261001_024327/completed/seed_1790793807973/final.xml
1790793807974	/Users/mingxuan/OR/itc/itc-2019/src/solution/muni-fsps-spr17/random_hc_20261001_024327/completed/seed_1790793807974/final.xml
1790793807975	/Users/mingxuan/OR/itc/itc-2019/src/solution/muni-fsps-spr17/random_hc_20261001_024327/completed/seed_1790793807975/final.xml
1790793807977	/Users/mingxuan/OR/itc/itc-2019/src/solution/muni-fsps-spr17/random_hc_20261001_024327/completed/seed_1790793807977/final.xml
1790793807978	/Users/mingxuan/OR/itc/itc-2019/src/solution/muni-fsps-spr17/random_hc_20261001_024327/completed/seed_1790793807978/final.xml
1790793807979	/Users/mingxuan/OR/itc/itc-2019/src/solution/muni-fsps-spr17/random_hc_20261001_024327/completed/seed_1790793807979/final.xml
1790793807980	/Users/mingxuan/OR/itc/itc-2019/src/solution/muni-fsps-spr17/random_hc_20261001_024327/completed/seed_1790793807980/final.xml
1790793807981	/Users/mingxuan/OR/itc/itc-2019/src/solution/muni-fsps-spr17/random_hc_20261001_024327/completed/seed_1790793807981/final.xml
1790793807982	/Users/mingxuan/OR/itc/itc-2019/src/solution/muni-fsps-spr17/random_hc_20261001_024327/completed/seed_1790793807982/final.xml
1790793807983	/Users/mingxuan/OR/itc/itc-2019/src/solution/muni-fsps-spr17/random_hc_20261001_024327/completed/seed_1790793807983/final.xml
1790793807984	/Users/mingxuan/OR/itc/itc-2019/src/solution/muni-fsps-spr17/random_hc_20261001_024327/completed/seed_1790793807984/final.xml
1790793807985	/Users/mingxuan/OR/itc/itc-2019/src/solution/muni-fsps-spr17/random_hc_20261001_024327/completed/seed_1790793807985/final.xml
1790793807986	/Users/mingxuan/OR/itc/itc-2019/src/solution/muni-fsps-spr17/random_hc_20261001_024327/completed/seed_1790793807986/final.xml
1790793807987	/Users/mingxuan/OR/itc/itc-2019/src/solution/muni-fsps-spr17/random_hc_20261001_024327/completed/seed_1790793807987/final.xml
1790793807988	/Users/mingxuan/OR/itc/itc-2019/src/solution/muni-fsps-spr17/random_hc_20261001_024327/completed/seed_1790793807988/final.xml
1790793807989	/Users/mingxuan/OR/itc/itc-2019/src/solution/muni-fsps-spr17/random_hc_20261001_024327/completed/seed_1790793807989/final.xml
1790793807990	/Users/mingxuan/OR/itc/itc-2019/src/solution/muni-fsps-spr17/random_hc_20261001_024327/completed/seed_1790793807990/final.xml
1790793807991	/Users/mingxuan/OR/itc/itc-2019/src/solution/muni-fsps-spr17/random_hc_20261001_024327/completed/seed_1790793807991/final.xml
1790793807993	/Users/mingxuan/OR/itc/itc-2019/src/solution/muni-fsps-spr17/random_hc_20261001_024327/completed/seed_1790793807993/final.xml
1790793807997	/Users/mingxuan/OR/itc/itc-2019/src/solution/muni-fsps-spr17/random_hc_20261001_024327/completed/seed_1790793807997/final.xml
1790793807998	/Users/mingxuan/OR/itc/itc-2019/src/solution/muni-fsps-spr17/random_hc_20261001_024327/completed/seed_1790793807998/final.xml
1790793807999	/Users/mingxuan/OR/itc/itc-2019/src/solution/muni-fsps-spr17/random_hc_20261001_024327/completed/seed_1790793807999/final.xml
1790793808000	/Users/mingxuan/OR/itc/itc-2019/src/solution/muni-fsps-spr17/random_hc_20261001_024327/completed/seed_1790793808000/final.xml
1790793808001	/Users/mingxuan/OR/itc/itc-2019/src/solution/muni-fsps-spr17/random_hc_20261001_024327/completed/seed_1790793808001/final.xml
1790793808002	/Users/mingxuan/OR/itc/itc-2019/src/solution/muni-fsps-spr17/random_hc_20261001_024327/completed/seed_1790793808002/final.xml
1790793808003	/Users/mingxuan/OR/itc/itc-2019/src/solution/muni-fsps-spr17/random_hc_20261001_024327/completed/seed_1790793808003/final.xml
1790793808004	/Users/mingxuan/OR/itc/itc-2019/src/solution/muni-fsps-spr17/random_hc_20261001_024327/completed/seed_1790793808004/final.xml
1790793808005	/Users/mingxuan/OR/itc/itc-2019/src/solution/muni-fsps-spr17/random_hc_20261001_024327/completed/seed_1790793808005/final.xml
1790793808007	/Users/mingxuan/OR/itc/itc-2019/src/solution/muni-fsps-spr17/random_hc_20261001_024327/completed/seed_1790793808007/final.xml
1790793808009	/Users/mingxuan/OR/itc/itc-2019/src/solution/muni-fsps-spr17/random_hc_20261001_024327/completed/seed_1790793808009/final.xml
1790793808010	/Users/mingxuan/OR/itc/itc-2019/src/solution/muni-fsps-spr17/random_hc_20261001_024327/completed/seed_1790793808010/final.xml
1790793808011	/Users/mingxuan/OR/itc/itc-2019/src/solution/muni-fsps-spr17/random_hc_20261001_024327/completed/seed_1790793808011/final.xml
1790793808012	/Users/mingxuan/OR/itc/itc-2019/src/solution/muni-fsps-spr17/random_hc_20261001_024327/completed/seed_1790793808012/final.xml
1790793808013	/Users/mingxuan/OR/itc/itc-2019/src/solution/muni-fsps-spr17/random_hc_20261001_024327/completed/seed_1790793808013/final.xml
1790793808014	/Users/mingxuan/OR/itc/itc-2019/src/solution/muni-fsps-spr17/random_hc_20261001_024327/completed/seed_1790793808014/final.xml
1790793808015	/Users/mingxuan/OR/itc/itc-2019/src/solution/muni-fsps-spr17/random_hc_20261001_024327/completed/seed_1790793808015/final.xml
1790793808016	/Users/mingxuan/OR/itc/itc-2019/src/solution/muni-fsps-spr17/random_hc_20261001_024327/completed/seed_1790793808016/final.xml
1790793808017	/Users/mingxuan/OR/itc/itc-2019/src/solution/muni-fsps-spr17/random_hc_20261001_024327/completed/seed_1790793808017/final.xml
1790793808018	/Users/mingxuan/OR/itc/itc-2019/src/solution/muni-fsps-spr17/random_hc_20261001_024327/completed/seed_1790793808018/final.xml
1790793808019	/Users/mingxuan/OR/itc/itc-2019/src/solution/muni-fsps-spr17/random_hc_20261001_024327/completed/seed_1790793808019/final.xml
1790793808020	/Users/mingxuan/OR/itc/itc-2019/src/solution/muni-fsps-spr17/random_hc_20261001_024327/completed/seed_1790793808020/final.xml
1790793808021	/Users/mingxuan/OR/itc/itc-2019/src/solution/muni-fsps-spr17/random_hc_20261001_024327/completed/seed_1790793808021/final.xml
1790793808023	/Users/mingxuan/OR/itc/itc-2019/src/solution/muni-fsps-spr17/random_hc_20261001_024327/completed/seed_1790793808023/final.xml
1790793808026	/Users/mingxuan/OR/itc/itc-2019/src/solution/muni-fsps-spr17/random_hc_20261001_024327/completed/seed_1790793808026/final.xml
1790793808027	/Users/mingxuan/OR/itc/itc-2019/src/solution/muni-fsps-spr17/random_hc_20261001_024327/completed/seed_1790793808027/final.xml
1790793808029	/Users/mingxuan/OR/itc/itc-2019/src/solution/muni-fsps-spr17/random_hc_20261001_024327/completed/seed_1790793808029/final.xml
1790793808031	/Users/mingxuan/OR/itc/itc-2019/src/solution/muni-fsps-spr17/random_hc_20261001_024327/completed/seed_1790793808031/final.xml
1790793808032	/Users/mingxuan/OR/itc/itc-2019/src/solution/muni-fsps-spr17/random_hc_20261001_024327/completed/seed_1790793808032/final.xml
1790793808033	/Users/mingxuan/OR/itc/itc-2019/src/solution/muni-fsps-spr17/random_hc_20261001_024327/completed/seed_1790793808033/final.xml
1790793808034	/Users/mingxuan/OR/itc/itc-2019/src/solution/muni-fsps-spr17/random_hc_20261001_024327/completed/seed_1790793808034/final.xml
1790793808035	/Users/mingxuan/OR/itc/itc-2019/src/solution/muni-fsps-spr17/random_hc_20261001_024327/completed/seed_1790793808035/final.xml
1790793808037	/Users/mingxuan/OR/itc/itc-2019/src/solution/muni-fsps-spr17/random_hc_20261001_024327/completed/seed_1790793808037/final.xml
1790793808038	/Users/mingxuan/OR/itc/itc-2019/src/solution/muni-fsps-spr17/random_hc_20261001_024327/completed/seed_1790793808038/final.xml
1790793808039	/Users/mingxuan/OR/itc/itc-2019/src/solution/muni-fsps-spr17/random_hc_20261001_024327/completed/seed_1790793808039/final.xml
1790793808043	/Users/mingxuan/OR/itc/itc-2019/src/solution/muni-fsps-spr17/random_hc_20261001_024327/completed/seed_1790793808043/final.xml
1790793808044	/Users/mingxuan/OR/itc/itc-2019/src/solution/muni-fsps-spr17/random_hc_20261001_024327/completed/seed_1790793808044/final.xml
1790793808045	/Users/mingxuan/OR/itc/itc-2019/src/solution/muni-fsps-spr17/random_hc_20261001_024327/completed/seed_1790793808045/final.xml
1790793808046	/Users/mingxuan/OR/itc/itc-2019/src/solution/muni-fsps-spr17/random_hc_20261001_024327/completed/seed_1790793808046/final.xml
1790793808048	/Users/mingxuan/OR/itc/itc-2019/src/solution/muni-fsps-spr17/random_hc_20261001_024327/completed/seed_1790793808048/final.xml
1790793808049	/Users/mingxuan/OR/itc/itc-2019/src/solution/muni-fsps-spr17/random_hc_20261001_024327/completed/seed_1790793808049/final.xml
1790793808050	/Users/mingxuan/OR/itc/itc-2019/src/solution/muni-fsps-spr17/random_hc_20261001_024327/completed/seed_1790793808050/final.xml
1790793808051	/Users/mingxuan/OR/itc/itc-2019/src/solution/muni-fsps-spr17/random_hc_20261001_024327/completed/seed_1790793808051/final.xml
1790793808053	/Users/mingxuan/OR/itc/itc-2019/src/solution/muni-fsps-spr17/random_hc_20261001_024327/completed/seed_1790793808053/final.xml
1790793808055	/Users/mingxuan/OR/itc/itc-2019/src/solution/muni-fsps-spr17/random_hc_20261001_024327/completed/seed_1790793808055/final.xml
1790793808056	/Users/mingxuan/OR/itc/itc-2019/src/solution/muni-fsps-spr17/random_hc_20261001_024327/completed/seed_1790793808056/final.xml
1790793808058	/Users/mingxuan/OR/itc/itc-2019/src/solution/muni-fsps-spr17/random_hc_20261001_024327/completed/seed_1790793808058/final.xml
1790793808059	/Users/mingxuan/OR/itc/itc-2019/src/solution/muni-fsps-spr17/random_hc_20261001_024327/completed/seed_1790793808059/final.xml
1790793808060	/Users/mingxuan/OR/itc/itc-2019/src/solution/muni-fsps-spr17/random_hc_20261001_024327/completed/seed_1790793808060/final.xml
1790793808061	/Users/mingxuan/OR/itc/itc-2019/src/solution/muni-fsps-spr17/random_hc_20261001_024327/completed/seed_1790793808061/final.xml
1790793808062	/Users/mingxuan/OR/itc/itc-2019/src/solution/muni-fsps-spr17/random_hc_20261001_024327/completed/seed_1790793808062/final.xml
1790793808063	/Users/mingxuan/OR/itc/itc-2019/src/solution/muni-fsps-spr17/random_hc_20261001_024327/completed/seed_1790793808063/final.xml
1790793808065	/Users/mingxuan/OR/itc/itc-2019/src/solution/muni-fsps-spr17/random_hc_20261001_024327/completed/seed_1790793808065/final.xml
1790793808066	/Users/mingxuan/OR/itc/itc-2019/src/solution/muni-fsps-spr17/random_hc_20261001_024327/completed/seed_1790793808066/final.xml
1790793808067	/Users/mingxuan/OR/itc/itc-2019/src/solution/muni-fsps-spr17/random_hc_20261001_024327/completed/seed_1790793808067/final.xml
1790793808069	/Users/mingxuan/OR/itc/itc-2019/src/solution/muni-fsps-spr17/random_hc_20261001_024327/completed/seed_1790793808069/final.xml
1790793808070	/Users/mingxuan/OR/itc/itc-2019/src/solution/muni-fsps-spr17/random_hc_20261001_024327/completed/seed_1790793808070/final.xml
1790793808071	/Users/mingxuan/OR/itc/itc-2019/src/solution/muni-fsps-spr17/random_hc_20261001_024327/completed/seed_1790793808071/final.xml
1790793808072	/Users/mingxuan/OR/itc/itc-2019/src/solution/muni-fsps-spr17/random_hc_20261001_024327/completed/seed_1790793808072/final.xml
1790793808073	/Users/mingxuan/OR/itc/itc-2019/src/solution/muni-fsps-spr17/random_hc_20261001_024327/completed/seed_1790793808073/final.xml
1790793808074	/Users/mingxuan/OR/itc/itc-2019/src/solution/muni-fsps-spr17/random_hc_20261001_024327/completed/seed_1790793808074/final.xml
1790793808075	/Users/mingxuan/OR/itc/itc-2019/src/solution/muni-fsps-spr17/random_hc_20261001_024327/completed/seed_1790793808075/final.xml
1790793808077	/Users/mingxuan/OR/itc/itc-2019/src/solution/muni-fsps-spr17/random_hc_20261001_024327/completed/seed_1790793808077/final.xml
1790793808079	/Users/mingxuan/OR/itc/itc-2019/src/solution/muni-fsps-spr17/random_hc_20261001_024327/completed/seed_1790793808079/final.xml
1790793808080	/Users/mingxuan/OR/itc/itc-2019/src/solution/muni-fsps-spr17/random_hc_20261001_024327/completed/seed_1790793808080/final.xml
1790793808081	/Users/mingxuan/OR/itc/itc-2019/src/solution/muni-fsps-spr17/random_hc_20261001_024327/completed/seed_1790793808081/final.xml
1790793808082	/Users/mingxuan/OR/itc/itc-2019/src/solution/muni-fsps-spr17/random_hc_20261001_024327/completed/seed_1790793808082/final.xml
1790793808083	/Users/mingxuan/OR/itc/itc-2019/src/solution/muni-fsps-spr17/random_hc_20261001_024327/completed/seed_1790793808083/final.xml
1790793808084	/Users/mingxuan/OR/itc/itc-2019/src/solution/muni-fsps-spr17/random_hc_20261001_024327/completed/seed_1790793808084/final.xml
1790793808085	/Users/mingxuan/OR/itc/itc-2019/src/solution/muni-fsps-spr17/random_hc_20261001_024327/completed/seed_1790793808085/final.xml
1790793808086	/Users/mingxuan/OR/itc/itc-2019/src/solution/muni-fsps-spr17/random_hc_20261001_024327/completed/seed_1790793808086/final.xml
1790793808088	/Users/mingxuan/OR/itc/itc-2019/src/solution/muni-fsps-spr17/random_hc_20261001_024327/completed/seed_1790793808088/final.xml
1790793808089	/Users/mingxuan/OR/itc/itc-2019/src/solution/muni-fsps-spr17/random_hc_20261001_024327/completed/seed_1790793808089/final.xml
1790793808090	/Users/mingxuan/OR/itc/itc-2019/src/solution/muni-fsps-spr17/random_hc_20261001_024327/completed/seed_1790793808090/final.xml
1790793808092	/Users/mingxuan/OR/itc/itc-2019/src/solution/muni-fsps-spr17/random_hc_20261001_024327/completed/seed_1790793808092/final.xml
1790793808094	/Users/mingxuan/OR/itc/itc-2019/src/solution/muni-fsps-spr17/random_hc_20261001_024327/completed/seed_1790793808094/final.xml
1790793808096	/Users/mingxuan/OR/itc/itc-2019/src/solution/muni-fsps-spr17/random_hc_20261001_024327/completed/seed_1790793808096/final.xml
1790793808097	/Users/mingxuan/OR/itc/itc-2019/src/solution/muni-fsps-spr17/random_hc_20261001_024327/completed/seed_1790793808097/final.xml
1790793808098	/Users/mingxuan/OR/itc/itc-2019/src/solution/muni-fsps-spr17/random_hc_20261001_024327/completed/seed_1790793808098/final.xml
1790793808099	/Users/mingxuan/OR/itc/itc-2019/src/solution/muni-fsps-spr17/random_hc_20261001_024327/completed/seed_1790793808099/final.xml
1790793808100	/Users/mingxuan/OR/itc/itc-2019/src/solution/muni-fsps-spr17/random_hc_20261001_024327/completed/seed_1790793808100/final.xml
1790793808101	/Users/mingxuan/OR/itc/itc-2019/src/solution/muni-fsps-spr17/random_hc_20261001_024327/completed/seed_1790793808101/final.xml
1790793808102	/Users/mingxuan/OR/itc/itc-2019/src/solution/muni-fsps-spr17/random_hc_20261001_024327/completed/seed_1790793808102/final.xml
1790793808103	/Users/mingxuan/OR/itc/itc-2019/src/solution/muni-fsps-spr17/random_hc_20261001_024327/completed/seed_1790793808103/final.xml
1790793808104	/Users/mingxuan/OR/itc/itc-2019/src/solution/muni-fsps-spr17/random_hc_20261001_024327/completed/seed_1790793808104/final.xml
1790793808106	/Users/mingxuan/OR/itc/itc-2019/src/solution/muni-fsps-spr17/random_hc_20261001_024327/completed/seed_1790793808106/final.xml
1790793808107	/Users/mingxuan/OR/itc/itc-2019/src/solution/muni-fsps-spr17/random_hc_20261001_024327/completed/seed_1790793808107/final.xml
1790793808108	/Users/mingxuan/OR/itc/itc-2019/src/solution/muni-fsps-spr17/random_hc_20261001_024327/completed/seed_1790793808108/final.xml
1790793808109	/Users/mingxuan/OR/itc/itc-2019/src/solution/muni-fsps-spr17/random_hc_20261001_024327/completed/seed_1790793808109/final.xml
1790793808110	/Users/mingxuan/OR/itc/itc-2019/src/solution/muni-fsps-spr17/random_hc_20261001_024327/completed/seed_1790793808110/final.xml
1790793808111	/Users/mingxuan/OR/itc/itc-2019/src/solution/muni-fsps-spr17/random_hc_20261001_024327/completed/seed_1790793808111/final.xml
1790793808112	/Users/mingxuan/OR/itc/itc-2019/src/solution/muni-fsps-spr17/random_hc_20261001_024327/completed/seed_1790793808112/final.xml
1790793808113	/Users/mingxuan/OR/itc/itc-2019/src/solution/muni-fsps-spr17/random_hc_20261001_024327/completed/seed_1790793808113/final.xml
1790793808114	/Users/mingxuan/OR/itc/itc-2019/src/solution/muni-fsps-spr17/random_hc_20261001_024327/completed/seed_1790793808114/final.xml
1790793808115	/Users/mingxuan/OR/itc/itc-2019/src/solution/muni-fsps-spr17/random_hc_20261001_024327/completed/seed_1790793808115/final.xml
1790793808117	/Users/mingxuan/OR/itc/itc-2019/src/solution/muni-fsps-spr17/random_hc_20261001_024327/completed/seed_1790793808117/final.xml
1790793808118	/Users/mingxuan/OR/itc/itc-2019/src/solution/muni-fsps-spr17/random_hc_20261001_024327/completed/seed_1790793808118/final.xml
1790793808119	/Users/mingxuan/OR/itc/itc-2019/src/solution/muni-fsps-spr17/random_hc_20261001_024327/completed/seed_1790793808119/final.xml
1790793808120	/Users/mingxuan/OR/itc/itc-2019/src/solution/muni-fsps-spr17/random_hc_20261001_024327/completed/seed_1790793808120/final.xml
1790793808121	/Users/mingxuan/OR/itc/itc-2019/src/solution/muni-fsps-spr17/random_hc_20261001_024327/completed/seed_1790793808121/final.xml
1790793808122	/Users/mingxuan/OR/itc/itc-2019/src/solution/muni-fsps-spr17/random_hc_20261001_024327/completed/seed_1790793808122/final.xml
1790793808123	/Users/mingxuan/OR/itc/itc-2019/src/solution/muni-fsps-spr17/random_hc_20261001_024327/completed/seed_1790793808123/final.xml
1790793808124	/Users/mingxuan/OR/itc/itc-2019/src/solution/muni-fsps-spr17/random_hc_20261001_024327/completed/seed_1790793808124/final.xml
1790793808125	/Users/mingxuan/OR/itc/itc-2019/src/solution/muni-fsps-spr17/random_hc_20261001_024327/completed/seed_1790793808125/final.xml
1790793808126	/Users/mingxuan/OR/itc/itc-2019/src/solution/muni-fsps-spr17/random_hc_20261001_024327/completed/seed_1790793808126/final.xml
1790793808127	/Users/mingxuan/OR/itc/itc-2019/src/solution/muni-fsps-spr17/random_hc_20261001_024327/completed/seed_1790793808127/final.xml
1790793808130	/Users/mingxuan/OR/itc/itc-2019/src/solution/muni-fsps-spr17/random_hc_20261001_024327/completed/seed_1790793808130/final.xml
1790793808131	/Users/mingxuan/OR/itc/itc-2019/src/solution/muni-fsps-spr17/random_hc_20261001_024327/completed/seed_1790793808131/final.xml
1790793808133	/Users/mingxuan/OR/itc/itc-2019/src/solution/muni-fsps-spr17/random_hc_20261001_024327/completed/seed_1790793808133/final.xml
1790793808134	/Users/mingxuan/OR/itc/itc-2019/src/solution/muni-fsps-spr17/random_hc_20261001_024327/completed/seed_1790793808134/final.xml
1790793808135	/Users/mingxuan/OR/itc/itc-2019/src/solution/muni-fsps-spr17/random_hc_20261001_024327/completed/seed_1790793808135/final.xml
1790793808136	/Users/mingxuan/OR/itc/itc-2019/src/solution/muni-fsps-spr17/random_hc_20261001_024327/completed/seed_1790793808136/final.xml
1790793808137	/Users/mingxuan/OR/itc/itc-2019/src/solution/muni-fsps-spr17/random_hc_20261001_024327/completed/seed_1790793808137/final.xml
1790793808138	/Users/mingxuan/OR/itc/itc-2019/src/solution/muni-fsps-spr17/random_hc_20261001_024327/completed/seed_1790793808138/final.xml
1790793808139	/Users/mingxuan/OR/itc/itc-2019/src/solution/muni-fsps-spr17/random_hc_20261001_024327/completed/seed_1790793808139/final.xml
1790793808140	/Users/mingxuan/OR/itc/itc-2019/src/solution/muni-fsps-spr17/random_hc_20261001_024327/completed/seed_1790793808140/final.xml
1790793808141	/Users/mingxuan/OR/itc/itc-2019/src/solution/muni-fsps-spr17/random_hc_20261001_024327/completed/seed_1790793808141/final.xml
1790793808142	/Users/mingxuan/OR/itc/itc-2019/src/solution/muni-fsps-spr17/random_hc_20261001_024327/completed/seed_1790793808142/final.xml
1790793808143	/Users/mingxuan/OR/itc/itc-2019/src/solution/muni-fsps-spr17/random_hc_20261001_024327/completed/seed_1790793808143/final.xml
1790793808144	/Users/mingxuan/OR/itc/itc-2019/src/solution/muni-fsps-spr17/random_hc_20261001_024327/completed/seed_1790793808144/final.xml
1790793808145	/Users/mingxuan/OR/itc/itc-2019/src/solution/muni-fsps-spr17/random_hc_20261001_024327/completed/seed_1790793808145/final.xml
1790793808146	/Users/mingxuan/OR/itc/itc-2019/src/solution/muni-fsps-spr17/random_hc_20261001_024327/completed/seed_1790793808146/final.xml
1790793808147	/Users/mingxuan/OR/itc/itc-2019/src/solution/muni-fsps-spr17/random_hc_20261001_024327/completed/seed_1790793808147/final.xml
1790793808148	/Users/mingxuan/OR/itc/itc-2019/src/solution/muni-fsps-spr17/random_hc_20261001_024327/completed/seed_1790793808148/final.xml
1790793808149	/Users/mingxuan/OR/itc/itc-2019/src/solution/muni-fsps-spr17/random_hc_20261001_024327/completed/seed_1790793808149/final.xml
1790793808150	/Users/mingxuan/OR/itc/itc-2019/src/solution/muni-fsps-spr17/random_hc_20261001_024327/completed/seed_1790793808150/final.xml
1790793808151	/Users/mingxuan/OR/itc/itc-2019/src/solution/muni-fsps-spr17/random_hc_20261001_024327/completed/seed_1790793808151/final.xml
1790793808153	/Users/mingxuan/OR/itc/itc-2019/src/solution/muni-fsps-spr17/random_hc_20261001_024327/completed/seed_1790793808153/final.xml
1790793808154	/Users/mingxuan/OR/itc/itc-2019/src/solution/muni-fsps-spr17/random_hc_20261001_024327/completed/seed_1790793808154/final.xml
1790793808157	/Users/mingxuan/OR/itc/itc-2019/src/solution/muni-fsps-spr17/random_hc_20261001_024327/completed/seed_1790793808157/final.xml
1790793808158	/Users/mingxuan/OR/itc/itc-2019/src/solution/muni-fsps-spr17/random_hc_20261001_024327/completed/seed_1790793808158/final.xml
1790793808159	/Users/mingxuan/OR/itc/itc-2019/src/solution/muni-fsps-spr17/random_hc_20261001_024327/completed/seed_1790793808159/final.xml
1790793808160	/Users/mingxuan/OR/itc/itc-2019/src/solution/muni-fsps-spr17/random_hc_20261001_024327/completed/seed_1790793808160/final.xml
1790793808162	/Users/mingxuan/OR/itc/itc-2019/src/solution/muni-fsps-spr17/random_hc_20261001_024327/completed/seed_1790793808162/final.xml
1790793808163	/Users/mingxuan/OR/itc/itc-2019/src/solution/muni-fsps-spr17/random_hc_20261001_024327/completed/seed_1790793808163/final.xml
1790793808164	/Users/mingxuan/OR/itc/itc-2019/src/solution/muni-fsps-spr17/random_hc_20261001_024327/completed/seed_1790793808164/final.xml
1790793808165	/Users/mingxuan/OR/itc/itc-2019/src/solution/muni-fsps-spr17/random_hc_20261001_024327/completed/seed_1790793808165/final.xml
1790793808167	/Users/mingxuan/OR/itc/itc-2019/src/solution/muni-fsps-spr17/random_hc_20261001_024327/completed/seed_1790793808167/final.xml
1790793808168	/Users/mingxuan/OR/itc/itc-2019/src/solution/muni-fsps-spr17/random_hc_20261001_024327/completed/seed_1790793808168/final.xml
1790793808169	/Users/mingxuan/OR/itc/itc-2019/src/solution/muni-fsps-spr17/random_hc_20261001_024327/completed/seed_1790793808169/final.xml
1790793808170	/Users/mingxuan/OR/itc/itc-2019/src/solution/muni-fsps-spr17/random_hc_20261001_024327/completed/seed_1790793808170/final.xml
1790793808171	/Users/mingxuan/OR/itc/itc-2019/src/solution/muni-fsps-spr17/random_hc_20261001_024327/completed/seed_1790793808171/final.xml
1790793808173	/Users/mingxuan/OR/itc/itc-2019/src/solution/muni-fsps-spr17/random_hc_20261001_024327/completed/seed_1790793808173/final.xml
1790793808174	/Users/mingxuan/OR/itc/itc-2019/src/solution/muni-fsps-spr17/random_hc_20261001_024327/completed/seed_1790793808174/final.xml
1790793808175	/Users/mingxuan/OR/itc/itc-2019/src/solution/muni-fsps-spr17/random_hc_20261001_024327/completed/seed_1790793808175/final.xml
1790793808176	/Users/mingxuan/OR/itc/itc-2019/src/solution/muni-fsps-spr17/random_hc_20261001_024327/completed/seed_1790793808176/final.xml
1790793808177	/Users/mingxuan/OR/itc/itc-2019/src/solution/muni-fsps-spr17/random_hc_20261001_024327/completed/seed_1790793808177/final.xml
1790793808178	/Users/mingxuan/OR/itc/itc-2019/src/solution/muni-fsps-spr17/random_hc_20261001_024327/completed/seed_1790793808178/final.xml
1790793808179	/Users/mingxuan/OR/itc/itc-2019/src/solution/muni-fsps-spr17/random_hc_20261001_024327/completed/seed_1790793808179/final.xml
1790793808181	/Users/mingxuan/OR/itc/itc-2019/src/solution/muni-fsps-spr17/random_hc_20261001_024327/completed/seed_1790793808181/final.xml
1790793808182	/Users/mingxuan/OR/itc/itc-2019/src/solution/muni-fsps-spr17/random_hc_20261001_024327/completed/seed_1790793808182/final.xml
1790793808183	/Users/mingxuan/OR/itc/itc-2019/src/solution/muni-fsps-spr17/random_hc_20261001_024327/completed/seed_1790793808183/final.xml
1790793808184	/Users/mingxuan/OR/itc/itc-2019/src/solution/muni-fsps-spr17/random_hc_20261001_024327/completed/seed_1790793808184/final.xml
1790793808185	/Users/mingxuan/OR/itc/itc-2019/src/solution/muni-fsps-spr17/random_hc_20261001_024327/completed/seed_1790793808185/final.xml
1790793808186	/Users/mingxuan/OR/itc/itc-2019/src/solution/muni-fsps-spr17/random_hc_20261001_024327/completed/seed_1790793808186/final.xml
1790793808187	/Users/mingxuan/OR/itc/itc-2019/src/solution/muni-fsps-spr17/random_hc_20261001_024327/completed/seed_1790793808187/final.xml
1790793808188	/Users/mingxuan/OR/itc/itc-2019/src/solution/muni-fsps-spr17/random_hc_20261001_024327/completed/seed_1790793808188/final.xml
1790793808189	/Users/mingxuan/OR/itc/itc-2019/src/solution/muni-fsps-spr17/random_hc_20261001_024327/completed/seed_1790793808189/final.xml
1790793808190	/Users/mingxuan/OR/itc/itc-2019/src/solution/muni-fsps-spr17/random_hc_20261001_024327/completed/seed_1790793808190/final.xml
1790793808191	/Users/mingxuan/OR/itc/itc-2019/src/solution/muni-fsps-spr17/random_hc_20261001_024327/completed/seed_1790793808191/final.xml
1790793808192	/Users/mingxuan/OR/itc/itc-2019/src/solution/muni-fsps-spr17/random_hc_20261001_024327/completed/seed_1790793808192/final.xml
1790793808193	/Users/mingxuan/OR/itc/itc-2019/src/solution/muni-fsps-spr17/random_hc_20261001_024327/completed/seed_1790793808193/final.xml
1790793808194	/Users/mingxuan/OR/itc/itc-2019/src/solution/muni-fsps-spr17/random_hc_20261001_024327/completed/seed_1790793808194/final.xml
1790793808197	/Users/mingxuan/OR/itc/itc-2019/src/solution/muni-fsps-spr17/random_hc_20261001_024327/completed/seed_1790793808197/final.xml
1790793808198	/Users/mingxuan/OR/itc/itc-2019/src/solution/muni-fsps-spr17/random_hc_20261001_024327/completed/seed_1790793808198/final.xml
1790793808199	/Users/mingxuan/OR/itc/itc-2019/src/solution/muni-fsps-spr17/random_hc_20261001_024327/completed/seed_1790793808199/final.xml
1790793808201	/Users/mingxuan/OR/itc/itc-2019/src/solution/muni-fsps-spr17/random_hc_20261001_024327/completed/seed_1790793808201/final.xml
1790793808202	/Users/mingxuan/OR/itc/itc-2019/src/solution/muni-fsps-spr17/random_hc_20261001_024327/completed/seed_1790793808202/final.xml
1790793808203	/Users/mingxuan/OR/itc/itc-2019/src/solution/muni-fsps-spr17/random_hc_20261001_024327/completed/seed_1790793808203/final.xml
1790793808204	/Users/mingxuan/OR/itc/itc-2019/src/solution/muni-fsps-spr17/random_hc_20261001_024327/completed/seed_1790793808204/final.xml
1790793808205	/Users/mingxuan/OR/itc/itc-2019/src/solution/muni-fsps-spr17/random_hc_20261001_024327/completed/seed_1790793808205/final.xml
1790793808206	/Users/mingxuan/OR/itc/itc-2019/src/solution/muni-fsps-spr17/random_hc_20261001_024327/completed/seed_1790793808206/final.xml
1790793808207	/Users/mingxuan/OR/itc/itc-2019/src/solution/muni-fsps-spr17/random_hc_20261001_024327/completed/seed_1790793808207/final.xml
1790793808208	/Users/mingxuan/OR/itc/itc-2019/src/solution/muni-fsps-spr17/random_hc_20261001_024327/completed/seed_1790793808208/final.xml
1790793808209	/Users/mingxuan/OR/itc/itc-2019/src/solution/muni-fsps-spr17/random_hc_20261001_024327/completed/seed_1790793808209/final.xml
1790793808210	/Users/mingxuan/OR/itc/itc-2019/src/solution/muni-fsps-spr17/random_hc_20261001_024327/completed/seed_1790793808210/final.xml
1790793808211	/Users/mingxuan/OR/itc/itc-2019/src/solution/muni-fsps-spr17/random_hc_20261001_024327/completed/seed_1790793808211/final.xml
1790793808212	/Users/mingxuan/OR/itc/itc-2019/src/solution/muni-fsps-spr17/random_hc_20261001_024327/completed/seed_1790793808212/final.xml
1790793808214	/Users/mingxuan/OR/itc/itc-2019/src/solution/muni-fsps-spr17/random_hc_20261001_024327/completed/seed_1790793808214/final.xml
1790793808216	/Users/mingxuan/OR/itc/itc-2019/src/solution/muni-fsps-spr17/random_hc_20261001_024327/completed/seed_1790793808216/final.xml
1790793808217	/Users/mingxuan/OR/itc/itc-2019/src/solution/muni-fsps-spr17/random_hc_20261001_024327/completed/seed_1790793808217/final.xml
1790793808218	/Users/mingxuan/OR/itc/itc-2019/src/solution/muni-fsps-spr17/random_hc_20261001_024327/completed/seed_1790793808218/final.xml
1790793808219	/Users/mingxuan/OR/itc/itc-2019/src/solution/muni-fsps-spr17/random_hc_20261001_024327/completed/seed_1790793808219/final.xml
1790793808220	/Users/mingxuan/OR/itc/itc-2019/src/solution/muni-fsps-spr17/random_hc_20261001_024327/completed/seed_1790793808220/final.xml
1790793808221	/Users/mingxuan/OR/itc/itc-2019/src/solution/muni-fsps-spr17/random_hc_20261001_024327/completed/seed_1790793808221/final.xml
1790793808222	/Users/mingxuan/OR/itc/itc-2019/src/solution/muni-fsps-spr17/random_hc_20261001_024327/completed/seed_1790793808222/final.xml
1790793808224	/Users/mingxuan/OR/itc/itc-2019/src/solution/muni-fsps-spr17/random_hc_20261001_024327/completed/seed_1790793808224/final.xml
1790793808225	/Users/mingxuan/OR/itc/itc-2019/src/solution/muni-fsps-spr17/random_hc_20261001_024327/completed/seed_1790793808225/final.xml
1790793808226	/Users/mingxuan/OR/itc/itc-2019/src/solution/muni-fsps-spr17/random_hc_20261001_024327/completed/seed_1790793808226/final.xml
1790793808228	/Users/mingxuan/OR/itc/itc-2019/src/solution/muni-fsps-spr17/random_hc_20261001_024327/completed/seed_1790793808228/final.xml
1790793808229	/Users/mingxuan/OR/itc/itc-2019/src/solution/muni-fsps-spr17/random_hc_20261001_024327/completed/seed_1790793808229/final.xml
1790793808230	/Users/mingxuan/OR/itc/itc-2019/src/solution/muni-fsps-spr17/random_hc_20261001_024327/completed/seed_1790793808230/final.xml
1790793808231	/Users/mingxuan/OR/itc/itc-2019/src/solution/muni-fsps-spr17/random_hc_20261001_024327/completed/seed_1790793808231/final.xml
1790793808232	/Users/mingxuan/OR/itc/itc-2019/src/solution/muni-fsps-spr17/random_hc_20261001_024327/completed/seed_1790793808232/final.xml
1790793808233	/Users/mingxuan/OR/itc/itc-2019/src/solution/muni-fsps-spr17/random_hc_20261001_024327/completed/seed_1790793808233/final.xml
1790793808235	/Users/mingxuan/OR/itc/itc-2019/src/solution/muni-fsps-spr17/random_hc_20261001_024327/completed/seed_1790793808235/final.xml
1790793808238	/Users/mingxuan/OR/itc/itc-2019/src/solution/muni-fsps-spr17/random_hc_20261001_024327/completed/seed_1790793808238/final.xml
1790793808239	/Users/mingxuan/OR/itc/itc-2019/src/solution/muni-fsps-spr17/random_hc_20261001_024327/completed/seed_1790793808239/final.xml
1790793808240	/Users/mingxuan/OR/itc/itc-2019/src/solution/muni-fsps-spr17/random_hc_20261001_024327/completed/seed_1790793808240/final.xml
1790793808242	/Users/mingxuan/OR/itc/itc-2019/src/solution/muni-fsps-spr17/random_hc_20261001_024327/completed/seed_1790793808242/final.xml
1790793808243	/Users/mingxuan/OR/itc/itc-2019/src/solution/muni-fsps-spr17/random_hc_20261001_024327/completed/seed_1790793808243/final.xml
1790793808244	/Users/mingxuan/OR/itc/itc-2019/src/solution/muni-fsps-spr17/random_hc_20261001_024327/completed/seed_1790793808244/final.xml
1790793808245	/Users/mingxuan/OR/itc/itc-2019/src/solution/muni-fsps-spr17/random_hc_20261001_024327/completed/seed_1790793808245/final.xml
1790793808246	/Users/mingxuan/OR/itc/itc-2019/src/solution/muni-fsps-spr17/random_hc_20261001_024327/completed/seed_1790793808246/final.xml
1790793808248	/Users/mingxuan/OR/itc/itc-2019/src/solution/muni-fsps-spr17/random_hc_20261001_024327/completed/seed_1790793808248/final.xml
1790793808249	/Users/mingxuan/OR/itc/itc-2019/src/solution/muni-fsps-spr17/random_hc_20261001_024327/completed/seed_1790793808249/final.xml
1790793808250	/Users/mingxuan/OR/itc/itc-2019/src/solution/muni-fsps-spr17/random_hc_20261001_024327/completed/seed_1790793808250/final.xml
1790793808251	/Users/mingxuan/OR/itc/itc-2019/src/solution/muni-fsps-spr17/random_hc_20261001_024327/completed/seed_1790793808251/final.xml
1790793808252	/Users/mingxuan/OR/itc/itc-2019/src/solution/muni-fsps-spr17/random_hc_20261001_024327/completed/seed_1790793808252/final.xml
1790793808253	/Users/mingxuan/OR/itc/itc-2019/src/solution/muni-fsps-spr17/random_hc_20261001_024327/completed/seed_1790793808253/final.xml
1790793808254	/Users/mingxuan/OR/itc/itc-2019/src/solution/muni-fsps-spr17/random_hc_20261001_024327/completed/seed_1790793808254/final.xml
1790793808255	/Users/mingxuan/OR/itc/itc-2019/src/solution/muni-fsps-spr17/random_hc_20261001_024327/completed/seed_1790793808255/final.xml
1790793808256	/Users/mingxuan/OR/itc/itc-2019/src/solution/muni-fsps-spr17/random_hc_20261001_024327/completed/seed_1790793808256/final.xml
1790793808257	/Users/mingxuan/OR/itc/itc-2019/src/solution/muni-fsps-spr17/random_hc_20261001_024327/completed/seed_1790793808257/final.xml
1790793808258	/Users/mingxuan/OR/itc/itc-2019/src/solution/muni-fsps-spr17/random_hc_20261001_024327/completed/seed_1790793808258/final.xml
1790793808259	/Users/mingxuan/OR/itc/itc-2019/src/solution/muni-fsps-spr17/random_hc_20261001_024327/completed/seed_1790793808259/final.xml
1790793808260	/Users/mingxuan/OR/itc/itc-2019/src/solution/muni-fsps-spr17/random_hc_20261001_024327/completed/seed_1790793808260/final.xml
1790793808261	/Users/mingxuan/OR/itc/itc-2019/src/solution/muni-fsps-spr17/random_hc_20261001_024327/completed/seed_1790793808261/final.xml
1790793808262	/Users/mingxuan/OR/itc/itc-2019/src/solution/muni-fsps-spr17/random_hc_20261001_024327/completed/seed_1790793808262/final.xml
1790793808264	/Users/mingxuan/OR/itc/itc-2019/src/solution/muni-fsps-spr17/random_hc_20261001_024327/completed/seed_1790793808264/final.xml
1790793808265	/Users/mingxuan/OR/itc/itc-2019/src/solution/muni-fsps-spr17/random_hc_20261001_024327/completed/seed_1790793808265/final.xml
1790793808266	/Users/mingxuan/OR/itc/itc-2019/src/solution/muni-fsps-spr17/random_hc_20261001_024327/completed/seed_1790793808266/final.xml
1790793808267	/Users/mingxuan/OR/itc/itc-2019/src/solution/muni-fsps-spr17/random_hc_20261001_024327/completed/seed_1790793808267/final.xml
1790793808270	/Users/mingxuan/OR/itc/itc-2019/src/solution/muni-fsps-spr17/random_hc_20261001_024327/completed/seed_1790793808270/final.xml
1790793808271	/Users/mingxuan/OR/itc/itc-2019/src/solution/muni-fsps-spr17/random_hc_20261001_024327/completed/seed_1790793808271/final.xml
1790793808272	/Users/mingxuan/OR/itc/itc-2019/src/solution/muni-fsps-spr17/random_hc_20261001_024327/completed/seed_1790793808272/final.xml
1790793808273	/Users/mingxuan/OR/itc/itc-2019/src/solution/muni-fsps-spr17/random_hc_20261001_024327/completed/seed_1790793808273/final.xml
1790793808277	/Users/mingxuan/OR/itc/itc-2019/src/solution/muni-fsps-spr17/random_hc_20261001_024327/completed/seed_1790793808277/final.xml
1790793808278	/Users/mingxuan/OR/itc/itc-2019/src/solution/muni-fsps-spr17/random_hc_20261001_024327/completed/seed_1790793808278/final.xml
1790793808279	/Users/mingxuan/OR/itc/itc-2019/src/solution/muni-fsps-spr17/random_hc_20261001_024327/completed/seed_1790793808279/final.xml
1790793808280	/Users/mingxuan/OR/itc/itc-2019/src/solution/muni-fsps-spr17/random_hc_20261001_024327/completed/seed_1790793808280/final.xml
1790793808281	/Users/mingxuan/OR/itc/itc-2019/src/solution/muni-fsps-spr17/random_hc_20261001_024327/completed/seed_1790793808281/final.xml
1790793808282	/Users/mingxuan/OR/itc/itc-2019/src/solution/muni-fsps-spr17/random_hc_20261001_024327/completed/seed_1790793808282/final.xml
1790793808283	/Users/mingxuan/OR/itc/itc-2019/src/solution/muni-fsps-spr17/random_hc_20261001_024327/completed/seed_1790793808283/final.xml
1790793808285	/Users/mingxuan/OR/itc/itc-2019/src/solution/muni-fsps-spr17/random_hc_20261001_024327/completed/seed_1790793808285/final.xml
1790793808286	/Users/mingxuan/OR/itc/itc-2019/src/solution/muni-fsps-spr17/random_hc_20261001_024327/completed/seed_1790793808286/final.xml
1790793808287	/Users/mingxuan/OR/itc/itc-2019/src/solution/muni-fsps-spr17/random_hc_20261001_024327/completed/seed_1790793808287/final.xml
1790793808288	/Users/mingxuan/OR/itc/itc-2019/src/solution/muni-fsps-spr17/random_hc_20261001_024327/completed/seed_1790793808288/final.xml
1790793808289	/Users/mingxuan/OR/itc/itc-2019/src/solution/muni-fsps-spr17/random_hc_20261001_024327/completed/seed_1790793808289/final.xml
1790793808290	/Users/mingxuan/OR/itc/itc-2019/src/solution/muni-fsps-spr17/random_hc_20261001_024327/completed/seed_1790793808290/final.xml
1790793808291	/Users/mingxuan/OR/itc/itc-2019/src/solution/muni-fsps-spr17/random_hc_20261001_024327/completed/seed_1790793808291/final.xml
1790793808293	/Users/mingxuan/OR/itc/itc-2019/src/solution/muni-fsps-spr17/random_hc_20261001_024327/completed/seed_1790793808293/final.xml
1790793808294	/Users/mingxuan/OR/itc/itc-2019/src/solution/muni-fsps-spr17/random_hc_20261001_024327/completed/seed_1790793808294/final.xml
1790793808295	/Users/mingxuan/OR/itc/itc-2019/src/solution/muni-fsps-spr17/random_hc_20261001_024327/completed/seed_1790793808295/final.xml
1790793808296	/Users/mingxuan/OR/itc/itc-2019/src/solution/muni-fsps-spr17/random_hc_20261001_024327/completed/seed_1790793808296/final.xml
1790793808297	/Users/mingxuan/OR/itc/itc-2019/src/solution/muni-fsps-spr17/random_hc_20261001_024327/completed/seed_1790793808297/final.xml
1790793808298	/Users/mingxuan/OR/itc/itc-2019/src/solution/muni-fsps-spr17/random_hc_20261001_024327/completed/seed_1790793808298/final.xml
1790793808299	/Users/mingxuan/OR/itc/itc-2019/src/solution/muni-fsps-spr17/random_hc_20261001_024327/completed/seed_1790793808299/final.xml
1790793808300	/Users/mingxuan/OR/itc/itc-2019/src/solution/muni-fsps-spr17/random_hc_20261001_024327/completed/seed_1790793808300/final.xml
1790793808301	/Users/mingxuan/OR/itc/itc-2019/src/solution/muni-fsps-spr17/random_hc_20261001_024327/completed/seed_1790793808301/final.xml
1790793808303	/Users/mingxuan/OR/itc/itc-2019/src/solution/muni-fsps-spr17/random_hc_20261001_024327/completed/seed_1790793808303/final.xml
1790793808304	/Users/mingxuan/OR/itc/itc-2019/src/solution/muni-fsps-spr17/random_hc_20261001_024327/completed/seed_1790793808304/final.xml
1790793808305	/Users/mingxuan/OR/itc/itc-2019/src/solution/muni-fsps-spr17/random_hc_20261001_024327/completed/seed_1790793808305/final.xml
1790793808306	/Users/mingxuan/OR/itc/itc-2019/src/solution/muni-fsps-spr17/random_hc_20261001_024327/completed/seed_1790793808306/final.xml
1790793808309	/Users/mingxuan/OR/itc/itc-2019/src/solution/muni-fsps-spr17/random_hc_20261001_024327/completed/seed_1790793808309/final.xml
1790793808310	/Users/mingxuan/OR/itc/itc-2019/src/solution/muni-fsps-spr17/random_hc_20261001_024327/completed/seed_1790793808310/final.xml
1790793808311	/Users/mingxuan/OR/itc/itc-2019/src/solution/muni-fsps-spr17/random_hc_20261001_024327/completed/seed_1790793808311/final.xml
1790793808312	/Users/mingxuan/OR/itc/itc-2019/src/solution/muni-fsps-spr17/random_hc_20261001_024327/completed/seed_1790793808312/final.xml
1790793808313	/Users/mingxuan/OR/itc/itc-2019/src/solution/muni-fsps-spr17/random_hc_20261001_024327/completed/seed_1790793808313/final.xml
1790793808314	/Users/mingxuan/OR/itc/itc-2019/src/solution/muni-fsps-spr17/random_hc_20261001_024327/completed/seed_1790793808314/final.xml
1790793808315	/Users/mingxuan/OR/itc/itc-2019/src/solution/muni-fsps-spr17/random_hc_20261001_024327/completed/seed_1790793808315/final.xml
1790793808316	/Users/mingxuan/OR/itc/itc-2019/src/solution/muni-fsps-spr17/random_hc_20261001_024327/completed/seed_1790793808316/final.xml
1790793808317	/Users/mingxuan/OR/itc/itc-2019/src/solution/muni-fsps-spr17/random_hc_20261001_024327/completed/seed_1790793808317/final.xml
1790793808319	/Users/mingxuan/OR/itc/itc-2019/src/solution/muni-fsps-spr17/random_hc_20261001_024327/completed/seed_1790793808319/final.xml
1790793808320	/Users/mingxuan/OR/itc/itc-2019/src/solution/muni-fsps-spr17/random_hc_20261001_024327/completed/seed_1790793808320/final.xml
1790793808322	/Users/mingxuan/OR/itc/itc-2019/src/solution/muni-fsps-spr17/random_hc_20261001_024327/completed/seed_1790793808322/final.xml
1790793808323	/Users/mingxuan/OR/itc/itc-2019/src/solution/muni-fsps-spr17/random_hc_20261001_024327/completed/seed_1790793808323/final.xml
1790793808324	/Users/mingxuan/OR/itc/itc-2019/src/solution/muni-fsps-spr17/random_hc_20261001_024327/completed/seed_1790793808324/final.xml
1790793808325	/Users/mingxuan/OR/itc/itc-2019/src/solution/muni-fsps-spr17/random_hc_20261001_024327/completed/seed_1790793808325/final.xml
1790793808326	/Users/mingxuan/OR/itc/itc-2019/src/solution/muni-fsps-spr17/random_hc_20261001_024327/completed/seed_1790793808326/final.xml
1790793808328	/Users/mingxuan/OR/itc/itc-2019/src/solution/muni-fsps-spr17/random_hc_20261001_024327/completed/seed_1790793808328/final.xml
1790793808329	/Users/mingxuan/OR/itc/itc-2019/src/solution/muni-fsps-spr17/random_hc_20261001_024327/completed/seed_1790793808329/final.xml
1790793808330	/Users/mingxuan/OR/itc/itc-2019/src/solution/muni-fsps-spr17/random_hc_20261001_024327/completed/seed_1790793808330/final.xml
1790793808331	/Users/mingxuan/OR/itc/itc-2019/src/solution/muni-fsps-spr17/random_hc_20261001_024327/completed/seed_1790793808331/final.xml
1790793808332	/Users/mingxuan/OR/itc/itc-2019/src/solution/muni-fsps-spr17/random_hc_20261001_024327/completed/seed_1790793808332/final.xml
1790793808333	/Users/mingxuan/OR/itc/itc-2019/src/solution/muni-fsps-spr17/random_hc_20261001_024327/completed/seed_1790793808333/final.xml
1790793808334	/Users/mingxuan/OR/itc/itc-2019/src/solution/muni-fsps-spr17/random_hc_20261001_024327/completed/seed_1790793808334/final.xml
1790793808335	/Users/mingxuan/OR/itc/itc-2019/src/solution/muni-fsps-spr17/random_hc_20261001_024327/completed/seed_1790793808335/final.xml
1790793808338	/Users/mingxuan/OR/itc/itc-2019/src/solution/muni-fsps-spr17/random_hc_20261001_024327/completed/seed_1790793808338/final.xml
1790793808339	/Users/mingxuan/OR/itc/itc-2019/src/solution/muni-fsps-spr17/random_hc_20261001_024327/completed/seed_1790793808339/final.xml
1790793808340	/Users/mingxuan/OR/itc/itc-2019/src/solution/muni-fsps-spr17/random_hc_20261001_024327/completed/seed_1790793808340/final.xml
1790793808341	/Users/mingxuan/OR/itc/itc-2019/src/solution/muni-fsps-spr17/random_hc_20261001_024327/completed/seed_1790793808341/final.xml
1790793808343	/Users/mingxuan/OR/itc/itc-2019/src/solution/muni-fsps-spr17/random_hc_20261001_024327/completed/seed_1790793808343/final.xml
1790793808345	/Users/mingxuan/OR/itc/itc-2019/src/solution/muni-fsps-spr17/random_hc_20261001_024327/completed/seed_1790793808345/final.xml
1790793808346	/Users/mingxuan/OR/itc/itc-2019/src/solution/muni-fsps-spr17/random_hc_20261001_024327/completed/seed_1790793808346/final.xml
1790793808348	/Users/mingxuan/OR/itc/itc-2019/src/solution/muni-fsps-spr17/random_hc_20261001_024327/completed/seed_1790793808348/final.xml
1790793808349	/Users/mingxuan/OR/itc/itc-2019/src/solution/muni-fsps-spr17/random_hc_20261001_024327/completed/seed_1790793808349/final.xml
1790793808350	/Users/mingxuan/OR/itc/itc-2019/src/solution/muni-fsps-spr17/random_hc_20261001_024327/completed/seed_1790793808350/final.xml
1790793808351	/Users/mingxuan/OR/itc/itc-2019/src/solution/muni-fsps-spr17/random_hc_20261001_024327/completed/seed_1790793808351/final.xml
1790793808353	/Users/mingxuan/OR/itc/itc-2019/src/solution/muni-fsps-spr17/random_hc_20261001_024327/completed/seed_1790793808353/final.xml
1790793808354	/Users/mingxuan/OR/itc/itc-2019/src/solution/muni-fsps-spr17/random_hc_20261001_024327/completed/seed_1790793808354/final.xml
1790793808355	/Users/mingxuan/OR/itc/itc-2019/src/solution/muni-fsps-spr17/random_hc_20261001_024327/completed/seed_1790793808355/final.xml
1790793808356	/Users/mingxuan/OR/itc/itc-2019/src/solution/muni-fsps-spr17/random_hc_20261001_024327/completed/seed_1790793808356/final.xml
1790793808358	/Users/mingxuan/OR/itc/itc-2019/src/solution/muni-fsps-spr17/random_hc_20261001_024327/completed/seed_1790793808358/final.xml
1790793808359	/Users/mingxuan/OR/itc/itc-2019/src/solution/muni-fsps-spr17/random_hc_20261001_024327/completed/seed_1790793808359/final.xml
1790793808360	/Users/mingxuan/OR/itc/itc-2019/src/solution/muni-fsps-spr17/random_hc_20261001_024327/completed/seed_1790793808360/final.xml
1790793808361	/Users/mingxuan/OR/itc/itc-2019/src/solution/muni-fsps-spr17/random_hc_20261001_024327/completed/seed_1790793808361/final.xml
1790793808364	/Users/mingxuan/OR/itc/itc-2019/src/solution/muni-fsps-spr17/random_hc_20261001_024327/completed/seed_1790793808364/final.xml
1790793808365	/Users/mingxuan/OR/itc/itc-2019/src/solution/muni-fsps-spr17/random_hc_20261001_024327/completed/seed_1790793808365/final.xml
1790793808367	/Users/mingxuan/OR/itc/itc-2019/src/solution/muni-fsps-spr17/random_hc_20261001_024327/completed/seed_1790793808367/final.xml
1790793808368	/Users/mingxuan/OR/itc/itc-2019/src/solution/muni-fsps-spr17/random_hc_20261001_024327/completed/seed_1790793808368/final.xml
1790793808370	/Users/mingxuan/OR/itc/itc-2019/src/solution/muni-fsps-spr17/random_hc_20261001_024327/completed/seed_1790793808370/final.xml
1790793808371	/Users/mingxuan/OR/itc/itc-2019/src/solution/muni-fsps-spr17/random_hc_20261001_024327/completed/seed_1790793808371/final.xml
1790793808372	/Users/mingxuan/OR/itc/itc-2019/src/solution/muni-fsps-spr17/random_hc_20261001_024327/completed/seed_1790793808372/final.xml
1790793808373	/Users/mingxuan/OR/itc/itc-2019/src/solution/muni-fsps-spr17/random_hc_20261001_024327/completed/seed_1790793808373/final.xml
1790793808374	/Users/mingxuan/OR/itc/itc-2019/src/solution/muni-fsps-spr17/random_hc_20261001_024327/completed/seed_1790793808374/final.xml
1790793808376	/Users/mingxuan/OR/itc/itc-2019/src/solution/muni-fsps-spr17/random_hc_20261001_024327/completed/seed_1790793808376/final.xml
1790793808378	/Users/mingxuan/OR/itc/itc-2019/src/solution/muni-fsps-spr17/random_hc_20261001_024327/completed/seed_1790793808378/final.xml
1790793808379	/Users/mingxuan/OR/itc/itc-2019/src/solution/muni-fsps-spr17/random_hc_20261001_024327/completed/seed_1790793808379/final.xml
1790793808380	/Users/mingxuan/OR/itc/itc-2019/src/solution/muni-fsps-spr17/random_hc_20261001_024327/completed/seed_1790793808380/final.xml
1790793808381	/Users/mingxuan/OR/itc/itc-2019/src/solution/muni-fsps-spr17/random_hc_20261001_024327/completed/seed_1790793808381/final.xml
1790793808382	/Users/mingxuan/OR/itc/itc-2019/src/solution/muni-fsps-spr17/random_hc_20261001_024327/completed/seed_1790793808382/final.xml
1790793808384	/Users/mingxuan/OR/itc/itc-2019/src/solution/muni-fsps-spr17/random_hc_20261001_024327/completed/seed_1790793808384/final.xml
1790793808386	/Users/mingxuan/OR/itc/itc-2019/src/solution/muni-fsps-spr17/random_hc_20261001_024327/completed/seed_1790793808386/final.xml
1790793808387	/Users/mingxuan/OR/itc/itc-2019/src/solution/muni-fsps-spr17/random_hc_20261001_024327/completed/seed_1790793808387/final.xml
1790793808388	/Users/mingxuan/OR/itc/itc-2019/src/solution/muni-fsps-spr17/random_hc_20261001_024327/completed/seed_1790793808388/final.xml
1790793808390	/Users/mingxuan/OR/itc/itc-2019/src/solution/muni-fsps-spr17/random_hc_20261001_024327/completed/seed_1790793808390/final.xml
1790793808391	/Users/mingxuan/OR/itc/itc-2019/src/solution/muni-fsps-spr17/random_hc_20261001_024327/completed/seed_1790793808391/final.xml
1790793808392	/Users/mingxuan/OR/itc/itc-2019/src/solution/muni-fsps-spr17/random_hc_20261001_024327/completed/seed_1790793808392/final.xml
1790793808393	/Users/mingxuan/OR/itc/itc-2019/src/solution/muni-fsps-spr17/random_hc_20261001_024327/completed/seed_1790793808393/final.xml
1790793808394	/Users/mingxuan/OR/itc/itc-2019/src/solution/muni-fsps-spr17/random_hc_20261001_024327/completed/seed_1790793808394/final.xml
1790793808395	/Users/mingxuan/OR/itc/itc-2019/src/solution/muni-fsps-spr17/random_hc_20261001_024327/completed/seed_1790793808395/final.xml
1790793808396	/Users/mingxuan/OR/itc/itc-2019/src/solution/muni-fsps-spr17/random_hc_20261001_024327/completed/seed_1790793808396/final.xml
1790793808397	/Users/mingxuan/OR/itc/itc-2019/src/solution/muni-fsps-spr17/random_hc_20261001_024327/completed/seed_1790793808397/final.xml
1790793808399	/Users/mingxuan/OR/itc/itc-2019/src/solution/muni-fsps-spr17/random_hc_20261001_024327/completed/seed_1790793808399/final.xml
1790793808400	/Users/mingxuan/OR/itc/itc-2019/src/solution/muni-fsps-spr17/random_hc_20261001_024327/completed/seed_1790793808400/final.xml
1790793808401	/Users/mingxuan/OR/itc/itc-2019/src/solution/muni-fsps-spr17/random_hc_20261001_024327/completed/seed_1790793808401/final.xml
1790793808402	/Users/mingxuan/OR/itc/itc-2019/src/solution/muni-fsps-spr17/random_hc_20261001_024327/completed/seed_1790793808402/final.xml
1790793808403	/Users/mingxuan/OR/itc/itc-2019/src/solution/muni-fsps-spr17/random_hc_20261001_024327/completed/seed_1790793808403/final.xml
1790793808404	/Users/mingxuan/OR/itc/itc-2019/src/solution/muni-fsps-spr17/random_hc_20261001_024327/completed/seed_1790793808404/final.xml
1790793808405	/Users/mingxuan/OR/itc/itc-2019/src/solution/muni-fsps-spr17/random_hc_20261001_024327/completed/seed_1790793808405/final.xml
1790793808406	/Users/mingxuan/OR/itc/itc-2019/src/solution/muni-fsps-spr17/random_hc_20261001_024327/completed/seed_1790793808406/final.xml
1790793808408	/Users/mingxuan/OR/itc/itc-2019/src/solution/muni-fsps-spr17/random_hc_20261001_024327/completed/seed_1790793808408/final.xml
1790793808409	/Users/mingxuan/OR/itc/itc-2019/src/solution/muni-fsps-spr17/random_hc_20261001_024327/completed/seed_1790793808409/final.xml
1790793808411	/Users/mingxuan/OR/itc/itc-2019/src/solution/muni-fsps-spr17/random_hc_20261001_024327/completed/seed_1790793808411/final.xml
1790793808412	/Users/mingxuan/OR/itc/itc-2019/src/solution/muni-fsps-spr17/random_hc_20261001_024327/completed/seed_1790793808412/final.xml
1790793808413	/Users/mingxuan/OR/itc/itc-2019/src/solution/muni-fsps-spr17/random_hc_20261001_024327/completed/seed_1790793808413/final.xml
1790793808415	/Users/mingxuan/OR/itc/itc-2019/src/solution/muni-fsps-spr17/random_hc_20261001_024327/completed/seed_1790793808415/final.xml
1790793808416	/Users/mingxuan/OR/itc/itc-2019/src/solution/muni-fsps-spr17/random_hc_20261001_024327/completed/seed_1790793808416/final.xml
1790793808417	/Users/mingxuan/OR/itc/itc-2019/src/solution/muni-fsps-spr17/random_hc_20261001_024327/completed/seed_1790793808417/final.xml
1790793808418	/Users/mingxuan/OR/itc/itc-2019/src/solution/muni-fsps-spr17/random_hc_20261001_024327/completed/seed_1790793808418/final.xml
1790793808420	/Users/mingxuan/OR/itc/itc-2019/src/solution/muni-fsps-spr17/random_hc_20261001_024327/completed/seed_1790793808420/final.xml
1790793808422	/Users/mingxuan/OR/itc/itc-2019/src/solution/muni-fsps-spr17/random_hc_20261001_024327/completed/seed_1790793808422/final.xml
1790793808423	/Users/mingxuan/OR/itc/itc-2019/src/solution/muni-fsps-spr17/random_hc_20261001_024327/completed/seed_1790793808423/final.xml
1790793808424	/Users/mingxuan/OR/itc/itc-2019/src/solution/muni-fsps-spr17/random_hc_20261001_024327/completed/seed_1790793808424/final.xml
1790793808428	/Users/mingxuan/OR/itc/itc-2019/src/solution/muni-fsps-spr17/random_hc_20261001_024327/completed/seed_1790793808428/final.xml
1790793808429	/Users/mingxuan/OR/itc/itc-2019/src/solution/muni-fsps-spr17/random_hc_20261001_024327/completed/seed_1790793808429/final.xml
1790793808430	/Users/mingxuan/OR/itc/itc-2019/src/solution/muni-fsps-spr17/random_hc_20261001_024327/completed/seed_1790793808430/final.xml
1790793808431	/Users/mingxuan/OR/itc/itc-2019/src/solution/muni-fsps-spr17/random_hc_20261001_024327/completed/seed_1790793808431/final.xml
1790793808432	/Users/mingxuan/OR/itc/itc-2019/src/solution/muni-fsps-spr17/random_hc_20261001_024327/completed/seed_1790793808432/final.xml
1790793808434	/Users/mingxuan/OR/itc/itc-2019/src/solution/muni-fsps-spr17/random_hc_20261001_024327/completed/seed_1790793808434/final.xml
1790793808436	/Users/mingxuan/OR/itc/itc-2019/src/solution/muni-fsps-spr17/random_hc_20261001_024327/completed/seed_1790793808436/final.xml
1790793808438	/Users/mingxuan/OR/itc/itc-2019/src/solution/muni-fsps-spr17/random_hc_20261001_024327/completed/seed_1790793808438/final.xml
1790793808439	/Users/mingxuan/OR/itc/itc-2019/src/solution/muni-fsps-spr17/random_hc_20261001_024327/completed/seed_1790793808439/final.xml
1790793808440	/Users/mingxuan/OR/itc/itc-2019/src/solution/muni-fsps-spr17/random_hc_20261001_024327/completed/seed_1790793808440/final.xml
1790793808441	/Users/mingxuan/OR/itc/itc-2019/src/solution/muni-fsps-spr17/random_hc_20261001_024327/completed/seed_1790793808441/final.xml
1790793808442	/Users/mingxuan/OR/itc/itc-2019/src/solution/muni-fsps-spr17/random_hc_20261001_024327/completed/seed_1790793808442/final.xml
1790793808443	/Users/mingxuan/OR/itc/itc-2019/src/solution/muni-fsps-spr17/random_hc_20261001_024327/completed/seed_1790793808443/final.xml
1790793808445	/Users/mingxuan/OR/itc/itc-2019/src/solution/muni-fsps-spr17/random_hc_20261001_024327/completed/seed_1790793808445/final.xml
1790793808446	/Users/mingxuan/OR/itc/itc-2019/src/solution/muni-fsps-spr17/random_hc_20261001_024327/completed/seed_1790793808446/final.xml
1790793808447	/Users/mingxuan/OR/itc/itc-2019/src/solution/muni-fsps-spr17/random_hc_20261001_024327/completed/seed_1790793808447/final.xml
1790793808448	/Users/mingxuan/OR/itc/itc-2019/src/solution/muni-fsps-spr17/random_hc_20261001_024327/completed/seed_1790793808448/final.xml
1790793808449	/Users/mingxuan/OR/itc/itc-2019/src/solution/muni-fsps-spr17/random_hc_20261001_024327/completed/seed_1790793808449/final.xml
1790793808450	/Users/mingxuan/OR/itc/itc-2019/src/solution/muni-fsps-spr17/random_hc_20261001_024327/completed/seed_1790793808450/final.xml
1790793808451	/Users/mingxuan/OR/itc/itc-2019/src/solution/muni-fsps-spr17/random_hc_20261001_024327/completed/seed_1790793808451/final.xml
1790793808452	/Users/mingxuan/OR/itc/itc-2019/src/solution/muni-fsps-spr17/random_hc_20261001_024327/completed/seed_1790793808452/final.xml
1790793808453	/Users/mingxuan/OR/itc/itc-2019/src/solution/muni-fsps-spr17/random_hc_20261001_024327/completed/seed_1790793808453/final.xml
1790793808454	/Users/mingxuan/OR/itc/itc-2019/src/solution/muni-fsps-spr17/random_hc_20261001_024327/completed/seed_1790793808454/final.xml
1790793808456	/Users/mingxuan/OR/itc/itc-2019/src/solution/muni-fsps-spr17/random_hc_20261001_024327/completed/seed_1790793808456/final.xml
1790793808458	/Users/mingxuan/OR/itc/itc-2019/src/solution/muni-fsps-spr17/random_hc_20261001_024327/completed/seed_1790793808458/final.xml
1790793808459	/Users/mingxuan/OR/itc/itc-2019/src/solution/muni-fsps-spr17/random_hc_20261001_024327/completed/seed_1790793808459/final.xml
1790793808460	/Users/mingxuan/OR/itc/itc-2019/src/solution/muni-fsps-spr17/random_hc_20261001_024327/completed/seed_1790793808460/final.xml
1790793808461	/Users/mingxuan/OR/itc/itc-2019/src/solution/muni-fsps-spr17/random_hc_20261001_024327/completed/seed_1790793808461/final.xml
1790793808463	/Users/mingxuan/OR/itc/itc-2019/src/solution/muni-fsps-spr17/random_hc_20261001_024327/completed/seed_1790793808463/final.xml
1790793808464	/Users/mingxuan/OR/itc/itc-2019/src/solution/muni-fsps-spr17/random_hc_20261001_024327/completed/seed_1790793808464/final.xml
1790793808466	/Users/mingxuan/OR/itc/itc-2019/src/solution/muni-fsps-spr17/random_hc_20261001_024327/completed/seed_1790793808466/final.xml
1790793808467	/Users/mingxuan/OR/itc/itc-2019/src/solution/muni-fsps-spr17/random_hc_20261001_024327/completed/seed_1790793808467/final.xml
1790793808469	/Users/mingxuan/OR/itc/itc-2019/src/solution/muni-fsps-spr17/random_hc_20261001_024327/completed/seed_1790793808469/final.xml
1790793808470	/Users/mingxuan/OR/itc/itc-2019/src/solution/muni-fsps-spr17/random_hc_20261001_024327/completed/seed_1790793808470/final.xml
1790793808471	/Users/mingxuan/OR/itc/itc-2019/src/solution/muni-fsps-spr17/random_hc_20261001_024327/completed/seed_1790793808471/final.xml
1790793808472	/Users/mingxuan/OR/itc/itc-2019/src/solution/muni-fsps-spr17/random_hc_20261001_024327/completed/seed_1790793808472/final.xml
1790793808473	/Users/mingxuan/OR/itc/itc-2019/src/solution/muni-fsps-spr17/random_hc_20261001_024327/completed/seed_1790793808473/final.xml
1790793808475	/Users/mingxuan/OR/itc/itc-2019/src/solution/muni-fsps-spr17/random_hc_20261001_024327/completed/seed_1790793808475/final.xml
1790793808476	/Users/mingxuan/OR/itc/itc-2019/src/solution/muni-fsps-spr17/random_hc_20261001_024327/completed/seed_1790793808476/final.xml
1790793808477	/Users/mingxuan/OR/itc/itc-2019/src/solution/muni-fsps-spr17/random_hc_20261001_024327/completed/seed_1790793808477/final.xml
1790793808478	/Users/mingxuan/OR/itc/itc-2019/src/solution/muni-fsps-spr17/random_hc_20261001_024327/completed/seed_1790793808478/final.xml
1790793808479	/Users/mingxuan/OR/itc/itc-2019/src/solution/muni-fsps-spr17/random_hc_20261001_024327/completed/seed_1790793808479/final.xml
1790793808480	/Users/mingxuan/OR/itc/itc-2019/src/solution/muni-fsps-spr17/random_hc_20261001_024327/completed/seed_1790793808480/final.xml
1790793808482	/Users/mingxuan/OR/itc/itc-2019/src/solution/muni-fsps-spr17/random_hc_20261001_024327/completed/seed_1790793808482/final.xml
1790793808483	/Users/mingxuan/OR/itc/itc-2019/src/solution/muni-fsps-spr17/random_hc_20261001_024327/completed/seed_1790793808483/final.xml
1790793808484	/Users/mingxuan/OR/itc/itc-2019/src/solution/muni-fsps-spr17/random_hc_20261001_024327/completed/seed_1790793808484/final.xml
1790793808485	/Users/mingxuan/OR/itc/itc-2019/src/solution/muni-fsps-spr17/random_hc_20261001_024327/completed/seed_1790793808485/final.xml
1790793808486	/Users/mingxuan/OR/itc/itc-2019/src/solution/muni-fsps-spr17/random_hc_20261001_024327/completed/seed_1790793808486/final.xml
1790793808487	/Users/mingxuan/OR/itc/itc-2019/src/solution/muni-fsps-spr17/random_hc_20261001_024327/completed/seed_1790793808487/final.xml
1790793808488	/Users/mingxuan/OR/itc/itc-2019/src/solution/muni-fsps-spr17/random_hc_20261001_024327/completed/seed_1790793808488/final.xml
1790793808489	/Users/mingxuan/OR/itc/itc-2019/src/solution/muni-fsps-spr17/random_hc_20261001_024327/completed/seed_1790793808489/final.xml
1790793808490	/Users/mingxuan/OR/itc/itc-2019/src/solution/muni-fsps-spr17/random_hc_20261001_024327/completed/seed_1790793808490/final.xml
1790793808494	/Users/mingxuan/OR/itc/itc-2019/src/solution/muni-fsps-spr17/random_hc_20261001_024327/completed/seed_1790793808494/final.xml
1790793808495	/Users/mingxuan/OR/itc/itc-2019/src/solution/muni-fsps-spr17/random_hc_20261001_024327/completed/seed_1790793808495/final.xml
1790793808496	/Users/mingxuan/OR/itc/itc-2019/src/solution/muni-fsps-spr17/random_hc_20261001_024327/completed/seed_1790793808496/final.xml
1790793808497	/Users/mingxuan/OR/itc/itc-2019/src/solution/muni-fsps-spr17/random_hc_20261001_024327/completed/seed_1790793808497/final.xml
1790793808498	/Users/mingxuan/OR/itc/itc-2019/src/solution/muni-fsps-spr17/random_hc_20261001_024327/completed/seed_1790793808498/final.xml
1790793808499	/Users/mingxuan/OR/itc/itc-2019/src/solution/muni-fsps-spr17/random_hc_20261001_024327/completed/seed_1790793808499/final.xml
1790793808500	/Users/mingxuan/OR/itc/itc-2019/src/solution/muni-fsps-spr17/random_hc_20261001_024327/completed/seed_1790793808500/final.xml
1790793808501	/Users/mingxuan/OR/itc/itc-2019/src/solution/muni-fsps-spr17/random_hc_20261001_024327/completed/seed_1790793808501/final.xml
1790793808502	/Users/mingxuan/OR/itc/itc-2019/src/solution/muni-fsps-spr17/random_hc_20261001_024327/completed/seed_1790793808502/final.xml
1790793808503	/Users/mingxuan/OR/itc/itc-2019/src/solution/muni-fsps-spr17/random_hc_20261001_024327/completed/seed_1790793808503/final.xml
1790793808504	/Users/mingxuan/OR/itc/itc-2019/src/solution/muni-fsps-spr17/random_hc_20261001_024327/completed/seed_1790793808504/final.xml
1790793808505	/Users/mingxuan/OR/itc/itc-2019/src/solution/muni-fsps-spr17/random_hc_20261001_024327/completed/seed_1790793808505/final.xml
1790793808506	/Users/mingxuan/OR/itc/itc-2019/src/solution/muni-fsps-spr17/random_hc_20261001_024327/completed/seed_1790793808506/final.xml
1790793808507	/Users/mingxuan/OR/itc/itc-2019/src/solution/muni-fsps-spr17/random_hc_20261001_024327/completed/seed_1790793808507/final.xml
1790793808509	/Users/mingxuan/OR/itc/itc-2019/src/solution/muni-fsps-spr17/random_hc_20261001_024327/completed/seed_1790793808509/final.xml
1790793808510	/Users/mingxuan/OR/itc/itc-2019/src/solution/muni-fsps-spr17/random_hc_20261001_024327/completed/seed_1790793808510/final.xml
1790793808511	/Users/mingxuan/OR/itc/itc-2019/src/solution/muni-fsps-spr17/random_hc_20261001_024327/completed/seed_1790793808511/final.xml
1790793808513	/Users/mingxuan/OR/itc/itc-2019/src/solution/muni-fsps-spr17/random_hc_20261001_024327/completed/seed_1790793808513/final.xml
1790793808514	/Users/mingxuan/OR/itc/itc-2019/src/solution/muni-fsps-spr17/random_hc_20261001_024327/completed/seed_1790793808514/final.xml
1790793808515	/Users/mingxuan/OR/itc/itc-2019/src/solution/muni-fsps-spr17/random_hc_20261001_024327/completed/seed_1790793808515/final.xml
1790793808519	/Users/mingxuan/OR/itc/itc-2019/src/solution/muni-fsps-spr17/random_hc_20261001_024327/completed/seed_1790793808519/final.xml
1790793808520	/Users/mingxuan/OR/itc/itc-2019/src/solution/muni-fsps-spr17/random_hc_20261001_024327/completed/seed_1790793808520/final.xml
1790793808521	/Users/mingxuan/OR/itc/itc-2019/src/solution/muni-fsps-spr17/random_hc_20261001_024327/completed/seed_1790793808521/final.xml
1790793808522	/Users/mingxuan/OR/itc/itc-2019/src/solution/muni-fsps-spr17/random_hc_20261001_024327/completed/seed_1790793808522/final.xml
1790793808523	/Users/mingxuan/OR/itc/itc-2019/src/solution/muni-fsps-spr17/random_hc_20261001_024327/completed/seed_1790793808523/final.xml
1790793808524	/Users/mingxuan/OR/itc/itc-2019/src/solution/muni-fsps-spr17/random_hc_20261001_024327/completed/seed_1790793808524/final.xml
1790793808526	/Users/mingxuan/OR/itc/itc-2019/src/solution/muni-fsps-spr17/random_hc_20261001_024327/completed/seed_1790793808526/final.xml
1790793808527	/Users/mingxuan/OR/itc/itc-2019/src/solution/muni-fsps-spr17/random_hc_20261001_024327/completed/seed_1790793808527/final.xml
1790793808530	/Users/mingxuan/OR/itc/itc-2019/src/solution/muni-fsps-spr17/random_hc_20261001_024327/completed/seed_1790793808530/final.xml
1790793808531	/Users/mingxuan/OR/itc/itc-2019/src/solution/muni-fsps-spr17/random_hc_20261001_024327/completed/seed_1790793808531/final.xml
1790793808533	/Users/mingxuan/OR/itc/itc-2019/src/solution/muni-fsps-spr17/random_hc_20261001_024327/completed/seed_1790793808533/final.xml
1790793808534	/Users/mingxuan/OR/itc/itc-2019/src/solution/muni-fsps-spr17/random_hc_20261001_024327/completed/seed_1790793808534/final.xml
1790793808535	/Users/mingxuan/OR/itc/itc-2019/src/solution/muni-fsps-spr17/random_hc_20261001_024327/completed/seed_1790793808535/final.xml
1790793808537	/Users/mingxuan/OR/itc/itc-2019/src/solution/muni-fsps-spr17/random_hc_20261001_024327/completed/seed_1790793808537/final.xml
1790793808538	/Users/mingxuan/OR/itc/itc-2019/src/solution/muni-fsps-spr17/random_hc_20261001_024327/completed/seed_1790793808538/final.xml
1790793808539	/Users/mingxuan/OR/itc/itc-2019/src/solution/muni-fsps-spr17/random_hc_20261001_024327/completed/seed_1790793808539/final.xml
1790793808540	/Users/mingxuan/OR/itc/itc-2019/src/solution/muni-fsps-spr17/random_hc_20261001_024327/completed/seed_1790793808540/final.xml
1790793808541	/Users/mingxuan/OR/itc/itc-2019/src/solution/muni-fsps-spr17/random_hc_20261001_024327/completed/seed_1790793808541/final.xml
1790793808542	/Users/mingxuan/OR/itc/itc-2019/src/solution/muni-fsps-spr17/random_hc_20261001_024327/completed/seed_1790793808542/final.xml
1790793808543	/Users/mingxuan/OR/itc/itc-2019/src/solution/muni-fsps-spr17/random_hc_20261001_024327/completed/seed_1790793808543/final.xml
1790793808544	/Users/mingxuan/OR/itc/itc-2019/src/solution/muni-fsps-spr17/random_hc_20261001_024327/completed/seed_1790793808544/final.xml
1790793808545	/Users/mingxuan/OR/itc/itc-2019/src/solution/muni-fsps-spr17/random_hc_20261001_024327/completed/seed_1790793808545/final.xml
1790793808546	/Users/mingxuan/OR/itc/itc-2019/src/solution/muni-fsps-spr17/random_hc_20261001_024327/completed/seed_1790793808546/final.xml
1790793808547	/Users/mingxuan/OR/itc/itc-2019/src/solution/muni-fsps-spr17/random_hc_20261001_024327/completed/seed_1790793808547/final.xml
1790793808548	/Users/mingxuan/OR/itc/itc-2019/src/solution/muni-fsps-spr17/random_hc_20261001_024327/completed/seed_1790793808548/final.xml
1790793808549	/Users/mingxuan/OR/itc/itc-2019/src/solution/muni-fsps-spr17/random_hc_20261001_024327/completed/seed_1790793808549/final.xml
1790793808551	/Users/mingxuan/OR/itc/itc-2019/src/solution/muni-fsps-spr17/random_hc_20261001_024327/completed/seed_1790793808551/final.xml
1790793808552	/Users/mingxuan/OR/itc/itc-2019/src/solution/muni-fsps-spr17/random_hc_20261001_024327/completed/seed_1790793808552/final.xml
1790793808554	/Users/mingxuan/OR/itc/itc-2019/src/solution/muni-fsps-spr17/random_hc_20261001_024327/completed/seed_1790793808554/final.xml
1790793808556	/Users/mingxuan/OR/itc/itc-2019/src/solution/muni-fsps-spr17/random_hc_20261001_024327/completed/seed_1790793808556/final.xml
1790793808557	/Users/mingxuan/OR/itc/itc-2019/src/solution/muni-fsps-spr17/random_hc_20261001_024327/completed/seed_1790793808557/final.xml
1790793808558	/Users/mingxuan/OR/itc/itc-2019/src/solution/muni-fsps-spr17/random_hc_20261001_024327/completed/seed_1790793808558/final.xml
1790793808561	/Users/mingxuan/OR/itc/itc-2019/src/solution/muni-fsps-spr17/random_hc_20261001_024327/completed/seed_1790793808561/final.xml
1790793808562	/Users/mingxuan/OR/itc/itc-2019/src/solution/muni-fsps-spr17/random_hc_20261001_024327/completed/seed_1790793808562/final.xml
1790793808563	/Users/mingxuan/OR/itc/itc-2019/src/solution/muni-fsps-spr17/random_hc_20261001_024327/completed/seed_1790793808563/final.xml
1790793808564	/Users/mingxuan/OR/itc/itc-2019/src/solution/muni-fsps-spr17/random_hc_20261001_024327/completed/seed_1790793808564/final.xml
1790793808565	/Users/mingxuan/OR/itc/itc-2019/src/solution/muni-fsps-spr17/random_hc_20261001_024327/completed/seed_1790793808565/final.xml
1790793808566	/Users/mingxuan/OR/itc/itc-2019/src/solution/muni-fsps-spr17/random_hc_20261001_024327/completed/seed_1790793808566/final.xml
1790793808567	/Users/mingxuan/OR/itc/itc-2019/src/solution/muni-fsps-spr17/random_hc_20261001_024327/completed/seed_1790793808567/final.xml
1790793808568	/Users/mingxuan/OR/itc/itc-2019/src/solution/muni-fsps-spr17/random_hc_20261001_024327/completed/seed_1790793808568/final.xml
1790793808569	/Users/mingxuan/OR/itc/itc-2019/src/solution/muni-fsps-spr17/random_hc_20261001_024327/completed/seed_1790793808569/final.xml
1790793808570	/Users/mingxuan/OR/itc/itc-2019/src/solution/muni-fsps-spr17/random_hc_20261001_024327/completed/seed_1790793808570/final.xml
1790793808571	/Users/mingxuan/OR/itc/itc-2019/src/solution/muni-fsps-spr17/random_hc_20261001_024327/completed/seed_1790793808571/final.xml
1790793808572	/Users/mingxuan/OR/itc/itc-2019/src/solution/muni-fsps-spr17/random_hc_20261001_024327/completed/seed_1790793808572/final.xml
1790793808573	/Users/mingxuan/OR/itc/itc-2019/src/solution/muni-fsps-spr17/random_hc_20261001_024327/completed/seed_1790793808573/final.xml
1790793808574	/Users/mingxuan/OR/itc/itc-2019/src/solution/muni-fsps-spr17/random_hc_20261001_024327/completed/seed_1790793808574/final.xml
1790793808576	/Users/mingxuan/OR/itc/itc-2019/src/solution/muni-fsps-spr17/random_hc_20261001_024327/completed/seed_1790793808576/final.xml
1790793808577	/Users/mingxuan/OR/itc/itc-2019/src/solution/muni-fsps-spr17/random_hc_20261001_024327/completed/seed_1790793808577/final.xml
1790793808578	/Users/mingxuan/OR/itc/itc-2019/src/solution/muni-fsps-spr17/random_hc_20261001_024327/completed/seed_1790793808578/final.xml
1790793808579	/Users/mingxuan/OR/itc/itc-2019/src/solution/muni-fsps-spr17/random_hc_20261001_024327/completed/seed_1790793808579/final.xml
1790793808580	/Users/mingxuan/OR/itc/itc-2019/src/solution/muni-fsps-spr17/random_hc_20261001_024327/completed/seed_1790793808580/final.xml
1790793808582	/Users/mingxuan/OR/itc/itc-2019/src/solution/muni-fsps-spr17/random_hc_20261001_024327/completed/seed_1790793808582/final.xml
1790793808583	/Users/mingxuan/OR/itc/itc-2019/src/solution/muni-fsps-spr17/random_hc_20261001_024327/completed/seed_1790793808583/final.xml
1790793808584	/Users/mingxuan/OR/itc/itc-2019/src/solution/muni-fsps-spr17/random_hc_20261001_024327/completed/seed_1790793808584/final.xml
1790793808585	/Users/mingxuan/OR/itc/itc-2019/src/solution/muni-fsps-spr17/random_hc_20261001_024327/completed/seed_1790793808585/final.xml
1790793808586	/Users/mingxuan/OR/itc/itc-2019/src/solution/muni-fsps-spr17/random_hc_20261001_024327/completed/seed_1790793808586/final.xml
1790793808587	/Users/mingxuan/OR/itc/itc-2019/src/solution/muni-fsps-spr17/random_hc_20261001_024327/completed/seed_1790793808587/final.xml
1790793808588	/Users/mingxuan/OR/itc/itc-2019/src/solution/muni-fsps-spr17/random_hc_20261001_024327/completed/seed_1790793808588/final.xml
1790793808589	/Users/mingxuan/OR/itc/itc-2019/src/solution/muni-fsps-spr17/random_hc_20261001_024327/completed/seed_1790793808589/final.xml
1790793808590	/Users/mingxuan/OR/itc/itc-2019/src/solution/muni-fsps-spr17/random_hc_20261001_024327/completed/seed_1790793808590/final.xml
1790793808591	/Users/mingxuan/OR/itc/itc-2019/src/solution/muni-fsps-spr17/random_hc_20261001_024327/completed/seed_1790793808591/final.xml
1790793808592	/Users/mingxuan/OR/itc/itc-2019/src/solution/muni-fsps-spr17/random_hc_20261001_024327/completed/seed_1790793808592/final.xml
1790793808596	/Users/mingxuan/OR/itc/itc-2019/src/solution/muni-fsps-spr17/random_hc_20261001_024327/completed/seed_1790793808596/final.xml
1790793808597	/Users/mingxuan/OR/itc/itc-2019/src/solution/muni-fsps-spr17/random_hc_20261001_024327/completed/seed_1790793808597/final.xml
1790793808598	/Users/mingxuan/OR/itc/itc-2019/src/solution/muni-fsps-spr17/random_hc_20261001_024327/completed/seed_1790793808598/final.xml
1790793808600	/Users/mingxuan/OR/itc/itc-2019/src/solution/muni-fsps-spr17/random_hc_20261001_024327/completed/seed_1790793808600/final.xml
1790793808601	/Users/mingxuan/OR/itc/itc-2019/src/solution/muni-fsps-spr17/random_hc_20261001_024327/completed/seed_1790793808601/final.xml
1790793808602	/Users/mingxuan/OR/itc/itc-2019/src/solution/muni-fsps-spr17/random_hc_20261001_024327/completed/seed_1790793808602/final.xml
1790793808603	/Users/mingxuan/OR/itc/itc-2019/src/solution/muni-fsps-spr17/random_hc_20261001_024327/completed/seed_1790793808603/final.xml
1790793808604	/Users/mingxuan/OR/itc/itc-2019/src/solution/muni-fsps-spr17/random_hc_20261001_024327/completed/seed_1790793808604/final.xml
1790793808605	/Users/mingxuan/OR/itc/itc-2019/src/solution/muni-fsps-spr17/random_hc_20261001_024327/completed/seed_1790793808605/final.xml
1790793808606	/Users/mingxuan/OR/itc/itc-2019/src/solution/muni-fsps-spr17/random_hc_20261001_024327/completed/seed_1790793808606/final.xml
1790793808607	/Users/mingxuan/OR/itc/itc-2019/src/solution/muni-fsps-spr17/random_hc_20261001_024327/completed/seed_1790793808607/final.xml
1790793808608	/Users/mingxuan/OR/itc/itc-2019/src/solution/muni-fsps-spr17/random_hc_20261001_024327/completed/seed_1790793808608/final.xml
1790793808609	/Users/mingxuan/OR/itc/itc-2019/src/solution/muni-fsps-spr17/random_hc_20261001_024327/completed/seed_1790793808609/final.xml
1790793808610	/Users/mingxuan/OR/itc/itc-2019/src/solution/muni-fsps-spr17/random_hc_20261001_024327/completed/seed_1790793808610/final.xml
1790793808611	/Users/mingxuan/OR/itc/itc-2019/src/solution/muni-fsps-spr17/random_hc_20261001_024327/completed/seed_1790793808611/final.xml
1790793808612	/Users/mingxuan/OR/itc/itc-2019/src/solution/muni-fsps-spr17/random_hc_20261001_024327/completed/seed_1790793808612/final.xml
1790793808613	/Users/mingxuan/OR/itc/itc-2019/src/solution/muni-fsps-spr17/random_hc_20261001_024327/completed/seed_1790793808613/final.xml
1790793808614	/Users/mingxuan/OR/itc/itc-2019/src/solution/muni-fsps-spr17/random_hc_20261001_024327/completed/seed_1790793808614/final.xml
1790793808615	/Users/mingxuan/OR/itc/itc-2019/src/solution/muni-fsps-spr17/random_hc_20261001_024327/completed/seed_1790793808615/final.xml
1790793808616	/Users/mingxuan/OR/itc/itc-2019/src/solution/muni-fsps-spr17/random_hc_20261001_024327/completed/seed_1790793808616/final.xml
1790793808618	/Users/mingxuan/OR/itc/itc-2019/src/solution/muni-fsps-spr17/random_hc_20261001_024327/completed/seed_1790793808618/final.xml
1790793808620	/Users/mingxuan/OR/itc/itc-2019/src/solution/muni-fsps-spr17/random_hc_20261001_024327/completed/seed_1790793808620/final.xml
1790793808621	/Users/mingxuan/OR/itc/itc-2019/src/solution/muni-fsps-spr17/random_hc_20261001_024327/completed/seed_1790793808621/final.xml
1790793808623	/Users/mingxuan/OR/itc/itc-2019/src/solution/muni-fsps-spr17/random_hc_20261001_024327/completed/seed_1790793808623/final.xml
1790793808625	/Users/mingxuan/OR/itc/itc-2019/src/solution/muni-fsps-spr17/random_hc_20261001_024327/completed/seed_1790793808625/final.xml
1790793808626	/Users/mingxuan/OR/itc/itc-2019/src/solution/muni-fsps-spr17/random_hc_20261001_024327/completed/seed_1790793808626/final.xml
1790793808627	/Users/mingxuan/OR/itc/itc-2019/src/solution/muni-fsps-spr17/random_hc_20261001_024327/completed/seed_1790793808627/final.xml
1790793808628	/Users/mingxuan/OR/itc/itc-2019/src/solution/muni-fsps-spr17/random_hc_20261001_024327/completed/seed_1790793808628/final.xml
1790793808629	/Users/mingxuan/OR/itc/itc-2019/src/solution/muni-fsps-spr17/random_hc_20261001_024327/completed/seed_1790793808629/final.xml
1790793808630	/Users/mingxuan/OR/itc/itc-2019/src/solution/muni-fsps-spr17/random_hc_20261001_024327/completed/seed_1790793808630/final.xml
1790793808632	/Users/mingxuan/OR/itc/itc-2019/src/solution/muni-fsps-spr17/random_hc_20261001_024327/completed/seed_1790793808632/final.xml
1790793808633	/Users/mingxuan/OR/itc/itc-2019/src/solution/muni-fsps-spr17/random_hc_20261001_024327/completed/seed_1790793808633/final.xml
1790793808634	/Users/mingxuan/OR/itc/itc-2019/src/solution/muni-fsps-spr17/random_hc_20261001_024327/completed/seed_1790793808634/final.xml
1790793808635	/Users/mingxuan/OR/itc/itc-2019/src/solution/muni-fsps-spr17/random_hc_20261001_024327/completed/seed_1790793808635/final.xml
1790793808637	/Users/mingxuan/OR/itc/itc-2019/src/solution/muni-fsps-spr17/random_hc_20261001_024327/completed/seed_1790793808637/final.xml
1790793808638	/Users/mingxuan/OR/itc/itc-2019/src/solution/muni-fsps-spr17/random_hc_20261001_024327/completed/seed_1790793808638/final.xml
1790793808639	/Users/mingxuan/OR/itc/itc-2019/src/solution/muni-fsps-spr17/random_hc_20261001_024327/completed/seed_1790793808639/final.xml
1790793808640	/Users/mingxuan/OR/itc/itc-2019/src/solution/muni-fsps-spr17/random_hc_20261001_024327/completed/seed_1790793808640/final.xml
1790793808641	/Users/mingxuan/OR/itc/itc-2019/src/solution/muni-fsps-spr17/random_hc_20261001_024327/completed/seed_1790793808641/final.xml
1790793808642	/Users/mingxuan/OR/itc/itc-2019/src/solution/muni-fsps-spr17/random_hc_20261001_024327/completed/seed_1790793808642/final.xml
1790793808644	/Users/mingxuan/OR/itc/itc-2019/src/solution/muni-fsps-spr17/random_hc_20261001_024327/completed/seed_1790793808644/final.xml
1790793808645	/Users/mingxuan/OR/itc/itc-2019/src/solution/muni-fsps-spr17/random_hc_20261001_024327/completed/seed_1790793808645/final.xml
1790793808647	/Users/mingxuan/OR/itc/itc-2019/src/solution/muni-fsps-spr17/random_hc_20261001_024327/completed/seed_1790793808647/final.xml
1790793808648	/Users/mingxuan/OR/itc/itc-2019/src/solution/muni-fsps-spr17/random_hc_20261001_024327/completed/seed_1790793808648/final.xml
1790793808649	/Users/mingxuan/OR/itc/itc-2019/src/solution/muni-fsps-spr17/random_hc_20261001_024327/completed/seed_1790793808649/final.xml
1790793808650	/Users/mingxuan/OR/itc/itc-2019/src/solution/muni-fsps-spr17/random_hc_20261001_024327/completed/seed_1790793808650/final.xml
1790793808651	/Users/mingxuan/OR/itc/itc-2019/src/solution/muni-fsps-spr17/random_hc_20261001_024327/completed/seed_1790793808651/final.xml
1790793808652	/Users/mingxuan/OR/itc/itc-2019/src/solution/muni-fsps-spr17/random_hc_20261001_024327/completed/seed_1790793808652/final.xml
1790793808653	/Users/mingxuan/OR/itc/itc-2019/src/solution/muni-fsps-spr17/random_hc_20261001_024327/completed/seed_1790793808653/final.xml
1790793808654	/Users/mingxuan/OR/itc/itc-2019/src/solution/muni-fsps-spr17/random_hc_20261001_024327/completed/seed_1790793808654/final.xml
1790793808659	/Users/mingxuan/OR/itc/itc-2019/src/solution/muni-fsps-spr17/random_hc_20261001_024327/completed/seed_1790793808659/final.xml
1790793808660	/Users/mingxuan/OR/itc/itc-2019/src/solution/muni-fsps-spr17/random_hc_20261001_024327/completed/seed_1790793808660/final.xml
1790793808661	/Users/mingxuan/OR/itc/itc-2019/src/solution/muni-fsps-spr17/random_hc_20261001_024327/completed/seed_1790793808661/final.xml
1790793808662	/Users/mingxuan/OR/itc/itc-2019/src/solution/muni-fsps-spr17/random_hc_20261001_024327/completed/seed_1790793808662/final.xml
1790793808663	/Users/mingxuan/OR/itc/itc-2019/src/solution/muni-fsps-spr17/random_hc_20261001_024327/completed/seed_1790793808663/final.xml
1790793808664	/Users/mingxuan/OR/itc/itc-2019/src/solution/muni-fsps-spr17/random_hc_20261001_024327/completed/seed_1790793808664/final.xml
1790793808665	/Users/mingxuan/OR/itc/itc-2019/src/solution/muni-fsps-spr17/random_hc_20261001_024327/completed/seed_1790793808665/final.xml
1790793808666	/Users/mingxuan/OR/itc/itc-2019/src/solution/muni-fsps-spr17/random_hc_20261001_024327/completed/seed_1790793808666/final.xml
1790793808667	/Users/mingxuan/OR/itc/itc-2019/src/solution/muni-fsps-spr17/random_hc_20261001_024327/completed/seed_1790793808667/final.xml
1790793808668	/Users/mingxuan/OR/itc/itc-2019/src/solution/muni-fsps-spr17/random_hc_20261001_024327/completed/seed_1790793808668/final.xml
1790793808669	/Users/mingxuan/OR/itc/itc-2019/src/solution/muni-fsps-spr17/random_hc_20261001_024327/completed/seed_1790793808669/final.xml
1790793808670	/Users/mingxuan/OR/itc/itc-2019/src/solution/muni-fsps-spr17/random_hc_20261001_024327/completed/seed_1790793808670/final.xml
1790793808671	/Users/mingxuan/OR/itc/itc-2019/src/solution/muni-fsps-spr17/random_hc_20261001_024327/completed/seed_1790793808671/final.xml
1790793808672	/Users/mingxuan/OR/itc/itc-2019/src/solution/muni-fsps-spr17/random_hc_20261001_024327/completed/seed_1790793808672/final.xml
1790793808675	/Users/mingxuan/OR/itc/itc-2019/src/solution/muni-fsps-spr17/random_hc_20261001_024327/completed/seed_1790793808675/final.xml
1790793808676	/Users/mingxuan/OR/itc/itc-2019/src/solution/muni-fsps-spr17/random_hc_20261001_024327/completed/seed_1790793808676/final.xml
1790793808677	/Users/mingxuan/OR/itc/itc-2019/src/solution/muni-fsps-spr17/random_hc_20261001_024327/completed/seed_1790793808677/final.xml
1790793808678	/Users/mingxuan/OR/itc/itc-2019/src/solution/muni-fsps-spr17/random_hc_20261001_024327/completed/seed_1790793808678/final.xml
1790793808680	/Users/mingxuan/OR/itc/itc-2019/src/solution/muni-fsps-spr17/random_hc_20261001_024327/completed/seed_1790793808680/final.xml
1790793808681	/Users/mingxuan/OR/itc/itc-2019/src/solution/muni-fsps-spr17/random_hc_20261001_024327/completed/seed_1790793808681/final.xml
1790793808682	/Users/mingxuan/OR/itc/itc-2019/src/solution/muni-fsps-spr17/random_hc_20261001_024327/completed/seed_1790793808682/final.xml
1790793808683	/Users/mingxuan/OR/itc/itc-2019/src/solution/muni-fsps-spr17/random_hc_20261001_024327/completed/seed_1790793808683/final.xml
1790793808684	/Users/mingxuan/OR/itc/itc-2019/src/solution/muni-fsps-spr17/random_hc_20261001_024327/completed/seed_1790793808684/final.xml
1790793808685	/Users/mingxuan/OR/itc/itc-2019/src/solution/muni-fsps-spr17/random_hc_20261001_024327/completed/seed_1790793808685/final.xml
1790793808686	/Users/mingxuan/OR/itc/itc-2019/src/solution/muni-fsps-spr17/random_hc_20261001_024327/completed/seed_1790793808686/final.xml
1790793808687	/Users/mingxuan/OR/itc/itc-2019/src/solution/muni-fsps-spr17/random_hc_20261001_024327/completed/seed_1790793808687/final.xml
1790793808688	/Users/mingxuan/OR/itc/itc-2019/src/solution/muni-fsps-spr17/random_hc_20261001_024327/completed/seed_1790793808688/final.xml
1790793808689	/Users/mingxuan/OR/itc/itc-2019/src/solution/muni-fsps-spr17/random_hc_20261001_024327/completed/seed_1790793808689/final.xml
1790793808690	/Users/mingxuan/OR/itc/itc-2019/src/solution/muni-fsps-spr17/random_hc_20261001_024327/completed/seed_1790793808690/final.xml
1790793808691	/Users/mingxuan/OR/itc/itc-2019/src/solution/muni-fsps-spr17/random_hc_20261001_024327/completed/seed_1790793808691/final.xml
1790793808692	/Users/mingxuan/OR/itc/itc-2019/src/solution/muni-fsps-spr17/random_hc_20261001_024327/completed/seed_1790793808692/final.xml
1790793808694	/Users/mingxuan/OR/itc/itc-2019/src/solution/muni-fsps-spr17/random_hc_20261001_024327/completed/seed_1790793808694/final.xml
1790793808696	/Users/mingxuan/OR/itc/itc-2019/src/solution/muni-fsps-spr17/random_hc_20261001_024327/completed/seed_1790793808696/final.xml
1790793808698	/Users/mingxuan/OR/itc/itc-2019/src/solution/muni-fsps-spr17/random_hc_20261001_024327/completed/seed_1790793808698/final.xml
1790793808699	/Users/mingxuan/OR/itc/itc-2019/src/solution/muni-fsps-spr17/random_hc_20261001_024327/completed/seed_1790793808699/final.xml
1790793808701	/Users/mingxuan/OR/itc/itc-2019/src/solution/muni-fsps-spr17/random_hc_20261001_024327/completed/seed_1790793808701/final.xml
1790793808703	/Users/mingxuan/OR/itc/itc-2019/src/solution/muni-fsps-spr17/random_hc_20261001_024327/completed/seed_1790793808703/final.xml
1790793808707	/Users/mingxuan/OR/itc/itc-2019/src/solution/muni-fsps-spr17/random_hc_20261001_024327/completed/seed_1790793808707/final.xml
1790793808709	/Users/mingxuan/OR/itc/itc-2019/src/solution/muni-fsps-spr17/random_hc_20261001_024327/completed/seed_1790793808709/final.xml
1790793808712	/Users/mingxuan/OR/itc/itc-2019/src/solution/muni-fsps-spr17/random_hc_20261001_024327/completed/seed_1790793808712/final.xml
1790793808713	/Users/mingxuan/OR/itc/itc-2019/src/solution/muni-fsps-spr17/random_hc_20261001_024327/completed/seed_1790793808713/final.xml
1790793808714	/Users/mingxuan/OR/itc/itc-2019/src/solution/muni-fsps-spr17/random_hc_20261001_024327/completed/seed_1790793808714/final.xml
1790793808715	/Users/mingxuan/OR/itc/itc-2019/src/solution/muni-fsps-spr17/random_hc_20261001_024327/completed/seed_1790793808715/final.xml
1790793808717	/Users/mingxuan/OR/itc/itc-2019/src/solution/muni-fsps-spr17/random_hc_20261001_024327/completed/seed_1790793808717/final.xml
1790793808718	/Users/mingxuan/OR/itc/itc-2019/src/solution/muni-fsps-spr17/random_hc_20261001_024327/completed/seed_1790793808718/final.xml
1790793808719	/Users/mingxuan/OR/itc/itc-2019/src/solution/muni-fsps-spr17/random_hc_20261001_024327/completed/seed_1790793808719/final.xml
1790793808721	/Users/mingxuan/OR/itc/itc-2019/src/solution/muni-fsps-spr17/random_hc_20261001_024327/completed/seed_1790793808721/final.xml
1790793808722	/Users/mingxuan/OR/itc/itc-2019/src/solution/muni-fsps-spr17/random_hc_20261001_024327/completed/seed_1790793808722/final.xml
1790793808723	/Users/mingxuan/OR/itc/itc-2019/src/solution/muni-fsps-spr17/random_hc_20261001_024327/completed/seed_1790793808723/final.xml
1790793808724	/Users/mingxuan/OR/itc/itc-2019/src/solution/muni-fsps-spr17/random_hc_20261001_024327/completed/seed_1790793808724/final.xml
1790793808725	/Users/mingxuan/OR/itc/itc-2019/src/solution/muni-fsps-spr17/random_hc_20261001_024327/completed/seed_1790793808725/final.xml
1790793808726	/Users/mingxuan/OR/itc/itc-2019/src/solution/muni-fsps-spr17/random_hc_20261001_024327/completed/seed_1790793808726/final.xml
1790793808727	/Users/mingxuan/OR/itc/itc-2019/src/solution/muni-fsps-spr17/random_hc_20261001_024327/completed/seed_1790793808727/final.xml
1790793808728	/Users/mingxuan/OR/itc/itc-2019/src/solution/muni-fsps-spr17/random_hc_20261001_024327/completed/seed_1790793808728/final.xml
1790793808730	/Users/mingxuan/OR/itc/itc-2019/src/solution/muni-fsps-spr17/random_hc_20261001_024327/completed/seed_1790793808730/final.xml
1790793808731	/Users/mingxuan/OR/itc/itc-2019/src/solution/muni-fsps-spr17/random_hc_20261001_024327/completed/seed_1790793808731/final.xml
1790793808732	/Users/mingxuan/OR/itc/itc-2019/src/solution/muni-fsps-spr17/random_hc_20261001_024327/completed/seed_1790793808732/final.xml
1790793808733	/Users/mingxuan/OR/itc/itc-2019/src/solution/muni-fsps-spr17/random_hc_20261001_024327/completed/seed_1790793808733/final.xml
1790793808735	/Users/mingxuan/OR/itc/itc-2019/src/solution/muni-fsps-spr17/random_hc_20261001_024327/completed/seed_1790793808735/final.xml
1790793808736	/Users/mingxuan/OR/itc/itc-2019/src/solution/muni-fsps-spr17/random_hc_20261001_024327/completed/seed_1790793808736/final.xml
1790793808737	/Users/mingxuan/OR/itc/itc-2019/src/solution/muni-fsps-spr17/random_hc_20261001_024327/completed/seed_1790793808737/final.xml
1790793808739	/Users/mingxuan/OR/itc/itc-2019/src/solution/muni-fsps-spr17/random_hc_20261001_024327/completed/seed_1790793808739/final.xml
1790793808740	/Users/mingxuan/OR/itc/itc-2019/src/solution/muni-fsps-spr17/random_hc_20261001_024327/completed/seed_1790793808740/final.xml
1790793808742	/Users/mingxuan/OR/itc/itc-2019/src/solution/muni-fsps-spr17/random_hc_20261001_024327/completed/seed_1790793808742/final.xml
1790793808743	/Users/mingxuan/OR/itc/itc-2019/src/solution/muni-fsps-spr17/random_hc_20261001_024327/completed/seed_1790793808743/final.xml
1790793808744	/Users/mingxuan/OR/itc/itc-2019/src/solution/muni-fsps-spr17/random_hc_20261001_024327/completed/seed_1790793808744/final.xml
1790793808745	/Users/mingxuan/OR/itc/itc-2019/src/solution/muni-fsps-spr17/random_hc_20261001_024327/completed/seed_1790793808745/final.xml
1790793808746	/Users/mingxuan/OR/itc/itc-2019/src/solution/muni-fsps-spr17/random_hc_20261001_024327/completed/seed_1790793808746/final.xml
1790793808747	/Users/mingxuan/OR/itc/itc-2019/src/solution/muni-fsps-spr17/random_hc_20261001_024327/completed/seed_1790793808747/final.xml
1790793808748	/Users/mingxuan/OR/itc/itc-2019/src/solution/muni-fsps-spr17/random_hc_20261001_024327/completed/seed_1790793808748/final.xml
1790793808751	/Users/mingxuan/OR/itc/itc-2019/src/solution/muni-fsps-spr17/random_hc_20261001_024327/completed/seed_1790793808751/final.xml
1790793808752	/Users/mingxuan/OR/itc/itc-2019/src/solution/muni-fsps-spr17/random_hc_20261001_024327/completed/seed_1790793808752/final.xml
1790793808754	/Users/mingxuan/OR/itc/itc-2019/src/solution/muni-fsps-spr17/random_hc_20261001_024327/completed/seed_1790793808754/final.xml
1790793808755	/Users/mingxuan/OR/itc/itc-2019/src/solution/muni-fsps-spr17/random_hc_20261001_024327/completed/seed_1790793808755/final.xml
1790793808756	/Users/mingxuan/OR/itc/itc-2019/src/solution/muni-fsps-spr17/random_hc_20261001_024327/completed/seed_1790793808756/final.xml
1790793808757	/Users/mingxuan/OR/itc/itc-2019/src/solution/muni-fsps-spr17/random_hc_20261001_024327/completed/seed_1790793808757/final.xml
1790793808759	/Users/mingxuan/OR/itc/itc-2019/src/solution/muni-fsps-spr17/random_hc_20261001_024327/completed/seed_1790793808759/final.xml
1790793808762	/Users/mingxuan/OR/itc/itc-2019/src/solution/muni-fsps-spr17/random_hc_20261001_024327/completed/seed_1790793808762/final.xml
1790793808764	/Users/mingxuan/OR/itc/itc-2019/src/solution/muni-fsps-spr17/random_hc_20261001_024327/completed/seed_1790793808764/final.xml
1790793808765	/Users/mingxuan/OR/itc/itc-2019/src/solution/muni-fsps-spr17/random_hc_20261001_024327/completed/seed_1790793808765/final.xml
1790793808768	/Users/mingxuan/OR/itc/itc-2019/src/solution/muni-fsps-spr17/random_hc_20261001_024327/completed/seed_1790793808768/final.xml
1790793808769	/Users/mingxuan/OR/itc/itc-2019/src/solution/muni-fsps-spr17/random_hc_20261001_024327/completed/seed_1790793808769/final.xml
1790793808770	/Users/mingxuan/OR/itc/itc-2019/src/solution/muni-fsps-spr17/random_hc_20261001_024327/completed/seed_1790793808770/final.xml
1790793808771	/Users/mingxuan/OR/itc/itc-2019/src/solution/muni-fsps-spr17/random_hc_20261001_024327/completed/seed_1790793808771/final.xml
1790793808772	/Users/mingxuan/OR/itc/itc-2019/src/solution/muni-fsps-spr17/random_hc_20261001_024327/completed/seed_1790793808772/final.xml
1790793808773	/Users/mingxuan/OR/itc/itc-2019/src/solution/muni-fsps-spr17/random_hc_20261001_024327/completed/seed_1790793808773/final.xml
1790793808774	/Users/mingxuan/OR/itc/itc-2019/src/solution/muni-fsps-spr17/random_hc_20261001_024327/completed/seed_1790793808774/final.xml
1790793808775	/Users/mingxuan/OR/itc/itc-2019/src/solution/muni-fsps-spr17/random_hc_20261001_024327/completed/seed_1790793808775/final.xml
1790793808776	/Users/mingxuan/OR/itc/itc-2019/src/solution/muni-fsps-spr17/random_hc_20261001_024327/completed/seed_1790793808776/final.xml
1790793808777	/Users/mingxuan/OR/itc/itc-2019/src/solution/muni-fsps-spr17/random_hc_20261001_024327/completed/seed_1790793808777/final.xml
1790793808779	/Users/mingxuan/OR/itc/itc-2019/src/solution/muni-fsps-spr17/random_hc_20261001_024327/completed/seed_1790793808779/final.xml
1790793808780	/Users/mingxuan/OR/itc/itc-2019/src/solution/muni-fsps-spr17/random_hc_20261001_024327/completed/seed_1790793808780/final.xml
1790793808781	/Users/mingxuan/OR/itc/itc-2019/src/solution/muni-fsps-spr17/random_hc_20261001_024327/completed/seed_1790793808781/final.xml
1790793808783	/Users/mingxuan/OR/itc/itc-2019/src/solution/muni-fsps-spr17/random_hc_20261001_024327/completed/seed_1790793808783/final.xml
1790793808785	/Users/mingxuan/OR/itc/itc-2019/src/solution/muni-fsps-spr17/random_hc_20261001_024327/completed/seed_1790793808785/final.xml
1790793808786	/Users/mingxuan/OR/itc/itc-2019/src/solution/muni-fsps-spr17/random_hc_20261001_024327/completed/seed_1790793808786/final.xml
1790793808787	/Users/mingxuan/OR/itc/itc-2019/src/solution/muni-fsps-spr17/random_hc_20261001_024327/completed/seed_1790793808787/final.xml
1790793808788	/Users/mingxuan/OR/itc/itc-2019/src/solution/muni-fsps-spr17/random_hc_20261001_024327/completed/seed_1790793808788/final.xml
1790793808789	/Users/mingxuan/OR/itc/itc-2019/src/solution/muni-fsps-spr17/random_hc_20261001_024327/completed/seed_1790793808789/final.xml
1790793808790	/Users/mingxuan/OR/itc/itc-2019/src/solution/muni-fsps-spr17/random_hc_20261001_024327/completed/seed_1790793808790/final.xml
1790793808791	/Users/mingxuan/OR/itc/itc-2019/src/solution/muni-fsps-spr17/random_hc_20261001_024327/completed/seed_1790793808791/final.xml
1790793808792	/Users/mingxuan/OR/itc/itc-2019/src/solution/muni-fsps-spr17/random_hc_20261001_024327/completed/seed_1790793808792/final.xml
1790793808793	/Users/mingxuan/OR/itc/itc-2019/src/solution/muni-fsps-spr17/random_hc_20261001_024327/completed/seed_1790793808793/final.xml
1790793808794	/Users/mingxuan/OR/itc/itc-2019/src/solution/muni-fsps-spr17/random_hc_20261001_024327/completed/seed_1790793808794/final.xml
1790793808795	/Users/mingxuan/OR/itc/itc-2019/src/solution/muni-fsps-spr17/random_hc_20261001_024327/completed/seed_1790793808795/final.xml
1790793808796	/Users/mingxuan/OR/itc/itc-2019/src/solution/muni-fsps-spr17/random_hc_20261001_024327/completed/seed_1790793808796/final.xml
1790793808797	/Users/mingxuan/OR/itc/itc-2019/src/solution/muni-fsps-spr17/random_hc_20261001_024327/completed/seed_1790793808797/final.xml
1790793808800	/Users/mingxuan/OR/itc/itc-2019/src/solution/muni-fsps-spr17/random_hc_20261001_024327/completed/seed_1790793808800/final.xml
1790793808801	/Users/mingxuan/OR/itc/itc-2019/src/solution/muni-fsps-spr17/random_hc_20261001_024327/completed/seed_1790793808801/final.xml
1790793808803	/Users/mingxuan/OR/itc/itc-2019/src/solution/muni-fsps-spr17/random_hc_20261001_024327/completed/seed_1790793808803/final.xml
1790793808804	/Users/mingxuan/OR/itc/itc-2019/src/solution/muni-fsps-spr17/random_hc_20261001_024327/completed/seed_1790793808804/final.xml
1790793808805	/Users/mingxuan/OR/itc/itc-2019/src/solution/muni-fsps-spr17/random_hc_20261001_024327/completed/seed_1790793808805/final.xml
1790793808806	/Users/mingxuan/OR/itc/itc-2019/src/solution/muni-fsps-spr17/random_hc_20261001_024327/completed/seed_1790793808806/final.xml
1790793808807	/Users/mingxuan/OR/itc/itc-2019/src/solution/muni-fsps-spr17/random_hc_20261001_024327/completed/seed_1790793808807/final.xml
1790793808810	/Users/mingxuan/OR/itc/itc-2019/src/solution/muni-fsps-spr17/random_hc_20261001_024327/completed/seed_1790793808810/final.xml
1790793808811	/Users/mingxuan/OR/itc/itc-2019/src/solution/muni-fsps-spr17/random_hc_20261001_024327/completed/seed_1790793808811/final.xml
1790793808812	/Users/mingxuan/OR/itc/itc-2019/src/solution/muni-fsps-spr17/random_hc_20261001_024327/completed/seed_1790793808812/final.xml
1790793808813	/Users/mingxuan/OR/itc/itc-2019/src/solution/muni-fsps-spr17/random_hc_20261001_024327/completed/seed_1790793808813/final.xml
1790793808814	/Users/mingxuan/OR/itc/itc-2019/src/solution/muni-fsps-spr17/random_hc_20261001_024327/completed/seed_1790793808814/final.xml
1790793808815	/Users/mingxuan/OR/itc/itc-2019/src/solution/muni-fsps-spr17/random_hc_20261001_024327/completed/seed_1790793808815/final.xml
1790793808816	/Users/mingxuan/OR/itc/itc-2019/src/solution/muni-fsps-spr17/random_hc_20261001_024327/completed/seed_1790793808816/final.xml
1790793808818	/Users/mingxuan/OR/itc/itc-2019/src/solution/muni-fsps-spr17/random_hc_20261001_024327/completed/seed_1790793808818/final.xml
1790793808820	/Users/mingxuan/OR/itc/itc-2019/src/solution/muni-fsps-spr17/random_hc_20261001_024327/completed/seed_1790793808820/final.xml
1790793808821	/Users/mingxuan/OR/itc/itc-2019/src/solution/muni-fsps-spr17/random_hc_20261001_024327/completed/seed_1790793808821/final.xml
1790793808822	/Users/mingxuan/OR/itc/itc-2019/src/solution/muni-fsps-spr17/random_hc_20261001_024327/completed/seed_1790793808822/final.xml
1790793808823	/Users/mingxuan/OR/itc/itc-2019/src/solution/muni-fsps-spr17/random_hc_20261001_024327/completed/seed_1790793808823/final.xml
1790793808824	/Users/mingxuan/OR/itc/itc-2019/src/solution/muni-fsps-spr17/random_hc_20261001_024327/completed/seed_1790793808824/final.xml
1790793808825	/Users/mingxuan/OR/itc/itc-2019/src/solution/muni-fsps-spr17/random_hc_20261001_024327/completed/seed_1790793808825/final.xml
1790793808826	/Users/mingxuan/OR/itc/itc-2019/src/solution/muni-fsps-spr17/random_hc_20261001_024327/completed/seed_1790793808826/final.xml
1790793808827	/Users/mingxuan/OR/itc/itc-2019/src/solution/muni-fsps-spr17/random_hc_20261001_024327/completed/seed_1790793808827/final.xml
1790793808828	/Users/mingxuan/OR/itc/itc-2019/src/solution/muni-fsps-spr17/random_hc_20261001_024327/completed/seed_1790793808828/final.xml
1790793808829	/Users/mingxuan/OR/itc/itc-2019/src/solution/muni-fsps-spr17/random_hc_20261001_024327/completed/seed_1790793808829/final.xml
1790793808830	/Users/mingxuan/OR/itc/itc-2019/src/solution/muni-fsps-spr17/random_hc_20261001_024327/completed/seed_1790793808830/final.xml
1790793808831	/Users/mingxuan/OR/itc/itc-2019/src/solution/muni-fsps-spr17/random_hc_20261001_024327/completed/seed_1790793808831/final.xml
1790793808832	/Users/mingxuan/OR/itc/itc-2019/src/solution/muni-fsps-spr17/random_hc_20261001_024327/completed/seed_1790793808832/final.xml
1790793808833	/Users/mingxuan/OR/itc/itc-2019/src/solution/muni-fsps-spr17/random_hc_20261001_024327/completed/seed_1790793808833/final.xml
1790793808834	/Users/mingxuan/OR/itc/itc-2019/src/solution/muni-fsps-spr17/random_hc_20261001_024327/completed/seed_1790793808834/final.xml
1790793808836	/Users/mingxuan/OR/itc/itc-2019/src/solution/muni-fsps-spr17/random_hc_20261001_024327/completed/seed_1790793808836/final.xml
1790793808838	/Users/mingxuan/OR/itc/itc-2019/src/solution/muni-fsps-spr17/random_hc_20261001_024327/completed/seed_1790793808838/final.xml
1790793808840	/Users/mingxuan/OR/itc/itc-2019/src/solution/muni-fsps-spr17/random_hc_20261001_024327/completed/seed_1790793808840/final.xml
1790793808841	/Users/mingxuan/OR/itc/itc-2019/src/solution/muni-fsps-spr17/random_hc_20261001_024327/completed/seed_1790793808841/final.xml
1790793808842	/Users/mingxuan/OR/itc/itc-2019/src/solution/muni-fsps-spr17/random_hc_20261001_024327/completed/seed_1790793808842/final.xml
1790793808843	/Users/mingxuan/OR/itc/itc-2019/src/solution/muni-fsps-spr17/random_hc_20261001_024327/completed/seed_1790793808843/final.xml
1790793808844	/Users/mingxuan/OR/itc/itc-2019/src/solution/muni-fsps-spr17/random_hc_20261001_024327/completed/seed_1790793808844/final.xml
1790793808845	/Users/mingxuan/OR/itc/itc-2019/src/solution/muni-fsps-spr17/random_hc_20261001_024327/completed/seed_1790793808845/final.xml
1790793808846	/Users/mingxuan/OR/itc/itc-2019/src/solution/muni-fsps-spr17/random_hc_20261001_024327/completed/seed_1790793808846/final.xml
1790793808847	/Users/mingxuan/OR/itc/itc-2019/src/solution/muni-fsps-spr17/random_hc_20261001_024327/completed/seed_1790793808847/final.xml
1790793808848	/Users/mingxuan/OR/itc/itc-2019/src/solution/muni-fsps-spr17/random_hc_20261001_024327/completed/seed_1790793808848/final.xml
1790793808849	/Users/mingxuan/OR/itc/itc-2019/src/solution/muni-fsps-spr17/random_hc_20261001_024327/completed/seed_1790793808849/final.xml
1790793808850	/Users/mingxuan/OR/itc/itc-2019/src/solution/muni-fsps-spr17/random_hc_20261001_024327/completed/seed_1790793808850/final.xml
1790793808851	/Users/mingxuan/OR/itc/itc-2019/src/solution/muni-fsps-spr17/random_hc_20261001_024327/completed/seed_1790793808851/final.xml
1790793808852	/Users/mingxuan/OR/itc/itc-2019/src/solution/muni-fsps-spr17/random_hc_20261001_024327/completed/seed_1790793808852/final.xml
1790793808853	/Users/mingxuan/OR/itc/itc-2019/src/solution/muni-fsps-spr17/random_hc_20261001_024327/completed/seed_1790793808853/final.xml
1790793808855	/Users/mingxuan/OR/itc/itc-2019/src/solution/muni-fsps-spr17/random_hc_20261001_024327/completed/seed_1790793808855/final.xml
1790793808857	/Users/mingxuan/OR/itc/itc-2019/src/solution/muni-fsps-spr17/random_hc_20261001_024327/completed/seed_1790793808857/final.xml
1790793808858	/Users/mingxuan/OR/itc/itc-2019/src/solution/muni-fsps-spr17/random_hc_20261001_024327/completed/seed_1790793808858/final.xml
1790793808859	/Users/mingxuan/OR/itc/itc-2019/src/solution/muni-fsps-spr17/random_hc_20261001_024327/completed/seed_1790793808859/final.xml
1790793808865	/Users/mingxuan/OR/itc/itc-2019/src/solution/muni-fsps-spr17/random_hc_20261001_024327/completed/seed_1790793808865/final.xml
1790793808866	/Users/mingxuan/OR/itc/itc-2019/src/solution/muni-fsps-spr17/random_hc_20261001_024327/completed/seed_1790793808866/final.xml
1790793808867	/Users/mingxuan/OR/itc/itc-2019/src/solution/muni-fsps-spr17/random_hc_20261001_024327/completed/seed_1790793808867/final.xml
1790793808868	/Users/mingxuan/OR/itc/itc-2019/src/solution/muni-fsps-spr17/random_hc_20261001_024327/completed/seed_1790793808868/final.xml
1790793808870	/Users/mingxuan/OR/itc/itc-2019/src/solution/muni-fsps-spr17/random_hc_20261001_024327/completed/seed_1790793808870/final.xml
1790793808872	/Users/mingxuan/OR/itc/itc-2019/src/solution/muni-fsps-spr17/random_hc_20261001_024327/completed/seed_1790793808872/final.xml
1790793808873	/Users/mingxuan/OR/itc/itc-2019/src/solution/muni-fsps-spr17/random_hc_20261001_024327/completed/seed_1790793808873/final.xml
1790793808874	/Users/mingxuan/OR/itc/itc-2019/src/solution/muni-fsps-spr17/random_hc_20261001_024327/completed/seed_1790793808874/final.xml
1790793808875	/Users/mingxuan/OR/itc/itc-2019/src/solution/muni-fsps-spr17/random_hc_20261001_024327/completed/seed_1790793808875/final.xml
1790793808876	/Users/mingxuan/OR/itc/itc-2019/src/solution/muni-fsps-spr17/random_hc_20261001_024327/completed/seed_1790793808876/final.xml
1790793808877	/Users/mingxuan/OR/itc/itc-2019/src/solution/muni-fsps-spr17/random_hc_20261001_024327/completed/seed_1790793808877/final.xml
1790793808878	/Users/mingxuan/OR/itc/itc-2019/src/solution/muni-fsps-spr17/random_hc_20261001_024327/completed/seed_1790793808878/final.xml
1790793808879	/Users/mingxuan/OR/itc/itc-2019/src/solution/muni-fsps-spr17/random_hc_20261001_024327/completed/seed_1790793808879/final.xml
1790793808880	/Users/mingxuan/OR/itc/itc-2019/src/solution/muni-fsps-spr17/random_hc_20261001_024327/completed/seed_1790793808880/final.xml
1790793808881	/Users/mingxuan/OR/itc/itc-2019/src/solution/muni-fsps-spr17/random_hc_20261001_024327/completed/seed_1790793808881/final.xml
1790793808883	/Users/mingxuan/OR/itc/itc-2019/src/solution/muni-fsps-spr17/random_hc_20261001_024327/completed/seed_1790793808883/final.xml
1790793808884	/Users/mingxuan/OR/itc/itc-2019/src/solution/muni-fsps-spr17/random_hc_20261001_024327/completed/seed_1790793808884/final.xml
1790793808885	/Users/mingxuan/OR/itc/itc-2019/src/solution/muni-fsps-spr17/random_hc_20261001_024327/completed/seed_1790793808885/final.xml
1790793808887	/Users/mingxuan/OR/itc/itc-2019/src/solution/muni-fsps-spr17/random_hc_20261001_024327/completed/seed_1790793808887/final.xml
1790793808888	/Users/mingxuan/OR/itc/itc-2019/src/solution/muni-fsps-spr17/random_hc_20261001_024327/completed/seed_1790793808888/final.xml
1790793808889	/Users/mingxuan/OR/itc/itc-2019/src/solution/muni-fsps-spr17/random_hc_20261001_024327/completed/seed_1790793808889/final.xml
1790793808890	/Users/mingxuan/OR/itc/itc-2019/src/solution/muni-fsps-spr17/random_hc_20261001_024327/completed/seed_1790793808890/final.xml
1790793808891	/Users/mingxuan/OR/itc/itc-2019/src/solution/muni-fsps-spr17/random_hc_20261001_024327/completed/seed_1790793808891/final.xml
1790793808892	/Users/mingxuan/OR/itc/itc-2019/src/solution/muni-fsps-spr17/random_hc_20261001_024327/completed/seed_1790793808892/final.xml
1790793808893	/Users/mingxuan/OR/itc/itc-2019/src/solution/muni-fsps-spr17/random_hc_20261001_024327/completed/seed_1790793808893/final.xml
1790793808894	/Users/mingxuan/OR/itc/itc-2019/src/solution/muni-fsps-spr17/random_hc_20261001_024327/completed/seed_1790793808894/final.xml
1790793808895	/Users/mingxuan/OR/itc/itc-2019/src/solution/muni-fsps-spr17/random_hc_20261001_024327/completed/seed_1790793808895/final.xml
1790793808896	/Users/mingxuan/OR/itc/itc-2019/src/solution/muni-fsps-spr17/random_hc_20261001_024327/completed/seed_1790793808896/final.xml
1790793808897	/Users/mingxuan/OR/itc/itc-2019/src/solution/muni-fsps-spr17/random_hc_20261001_024327/completed/seed_1790793808897/final.xml
1790793808898	/Users/mingxuan/OR/itc/itc-2019/src/solution/muni-fsps-spr17/random_hc_20261001_024327/completed/seed_1790793808898/final.xml
1790793808899	/Users/mingxuan/OR/itc/itc-2019/src/solution/muni-fsps-spr17/random_hc_20261001_024327/completed/seed_1790793808899/final.xml
1790793808901	/Users/mingxuan/OR/itc/itc-2019/src/solution/muni-fsps-spr17/random_hc_20261001_024327/completed/seed_1790793808901/final.xml
1790793808902	/Users/mingxuan/OR/itc/itc-2019/src/solution/muni-fsps-spr17/random_hc_20261001_024327/completed/seed_1790793808902/final.xml
1790793808905	/Users/mingxuan/OR/itc/itc-2019/src/solution/muni-fsps-spr17/random_hc_20261001_024327/completed/seed_1790793808905/final.xml
1790793808906	/Users/mingxuan/OR/itc/itc-2019/src/solution/muni-fsps-spr17/random_hc_20261001_024327/completed/seed_1790793808906/final.xml
1790793808907	/Users/mingxuan/OR/itc/itc-2019/src/solution/muni-fsps-spr17/random_hc_20261001_024327/completed/seed_1790793808907/final.xml
1790793808908	/Users/mingxuan/OR/itc/itc-2019/src/solution/muni-fsps-spr17/random_hc_20261001_024327/completed/seed_1790793808908/final.xml
1790793808910	/Users/mingxuan/OR/itc/itc-2019/src/solution/muni-fsps-spr17/random_hc_20261001_024327/completed/seed_1790793808910/final.xml
1790793808911	/Users/mingxuan/OR/itc/itc-2019/src/solution/muni-fsps-spr17/random_hc_20261001_024327/completed/seed_1790793808911/final.xml
1790793808912	/Users/mingxuan/OR/itc/itc-2019/src/solution/muni-fsps-spr17/random_hc_20261001_024327/completed/seed_1790793808912/final.xml
1790793808914	/Users/mingxuan/OR/itc/itc-2019/src/solution/muni-fsps-spr17/random_hc_20261001_024327/completed/seed_1790793808914/final.xml
1790793808915	/Users/mingxuan/OR/itc/itc-2019/src/solution/muni-fsps-spr17/random_hc_20261001_024327/completed/seed_1790793808915/final.xml
1790793808916	/Users/mingxuan/OR/itc/itc-2019/src/solution/muni-fsps-spr17/random_hc_20261001_024327/completed/seed_1790793808916/final.xml
1790793808917	/Users/mingxuan/OR/itc/itc-2019/src/solution/muni-fsps-spr17/random_hc_20261001_024327/completed/seed_1790793808917/final.xml
1790793808918	/Users/mingxuan/OR/itc/itc-2019/src/solution/muni-fsps-spr17/random_hc_20261001_024327/completed/seed_1790793808918/final.xml
1790793808919	/Users/mingxuan/OR/itc/itc-2019/src/solution/muni-fsps-spr17/random_hc_20261001_024327/completed/seed_1790793808919/final.xml
1790793808920	/Users/mingxuan/OR/itc/itc-2019/src/solution/muni-fsps-spr17/random_hc_20261001_024327/completed/seed_1790793808920/final.xml
1790793808921	/Users/mingxuan/OR/itc/itc-2019/src/solution/muni-fsps-spr17/random_hc_20261001_024327/completed/seed_1790793808921/final.xml
1790793808922	/Users/mingxuan/OR/itc/itc-2019/src/solution/muni-fsps-spr17/random_hc_20261001_024327/completed/seed_1790793808922/final.xml
1790793808923	/Users/mingxuan/OR/itc/itc-2019/src/solution/muni-fsps-spr17/random_hc_20261001_024327/completed/seed_1790793808923/final.xml
1790793808924	/Users/mingxuan/OR/itc/itc-2019/src/solution/muni-fsps-spr17/random_hc_20261001_024327/completed/seed_1790793808924/final.xml
1790793808927	/Users/mingxuan/OR/itc/itc-2019/src/solution/muni-fsps-spr17/random_hc_20261001_024327/completed/seed_1790793808927/final.xml
1790793808928	/Users/mingxuan/OR/itc/itc-2019/src/solution/muni-fsps-spr17/random_hc_20261001_024327/completed/seed_1790793808928/final.xml
1790793808929	/Users/mingxuan/OR/itc/itc-2019/src/solution/muni-fsps-spr17/random_hc_20261001_024327/completed/seed_1790793808929/final.xml
1790793808930	/Users/mingxuan/OR/itc/itc-2019/src/solution/muni-fsps-spr17/random_hc_20261001_024327/completed/seed_1790793808930/final.xml
1790793808931	/Users/mingxuan/OR/itc/itc-2019/src/solution/muni-fsps-spr17/random_hc_20261001_024327/completed/seed_1790793808931/final.xml
1790793808932	/Users/mingxuan/OR/itc/itc-2019/src/solution/muni-fsps-spr17/random_hc_20261001_024327/completed/seed_1790793808932/final.xml
1790793808933	/Users/mingxuan/OR/itc/itc-2019/src/solution/muni-fsps-spr17/random_hc_20261001_024327/completed/seed_1790793808933/final.xml
1790793808934	/Users/mingxuan/OR/itc/itc-2019/src/solution/muni-fsps-spr17/random_hc_20261001_024327/completed/seed_1790793808934/final.xml
1790793808935	/Users/mingxuan/OR/itc/itc-2019/src/solution/muni-fsps-spr17/random_hc_20261001_024327/completed/seed_1790793808935/final.xml
1790793808936	/Users/mingxuan/OR/itc/itc-2019/src/solution/muni-fsps-spr17/random_hc_20261001_024327/completed/seed_1790793808936/final.xml
1790793808937	/Users/mingxuan/OR/itc/itc-2019/src/solution/muni-fsps-spr17/random_hc_20261001_024327/completed/seed_1790793808937/final.xml
1790793808938	/Users/mingxuan/OR/itc/itc-2019/src/solution/muni-fsps-spr17/random_hc_20261001_024327/completed/seed_1790793808938/final.xml
1790793808941	/Users/mingxuan/OR/itc/itc-2019/src/solution/muni-fsps-spr17/random_hc_20261001_024327/completed/seed_1790793808941/final.xml
1790793808942	/Users/mingxuan/OR/itc/itc-2019/src/solution/muni-fsps-spr17/random_hc_20261001_024327/completed/seed_1790793808942/final.xml
1790793808943	/Users/mingxuan/OR/itc/itc-2019/src/solution/muni-fsps-spr17/random_hc_20261001_024327/completed/seed_1790793808943/final.xml
1790793808944	/Users/mingxuan/OR/itc/itc-2019/src/solution/muni-fsps-spr17/random_hc_20261001_024327/completed/seed_1790793808944/final.xml
1790793808945	/Users/mingxuan/OR/itc/itc-2019/src/solution/muni-fsps-spr17/random_hc_20261001_024327/completed/seed_1790793808945/final.xml
1790793808947	/Users/mingxuan/OR/itc/itc-2019/src/solution/muni-fsps-spr17/random_hc_20261001_024327/completed/seed_1790793808947/final.xml
1790793808948	/Users/mingxuan/OR/itc/itc-2019/src/solution/muni-fsps-spr17/random_hc_20261001_024327/completed/seed_1790793808948/final.xml
1790793808949	/Users/mingxuan/OR/itc/itc-2019/src/solution/muni-fsps-spr17/random_hc_20261001_024327/completed/seed_1790793808949/final.xml
1790793808952	/Users/mingxuan/OR/itc/itc-2019/src/solution/muni-fsps-spr17/random_hc_20261001_024327/completed/seed_1790793808952/final.xml
1790793808953	/Users/mingxuan/OR/itc/itc-2019/src/solution/muni-fsps-spr17/random_hc_20261001_024327/completed/seed_1790793808953/final.xml
1790793808954	/Users/mingxuan/OR/itc/itc-2019/src/solution/muni-fsps-spr17/random_hc_20261001_024327/completed/seed_1790793808954/final.xml
1790793808955	/Users/mingxuan/OR/itc/itc-2019/src/solution/muni-fsps-spr17/random_hc_20261001_024327/completed/seed_1790793808955/final.xml
1790793808956	/Users/mingxuan/OR/itc/itc-2019/src/solution/muni-fsps-spr17/random_hc_20261001_024327/completed/seed_1790793808956/final.xml
1790793808959	/Users/mingxuan/OR/itc/itc-2019/src/solution/muni-fsps-spr17/random_hc_20261001_024327/completed/seed_1790793808959/final.xml
1790793808960	/Users/mingxuan/OR/itc/itc-2019/src/solution/muni-fsps-spr17/random_hc_20261001_024327/completed/seed_1790793808960/final.xml
1790793808961	/Users/mingxuan/OR/itc/itc-2019/src/solution/muni-fsps-spr17/random_hc_20261001_024327/completed/seed_1790793808961/final.xml
1790793808962	/Users/mingxuan/OR/itc/itc-2019/src/solution/muni-fsps-spr17/random_hc_20261001_024327/completed/seed_1790793808962/final.xml
1790793808963	/Users/mingxuan/OR/itc/itc-2019/src/solution/muni-fsps-spr17/random_hc_20261001_024327/completed/seed_1790793808963/final.xml
1790793808964	/Users/mingxuan/OR/itc/itc-2019/src/solution/muni-fsps-spr17/random_hc_20261001_024327/completed/seed_1790793808964/final.xml
1790793808965	/Users/mingxuan/OR/itc/itc-2019/src/solution/muni-fsps-spr17/random_hc_20261001_024327/completed/seed_1790793808965/final.xml
1790793808966	/Users/mingxuan/OR/itc/itc-2019/src/solution/muni-fsps-spr17/random_hc_20261001_024327/completed/seed_1790793808966/final.xml
1790793808967	/Users/mingxuan/OR/itc/itc-2019/src/solution/muni-fsps-spr17/random_hc_20261001_024327/completed/seed_1790793808967/final.xml
1790793808970	/Users/mingxuan/OR/itc/itc-2019/src/solution/muni-fsps-spr17/random_hc_20261001_024327/completed/seed_1790793808970/final.xml
1790793808971	/Users/mingxuan/OR/itc/itc-2019/src/solution/muni-fsps-spr17/random_hc_20261001_024327/completed/seed_1790793808971/final.xml
1790793808972	/Users/mingxuan/OR/itc/itc-2019/src/solution/muni-fsps-spr17/random_hc_20261001_024327/completed/seed_1790793808972/final.xml
1790793808973	/Users/mingxuan/OR/itc/itc-2019/src/solution/muni-fsps-spr17/random_hc_20261001_024327/completed/seed_1790793808973/final.xml
1790793808974	/Users/mingxuan/OR/itc/itc-2019/src/solution/muni-fsps-spr17/random_hc_20261001_024327/completed/seed_1790793808974/final.xml
1790793808975	/Users/mingxuan/OR/itc/itc-2019/src/solution/muni-fsps-spr17/random_hc_20261001_024327/completed/seed_1790793808975/final.xml
1790793808977	/Users/mingxuan/OR/itc/itc-2019/src/solution/muni-fsps-spr17/random_hc_20261001_024327/completed/seed_1790793808977/final.xml
1790793808978	/Users/mingxuan/OR/itc/itc-2019/src/solution/muni-fsps-spr17/random_hc_20261001_024327/completed/seed_1790793808978/final.xml
1790793808979	/Users/mingxuan/OR/itc/itc-2019/src/solution/muni-fsps-spr17/random_hc_20261001_024327/completed/seed_1790793808979/final.xml
1790793808981	/Users/mingxuan/OR/itc/itc-2019/src/solution/muni-fsps-spr17/random_hc_20261001_024327/completed/seed_1790793808981/final.xml
1790793808982	/Users/mingxuan/OR/itc/itc-2019/src/solution/muni-fsps-spr17/random_hc_20261001_024327/completed/seed_1790793808982/final.xml
1790793808983	/Users/mingxuan/OR/itc/itc-2019/src/solution/muni-fsps-spr17/random_hc_20261001_024327/completed/seed_1790793808983/final.xml
1790793808984	/Users/mingxuan/OR/itc/itc-2019/src/solution/muni-fsps-spr17/random_hc_20261001_024327/completed/seed_1790793808984/final.xml
1790793808985	/Users/mingxuan/OR/itc/itc-2019/src/solution/muni-fsps-spr17/random_hc_20261001_024327/completed/seed_1790793808985/final.xml
1790793808986	/Users/mingxuan/OR/itc/itc-2019/src/solution/muni-fsps-spr17/random_hc_20261001_024327/completed/seed_1790793808986/final.xml
1790793808987	/Users/mingxuan/OR/itc/itc-2019/src/solution/muni-fsps-spr17/random_hc_20261001_024327/completed/seed_1790793808987/final.xml
1790793808988	/Users/mingxuan/OR/itc/itc-2019/src/solution/muni-fsps-spr17/random_hc_20261001_024327/completed/seed_1790793808988/final.xml
1790793808989	/Users/mingxuan/OR/itc/itc-2019/src/solution/muni-fsps-spr17/random_hc_20261001_024327/completed/seed_1790793808989/final.xml
1790793808990	/Users/mingxuan/OR/itc/itc-2019/src/solution/muni-fsps-spr17/random_hc_20261001_024327/completed/seed_1790793808990/final.xml
1790793808991	/Users/mingxuan/OR/itc/itc-2019/src/solution/muni-fsps-spr17/random_hc_20261001_024327/completed/seed_1790793808991/final.xml
1790793808992	/Users/mingxuan/OR/itc/itc-2019/src/solution/muni-fsps-spr17/random_hc_20261001_024327/completed/seed_1790793808992/final.xml
1790793808993	/Users/mingxuan/OR/itc/itc-2019/src/solution/muni-fsps-spr17/random_hc_20261001_024327/completed/seed_1790793808993/final.xml
1790793808994	/Users/mingxuan/OR/itc/itc-2019/src/solution/muni-fsps-spr17/random_hc_20261001_024327/completed/seed_1790793808994/final.xml
1790793808995	/Users/mingxuan/OR/itc/itc-2019/src/solution/muni-fsps-spr17/random_hc_20261001_024327/completed/seed_1790793808995/final.xml
1790793808996	/Users/mingxuan/OR/itc/itc-2019/src/solution/muni-fsps-spr17/random_hc_20261001_024327/completed/seed_1790793808996/final.xml
1790793808998	/Users/mingxuan/OR/itc/itc-2019/src/solution/muni-fsps-spr17/random_hc_20261001_024327/completed/seed_1790793808998/final.xml
1790793808999	/Users/mingxuan/OR/itc/itc-2019/src/solution/muni-fsps-spr17/random_hc_20261001_024327/completed/seed_1790793808999/final.xml
1790793809002	/Users/mingxuan/OR/itc/itc-2019/src/solution/muni-fsps-spr17/random_hc_20261001_024327/completed/seed_1790793809002/final.xml
1790793809003	/Users/mingxuan/OR/itc/itc-2019/src/solution/muni-fsps-spr17/random_hc_20261001_024327/completed/seed_1790793809003/final.xml
1790793809004	/Users/mingxuan/OR/itc/itc-2019/src/solution/muni-fsps-spr17/random_hc_20261001_024327/completed/seed_1790793809004/final.xml
1790793809005	/Users/mingxuan/OR/itc/itc-2019/src/solution/muni-fsps-spr17/random_hc_20261001_024327/completed/seed_1790793809005/final.xml
1790793809006	/Users/mingxuan/OR/itc/itc-2019/src/solution/muni-fsps-spr17/random_hc_20261001_024327/completed/seed_1790793809006/final.xml
1790793809008	/Users/mingxuan/OR/itc/itc-2019/src/solution/muni-fsps-spr17/random_hc_20261001_024327/completed/seed_1790793809008/final.xml
1790793809009	/Users/mingxuan/OR/itc/itc-2019/src/solution/muni-fsps-spr17/random_hc_20261001_024327/completed/seed_1790793809009/final.xml
1790793809010	/Users/mingxuan/OR/itc/itc-2019/src/solution/muni-fsps-spr17/random_hc_20261001_024327/completed/seed_1790793809010/final.xml
1790793809011	/Users/mingxuan/OR/itc/itc-2019/src/solution/muni-fsps-spr17/random_hc_20261001_024327/completed/seed_1790793809011/final.xml
1790793809012	/Users/mingxuan/OR/itc/itc-2019/src/solution/muni-fsps-spr17/random_hc_20261001_024327/completed/seed_1790793809012/final.xml
1790793809013	/Users/mingxuan/OR/itc/itc-2019/src/solution/muni-fsps-spr17/random_hc_20261001_024327/completed/seed_1790793809013/final.xml
1790793809015	/Users/mingxuan/OR/itc/itc-2019/src/solution/muni-fsps-spr17/random_hc_20261001_024327/completed/seed_1790793809015/final.xml
1790793809016	/Users/mingxuan/OR/itc/itc-2019/src/solution/muni-fsps-spr17/random_hc_20261001_024327/completed/seed_1790793809016/final.xml
1790793809017	/Users/mingxuan/OR/itc/itc-2019/src/solution/muni-fsps-spr17/random_hc_20261001_024327/completed/seed_1790793809017/final.xml
1790793809018	/Users/mingxuan/OR/itc/itc-2019/src/solution/muni-fsps-spr17/random_hc_20261001_024327/completed/seed_1790793809018/final.xml
1790793809019	/Users/mingxuan/OR/itc/itc-2019/src/solution/muni-fsps-spr17/random_hc_20261001_024327/completed/seed_1790793809019/final.xml
1790793809022	/Users/mingxuan/OR/itc/itc-2019/src/solution/muni-fsps-spr17/random_hc_20261001_024327/completed/seed_1790793809022/final.xml
1790793809023	/Users/mingxuan/OR/itc/itc-2019/src/solution/muni-fsps-spr17/random_hc_20261001_024327/completed/seed_1790793809023/final.xml
1790793809024	/Users/mingxuan/OR/itc/itc-2019/src/solution/muni-fsps-spr17/random_hc_20261001_024327/completed/seed_1790793809024/final.xml
1790793809025	/Users/mingxuan/OR/itc/itc-2019/src/solution/muni-fsps-spr17/random_hc_20261001_024327/completed/seed_1790793809025/final.xml
1790793809026	/Users/mingxuan/OR/itc/itc-2019/src/solution/muni-fsps-spr17/random_hc_20261001_024327/completed/seed_1790793809026/final.xml
1790793809027	/Users/mingxuan/OR/itc/itc-2019/src/solution/muni-fsps-spr17/random_hc_20261001_024327/completed/seed_1790793809027/final.xml
1790793809028	/Users/mingxuan/OR/itc/itc-2019/src/solution/muni-fsps-spr17/random_hc_20261001_024327/completed/seed_1790793809028/final.xml
1790793809029	/Users/mingxuan/OR/itc/itc-2019/src/solution/muni-fsps-spr17/random_hc_20261001_024327/completed/seed_1790793809029/final.xml
1790793809030	/Users/mingxuan/OR/itc/itc-2019/src/solution/muni-fsps-spr17/random_hc_20261001_024327/completed/seed_1790793809030/final.xml
1790793809031	/Users/mingxuan/OR/itc/itc-2019/src/solution/muni-fsps-spr17/random_hc_20261001_024327/completed/seed_1790793809031/final.xml
1790793809033	/Users/mingxuan/OR/itc/itc-2019/src/solution/muni-fsps-spr17/random_hc_20261001_024327/completed/seed_1790793809033/final.xml
1790793809034	/Users/mingxuan/OR/itc/itc-2019/src/solution/muni-fsps-spr17/random_hc_20261001_024327/completed/seed_1790793809034/final.xml
1790793809035	/Users/mingxuan/OR/itc/itc-2019/src/solution/muni-fsps-spr17/random_hc_20261001_024327/completed/seed_1790793809035/final.xml
1790793809036	/Users/mingxuan/OR/itc/itc-2019/src/solution/muni-fsps-spr17/random_hc_20261001_024327/completed/seed_1790793809036/final.xml
1790793809037	/Users/mingxuan/OR/itc/itc-2019/src/solution/muni-fsps-spr17/random_hc_20261001_024327/completed/seed_1790793809037/final.xml
1790793809038	/Users/mingxuan/OR/itc/itc-2019/src/solution/muni-fsps-spr17/random_hc_20261001_024327/completed/seed_1790793809038/final.xml
1790793809039	/Users/mingxuan/OR/itc/itc-2019/src/solution/muni-fsps-spr17/random_hc_20261001_024327/completed/seed_1790793809039/final.xml
1790793809040	/Users/mingxuan/OR/itc/itc-2019/src/solution/muni-fsps-spr17/random_hc_20261001_024327/completed/seed_1790793809040/final.xml
1790793809041	/Users/mingxuan/OR/itc/itc-2019/src/solution/muni-fsps-spr17/random_hc_20261001_024327/completed/seed_1790793809041/final.xml
1790793809042	/Users/mingxuan/OR/itc/itc-2019/src/solution/muni-fsps-spr17/random_hc_20261001_024327/completed/seed_1790793809042/final.xml
1790793809044	/Users/mingxuan/OR/itc/itc-2019/src/solution/muni-fsps-spr17/random_hc_20261001_024327/completed/seed_1790793809044/final.xml
1790793809046	/Users/mingxuan/OR/itc/itc-2019/src/solution/muni-fsps-spr17/random_hc_20261001_024327/completed/seed_1790793809046/final.xml
1790793809047	/Users/mingxuan/OR/itc/itc-2019/src/solution/muni-fsps-spr17/random_hc_20261001_024327/completed/seed_1790793809047/final.xml
1790793809049	/Users/mingxuan/OR/itc/itc-2019/src/solution/muni-fsps-spr17/random_hc_20261001_024327/completed/seed_1790793809049/final.xml
1790793809050	/Users/mingxuan/OR/itc/itc-2019/src/solution/muni-fsps-spr17/random_hc_20261001_024327/completed/seed_1790793809050/final.xml
1790793809051	/Users/mingxuan/OR/itc/itc-2019/src/solution/muni-fsps-spr17/random_hc_20261001_024327/completed/seed_1790793809051/final.xml
1790793809053	/Users/mingxuan/OR/itc/itc-2019/src/solution/muni-fsps-spr17/random_hc_20261001_024327/completed/seed_1790793809053/final.xml
1790793809054	/Users/mingxuan/OR/itc/itc-2019/src/solution/muni-fsps-spr17/random_hc_20261001_024327/completed/seed_1790793809054/final.xml
1790793809055	/Users/mingxuan/OR/itc/itc-2019/src/solution/muni-fsps-spr17/random_hc_20261001_024327/completed/seed_1790793809055/final.xml
1790793809056	/Users/mingxuan/OR/itc/itc-2019/src/solution/muni-fsps-spr17/random_hc_20261001_024327/completed/seed_1790793809056/final.xml
1790793809057	/Users/mingxuan/OR/itc/itc-2019/src/solution/muni-fsps-spr17/random_hc_20261001_024327/completed/seed_1790793809057/final.xml
1790793809058	/Users/mingxuan/OR/itc/itc-2019/src/solution/muni-fsps-spr17/random_hc_20261001_024327/completed/seed_1790793809058/final.xml
1790793809059	/Users/mingxuan/OR/itc/itc-2019/src/solution/muni-fsps-spr17/random_hc_20261001_024327/completed/seed_1790793809059/final.xml
1790793809060	/Users/mingxuan/OR/itc/itc-2019/src/solution/muni-fsps-spr17/random_hc_20261001_024327/completed/seed_1790793809060/final.xml
1790793809063	/Users/mingxuan/OR/itc/itc-2019/src/solution/muni-fsps-spr17/random_hc_20261001_024327/completed/seed_1790793809063/final.xml
1790793809064	/Users/mingxuan/OR/itc/itc-2019/src/solution/muni-fsps-spr17/random_hc_20261001_024327/completed/seed_1790793809064/final.xml
1790793809065	/Users/mingxuan/OR/itc/itc-2019/src/solution/muni-fsps-spr17/random_hc_20261001_024327/completed/seed_1790793809065/final.xml
1790793809066	/Users/mingxuan/OR/itc/itc-2019/src/solution/muni-fsps-spr17/random_hc_20261001_024327/completed/seed_1790793809066/final.xml
1790793809067	/Users/mingxuan/OR/itc/itc-2019/src/solution/muni-fsps-spr17/random_hc_20261001_024327/completed/seed_1790793809067/final.xml
1790793809068	/Users/mingxuan/OR/itc/itc-2019/src/solution/muni-fsps-spr17/random_hc_20261001_024327/completed/seed_1790793809068/final.xml
1790793809069	/Users/mingxuan/OR/itc/itc-2019/src/solution/muni-fsps-spr17/random_hc_20261001_024327/completed/seed_1790793809069/final.xml
1790793809070	/Users/mingxuan/OR/itc/itc-2019/src/solution/muni-fsps-spr17/random_hc_20261001_024327/completed/seed_1790793809070/final.xml
1790793809071	/Users/mingxuan/OR/itc/itc-2019/src/solution/muni-fsps-spr17/random_hc_20261001_024327/completed/seed_1790793809071/final.xml
1790793809072	/Users/mingxuan/OR/itc/itc-2019/src/solution/muni-fsps-spr17/random_hc_20261001_024327/completed/seed_1790793809072/final.xml
1790793809073	/Users/mingxuan/OR/itc/itc-2019/src/solution/muni-fsps-spr17/random_hc_20261001_024327/completed/seed_1790793809073/final.xml
1790793809074	/Users/mingxuan/OR/itc/itc-2019/src/solution/muni-fsps-spr17/random_hc_20261001_024327/completed/seed_1790793809074/final.xml
1790793809075	/Users/mingxuan/OR/itc/itc-2019/src/solution/muni-fsps-spr17/random_hc_20261001_024327/completed/seed_1790793809075/final.xml
1790793809076	/Users/mingxuan/OR/itc/itc-2019/src/solution/muni-fsps-spr17/random_hc_20261001_024327/completed/seed_1790793809076/final.xml
1790793809077	/Users/mingxuan/OR/itc/itc-2019/src/solution/muni-fsps-spr17/random_hc_20261001_024327/completed/seed_1790793809077/final.xml
1790793809078	/Users/mingxuan/OR/itc/itc-2019/src/solution/muni-fsps-spr17/random_hc_20261001_024327/completed/seed_1790793809078/final.xml
1790793809079	/Users/mingxuan/OR/itc/itc-2019/src/solution/muni-fsps-spr17/random_hc_20261001_024327/completed/seed_1790793809079/final.xml
1790793809080	/Users/mingxuan/OR/itc/itc-2019/src/solution/muni-fsps-spr17/random_hc_20261001_024327/completed/seed_1790793809080/final.xml
1790793809082	/Users/mingxuan/OR/itc/itc-2019/src/solution/muni-fsps-spr17/random_hc_20261001_024327/completed/seed_1790793809082/final.xml
1790793809083	/Users/mingxuan/OR/itc/itc-2019/src/solution/muni-fsps-spr17/random_hc_20261001_024327/completed/seed_1790793809083/final.xml
1790793809084	/Users/mingxuan/OR/itc/itc-2019/src/solution/muni-fsps-spr17/random_hc_20261001_024327/completed/seed_1790793809084/final.xml
1790793809086	/Users/mingxuan/OR/itc/itc-2019/src/solution/muni-fsps-spr17/random_hc_20261001_024327/completed/seed_1790793809086/final.xml
1790793809087	/Users/mingxuan/OR/itc/itc-2019/src/solution/muni-fsps-spr17/random_hc_20261001_024327/completed/seed_1790793809087/final.xml
1790793809089	/Users/mingxuan/OR/itc/itc-2019/src/solution/muni-fsps-spr17/random_hc_20261001_024327/completed/seed_1790793809089/final.xml
1790793809091	/Users/mingxuan/OR/itc/itc-2019/src/solution/muni-fsps-spr17/random_hc_20261001_024327/completed/seed_1790793809091/final.xml
1790793809092	/Users/mingxuan/OR/itc/itc-2019/src/solution/muni-fsps-spr17/random_hc_20261001_024327/completed/seed_1790793809092/final.xml
1790793809093	/Users/mingxuan/OR/itc/itc-2019/src/solution/muni-fsps-spr17/random_hc_20261001_024327/completed/seed_1790793809093/final.xml
1790793809094	/Users/mingxuan/OR/itc/itc-2019/src/solution/muni-fsps-spr17/random_hc_20261001_024327/completed/seed_1790793809094/final.xml
1790793809095	/Users/mingxuan/OR/itc/itc-2019/src/solution/muni-fsps-spr17/random_hc_20261001_024327/completed/seed_1790793809095/final.xml
1790793809096	/Users/mingxuan/OR/itc/itc-2019/src/solution/muni-fsps-spr17/random_hc_20261001_024327/completed/seed_1790793809096/final.xml
1790793809097	/Users/mingxuan/OR/itc/itc-2019/src/solution/muni-fsps-spr17/random_hc_20261001_024327/completed/seed_1790793809097/final.xml
1790793809098	/Users/mingxuan/OR/itc/itc-2019/src/solution/muni-fsps-spr17/random_hc_20261001_024327/completed/seed_1790793809098/final.xml
1790793809099	/Users/mingxuan/OR/itc/itc-2019/src/solution/muni-fsps-spr17/random_hc_20261001_024327/completed/seed_1790793809099/final.xml
1790793809101	/Users/mingxuan/OR/itc/itc-2019/src/solution/muni-fsps-spr17/random_hc_20261001_024327/completed/seed_1790793809101/final.xml
1790793809102	/Users/mingxuan/OR/itc/itc-2019/src/solution/muni-fsps-spr17/random_hc_20261001_024327/completed/seed_1790793809102/final.xml
1790793809103	/Users/mingxuan/OR/itc/itc-2019/src/solution/muni-fsps-spr17/random_hc_20261001_024327/completed/seed_1790793809103/final.xml
1790793809104	/Users/mingxuan/OR/itc/itc-2019/src/solution/muni-fsps-spr17/random_hc_20261001_024327/completed/seed_1790793809104/final.xml
1790793809106	/Users/mingxuan/OR/itc/itc-2019/src/solution/muni-fsps-spr17/random_hc_20261001_024327/completed/seed_1790793809106/final.xml
1790793809107	/Users/mingxuan/OR/itc/itc-2019/src/solution/muni-fsps-spr17/random_hc_20261001_024327/completed/seed_1790793809107/final.xml
1790793809108	/Users/mingxuan/OR/itc/itc-2019/src/solution/muni-fsps-spr17/random_hc_20261001_024327/completed/seed_1790793809108/final.xml
1790793809109	/Users/mingxuan/OR/itc/itc-2019/src/solution/muni-fsps-spr17/random_hc_20261001_024327/completed/seed_1790793809109/final.xml
1790793809110	/Users/mingxuan/OR/itc/itc-2019/src/solution/muni-fsps-spr17/random_hc_20261001_024327/completed/seed_1790793809110/final.xml
1790793809111	/Users/mingxuan/OR/itc/itc-2019/src/solution/muni-fsps-spr17/random_hc_20261001_024327/completed/seed_1790793809111/final.xml
1790793809113	/Users/mingxuan/OR/itc/itc-2019/src/solution/muni-fsps-spr17/random_hc_20261001_024327/completed/seed_1790793809113/final.xml
1790793809114	/Users/mingxuan/OR/itc/itc-2019/src/solution/muni-fsps-spr17/random_hc_20261001_024327/completed/seed_1790793809114/final.xml
1790793809116	/Users/mingxuan/OR/itc/itc-2019/src/solution/muni-fsps-spr17/random_hc_20261001_024327/completed/seed_1790793809116/final.xml
1790793809117	/Users/mingxuan/OR/itc/itc-2019/src/solution/muni-fsps-spr17/random_hc_20261001_024327/completed/seed_1790793809117/final.xml
1790793809118	/Users/mingxuan/OR/itc/itc-2019/src/solution/muni-fsps-spr17/random_hc_20261001_024327/completed/seed_1790793809118/final.xml
1790793809120	/Users/mingxuan/OR/itc/itc-2019/src/solution/muni-fsps-spr17/random_hc_20261001_024327/completed/seed_1790793809120/final.xml
1790793809121	/Users/mingxuan/OR/itc/itc-2019/src/solution/muni-fsps-spr17/random_hc_20261001_024327/completed/seed_1790793809121/final.xml
1790793809122	/Users/mingxuan/OR/itc/itc-2019/src/solution/muni-fsps-spr17/random_hc_20261001_024327/completed/seed_1790793809122/final.xml
1790793809123	/Users/mingxuan/OR/itc/itc-2019/src/solution/muni-fsps-spr17/random_hc_20261001_024327/completed/seed_1790793809123/final.xml
1790793809124	/Users/mingxuan/OR/itc/itc-2019/src/solution/muni-fsps-spr17/random_hc_20261001_024327/completed/seed_1790793809124/final.xml
1790793809128	/Users/mingxuan/OR/itc/itc-2019/src/solution/muni-fsps-spr17/random_hc_20261001_024327/completed/seed_1790793809128/final.xml
1790793809129	/Users/mingxuan/OR/itc/itc-2019/src/solution/muni-fsps-spr17/random_hc_20261001_024327/completed/seed_1790793809129/final.xml
1790793809131	/Users/mingxuan/OR/itc/itc-2019/src/solution/muni-fsps-spr17/random_hc_20261001_024327/completed/seed_1790793809131/final.xml
1790793809132	/Users/mingxuan/OR/itc/itc-2019/src/solution/muni-fsps-spr17/random_hc_20261001_024327/completed/seed_1790793809132/final.xml
1790793809134	/Users/mingxuan/OR/itc/itc-2019/src/solution/muni-fsps-spr17/random_hc_20261001_024327/completed/seed_1790793809134/final.xml
1790793809135	/Users/mingxuan/OR/itc/itc-2019/src/solution/muni-fsps-spr17/random_hc_20261001_024327/completed/seed_1790793809135/final.xml
1790793809136	/Users/mingxuan/OR/itc/itc-2019/src/solution/muni-fsps-spr17/random_hc_20261001_024327/completed/seed_1790793809136/final.xml
1790793809138	/Users/mingxuan/OR/itc/itc-2019/src/solution/muni-fsps-spr17/random_hc_20261001_024327/completed/seed_1790793809138/final.xml
1790793809140	/Users/mingxuan/OR/itc/itc-2019/src/solution/muni-fsps-spr17/random_hc_20261001_024327/completed/seed_1790793809140/final.xml
1790793809141	/Users/mingxuan/OR/itc/itc-2019/src/solution/muni-fsps-spr17/random_hc_20261001_024327/completed/seed_1790793809141/final.xml
1790793809142	/Users/mingxuan/OR/itc/itc-2019/src/solution/muni-fsps-spr17/random_hc_20261001_024327/completed/seed_1790793809142/final.xml
1790793809143	/Users/mingxuan/OR/itc/itc-2019/src/solution/muni-fsps-spr17/random_hc_20261001_024327/completed/seed_1790793809143/final.xml
1790793809144	/Users/mingxuan/OR/itc/itc-2019/src/solution/muni-fsps-spr17/random_hc_20261001_024327/completed/seed_1790793809144/final.xml
1790793809145	/Users/mingxuan/OR/itc/itc-2019/src/solution/muni-fsps-spr17/random_hc_20261001_024327/completed/seed_1790793809145/final.xml
1790793809146	/Users/mingxuan/OR/itc/itc-2019/src/solution/muni-fsps-spr17/random_hc_20261001_024327/completed/seed_1790793809146/final.xml
1790793809147	/Users/mingxuan/OR/itc/itc-2019/src/solution/muni-fsps-spr17/random_hc_20261001_024327/completed/seed_1790793809147/final.xml
1790793809148	/Users/mingxuan/OR/itc/itc-2019/src/solution/muni-fsps-spr17/random_hc_20261001_024327/completed/seed_1790793809148/final.xml
1790793809150	/Users/mingxuan/OR/itc/itc-2019/src/solution/muni-fsps-spr17/random_hc_20261001_024327/completed/seed_1790793809150/final.xml
1790793809151	/Users/mingxuan/OR/itc/itc-2019/src/solution/muni-fsps-spr17/random_hc_20261001_024327/completed/seed_1790793809151/final.xml
1790793809152	/Users/mingxuan/OR/itc/itc-2019/src/solution/muni-fsps-spr17/random_hc_20261001_024327/completed/seed_1790793809152/final.xml
1790793809153	/Users/mingxuan/OR/itc/itc-2019/src/solution/muni-fsps-spr17/random_hc_20261001_024327/completed/seed_1790793809153/final.xml
1790793809154	/Users/mingxuan/OR/itc/itc-2019/src/solution/muni-fsps-spr17/random_hc_20261001_024327/completed/seed_1790793809154/final.xml
1790793809155	/Users/mingxuan/OR/itc/itc-2019/src/solution/muni-fsps-spr17/random_hc_20261001_024327/completed/seed_1790793809155/final.xml
1790793809157	/Users/mingxuan/OR/itc/itc-2019/src/solution/muni-fsps-spr17/random_hc_20261001_024327/completed/seed_1790793809157/final.xml
1790793809158	/Users/mingxuan/OR/itc/itc-2019/src/solution/muni-fsps-spr17/random_hc_20261001_024327/completed/seed_1790793809158/final.xml
1790793809159	/Users/mingxuan/OR/itc/itc-2019/src/solution/muni-fsps-spr17/random_hc_20261001_024327/completed/seed_1790793809159/final.xml
1790793809160	/Users/mingxuan/OR/itc/itc-2019/src/solution/muni-fsps-spr17/random_hc_20261001_024327/completed/seed_1790793809160/final.xml
1790793809161	/Users/mingxuan/OR/itc/itc-2019/src/solution/muni-fsps-spr17/random_hc_20261001_024327/completed/seed_1790793809161/final.xml
1790793809162	/Users/mingxuan/OR/itc/itc-2019/src/solution/muni-fsps-spr17/random_hc_20261001_024327/completed/seed_1790793809162/final.xml
1790793809163	/Users/mingxuan/OR/itc/itc-2019/src/solution/muni-fsps-spr17/random_hc_20261001_024327/completed/seed_1790793809163/final.xml
1790793809164	/Users/mingxuan/OR/itc/itc-2019/src/solution/muni-fsps-spr17/random_hc_20261001_024327/completed/seed_1790793809164/final.xml
1790793809166	/Users/mingxuan/OR/itc/itc-2019/src/solution/muni-fsps-spr17/random_hc_20261001_024327/completed/seed_1790793809166/final.xml
1790793809168	/Users/mingxuan/OR/itc/itc-2019/src/solution/muni-fsps-spr17/random_hc_20261001_024327/completed/seed_1790793809168/final.xml
1790793809169	/Users/mingxuan/OR/itc/itc-2019/src/solution/muni-fsps-spr17/random_hc_20261001_024327/completed/seed_1790793809169/final.xml
1790793809170	/Users/mingxuan/OR/itc/itc-2019/src/solution/muni-fsps-spr17/random_hc_20261001_024327/completed/seed_1790793809170/final.xml
1790793809171	/Users/mingxuan/OR/itc/itc-2019/src/solution/muni-fsps-spr17/random_hc_20261001_024327/completed/seed_1790793809171/final.xml
1790793809172	/Users/mingxuan/OR/itc/itc-2019/src/solution/muni-fsps-spr17/random_hc_20261001_024327/completed/seed_1790793809172/final.xml
1790793809174	/Users/mingxuan/OR/itc/itc-2019/src/solution/muni-fsps-spr17/random_hc_20261001_024327/completed/seed_1790793809174/final.xml
1790793809175	/Users/mingxuan/OR/itc/itc-2019/src/solution/muni-fsps-spr17/random_hc_20261001_024327/completed/seed_1790793809175/final.xml
1790793809176	/Users/mingxuan/OR/itc/itc-2019/src/solution/muni-fsps-spr17/random_hc_20261001_024327/completed/seed_1790793809176/final.xml
1790793809177	/Users/mingxuan/OR/itc/itc-2019/src/solution/muni-fsps-spr17/random_hc_20261001_024327/completed/seed_1790793809177/final.xml
1790793809179	/Users/mingxuan/OR/itc/itc-2019/src/solution/muni-fsps-spr17/random_hc_20261001_024327/completed/seed_1790793809179/final.xml
1790793809180	/Users/mingxuan/OR/itc/itc-2019/src/solution/muni-fsps-spr17/random_hc_20261001_024327/completed/seed_1790793809180/final.xml
1790793809181	/Users/mingxuan/OR/itc/itc-2019/src/solution/muni-fsps-spr17/random_hc_20261001_024327/completed/seed_1790793809181/final.xml
1790793809182	/Users/mingxuan/OR/itc/itc-2019/src/solution/muni-fsps-spr17/random_hc_20261001_024327/completed/seed_1790793809182/final.xml
1790793809183	/Users/mingxuan/OR/itc/itc-2019/src/solution/muni-fsps-spr17/random_hc_20261001_024327/completed/seed_1790793809183/final.xml
1790793809185	/Users/mingxuan/OR/itc/itc-2019/src/solution/muni-fsps-spr17/random_hc_20261001_024327/completed/seed_1790793809185/final.xml
1790793809188	/Users/mingxuan/OR/itc/itc-2019/src/solution/muni-fsps-spr17/random_hc_20261001_024327/completed/seed_1790793809188/final.xml
1790793809189	/Users/mingxuan/OR/itc/itc-2019/src/solution/muni-fsps-spr17/random_hc_20261001_024327/completed/seed_1790793809189/final.xml
1790793809190	/Users/mingxuan/OR/itc/itc-2019/src/solution/muni-fsps-spr17/random_hc_20261001_024327/completed/seed_1790793809190/final.xml
1790793809191	/Users/mingxuan/OR/itc/itc-2019/src/solution/muni-fsps-spr17/random_hc_20261001_024327/completed/seed_1790793809191/final.xml
1790793809192	/Users/mingxuan/OR/itc/itc-2019/src/solution/muni-fsps-spr17/random_hc_20261001_024327/completed/seed_1790793809192/final.xml
1790793809196	/Users/mingxuan/OR/itc/itc-2019/src/solution/muni-fsps-spr17/random_hc_20261001_024327/completed/seed_1790793809196/final.xml
1790793809197	/Users/mingxuan/OR/itc/itc-2019/src/solution/muni-fsps-spr17/random_hc_20261001_024327/completed/seed_1790793809197/final.xml
1790793809199	/Users/mingxuan/OR/itc/itc-2019/src/solution/muni-fsps-spr17/random_hc_20261001_024327/completed/seed_1790793809199/final.xml
1790793809200	/Users/mingxuan/OR/itc/itc-2019/src/solution/muni-fsps-spr17/random_hc_20261001_024327/completed/seed_1790793809200/final.xml
1790793809201	/Users/mingxuan/OR/itc/itc-2019/src/solution/muni-fsps-spr17/random_hc_20261001_024327/completed/seed_1790793809201/final.xml
1790793809202	/Users/mingxuan/OR/itc/itc-2019/src/solution/muni-fsps-spr17/random_hc_20261001_024327/completed/seed_1790793809202/final.xml
1790793809203	/Users/mingxuan/OR/itc/itc-2019/src/solution/muni-fsps-spr17/random_hc_20261001_024327/completed/seed_1790793809203/final.xml
1790793809204	/Users/mingxuan/OR/itc/itc-2019/src/solution/muni-fsps-spr17/random_hc_20261001_024327/completed/seed_1790793809204/final.xml
1790793809205	/Users/mingxuan/OR/itc/itc-2019/src/solution/muni-fsps-spr17/random_hc_20261001_024327/completed/seed_1790793809205/final.xml
1790793809206	/Users/mingxuan/OR/itc/itc-2019/src/solution/muni-fsps-spr17/random_hc_20261001_024327/completed/seed_1790793809206/final.xml
1790793809207	/Users/mingxuan/OR/itc/itc-2019/src/solution/muni-fsps-spr17/random_hc_20261001_024327/completed/seed_1790793809207/final.xml
1790793809209	/Users/mingxuan/OR/itc/itc-2019/src/solution/muni-fsps-spr17/random_hc_20261001_024327/completed/seed_1790793809209/final.xml
1790793809212	/Users/mingxuan/OR/itc/itc-2019/src/solution/muni-fsps-spr17/random_hc_20261001_024327/completed/seed_1790793809212/final.xml
1790793809213	/Users/mingxuan/OR/itc/itc-2019/src/solution/muni-fsps-spr17/random_hc_20261001_024327/completed/seed_1790793809213/final.xml
1790793809214	/Users/mingxuan/OR/itc/itc-2019/src/solution/muni-fsps-spr17/random_hc_20261001_024327/completed/seed_1790793809214/final.xml
1790793809215	/Users/mingxuan/OR/itc/itc-2019/src/solution/muni-fsps-spr17/random_hc_20261001_024327/completed/seed_1790793809215/final.xml
1790793809216	/Users/mingxuan/OR/itc/itc-2019/src/solution/muni-fsps-spr17/random_hc_20261001_024327/completed/seed_1790793809216/final.xml
1790793809217	/Users/mingxuan/OR/itc/itc-2019/src/solution/muni-fsps-spr17/random_hc_20261001_024327/completed/seed_1790793809217/final.xml
1790793809218	/Users/mingxuan/OR/itc/itc-2019/src/solution/muni-fsps-spr17/random_hc_20261001_024327/completed/seed_1790793809218/final.xml
1790793809220	/Users/mingxuan/OR/itc/itc-2019/src/solution/muni-fsps-spr17/random_hc_20261001_024327/completed/seed_1790793809220/final.xml
1790793809221	/Users/mingxuan/OR/itc/itc-2019/src/solution/muni-fsps-spr17/random_hc_20261001_024327/completed/seed_1790793809221/final.xml
1790793809222	/Users/mingxuan/OR/itc/itc-2019/src/solution/muni-fsps-spr17/random_hc_20261001_024327/completed/seed_1790793809222/final.xml
1790793809223	/Users/mingxuan/OR/itc/itc-2019/src/solution/muni-fsps-spr17/random_hc_20261001_024327/completed/seed_1790793809223/final.xml
1790793809224	/Users/mingxuan/OR/itc/itc-2019/src/solution/muni-fsps-spr17/random_hc_20261001_024327/completed/seed_1790793809224/final.xml
1790793809225	/Users/mingxuan/OR/itc/itc-2019/src/solution/muni-fsps-spr17/random_hc_20261001_024327/completed/seed_1790793809225/final.xml
1790793809226	/Users/mingxuan/OR/itc/itc-2019/src/solution/muni-fsps-spr17/random_hc_20261001_024327/completed/seed_1790793809226/final.xml
1790793809227	/Users/mingxuan/OR/itc/itc-2019/src/solution/muni-fsps-spr17/random_hc_20261001_024327/completed/seed_1790793809227/final.xml
1790793809228	/Users/mingxuan/OR/itc/itc-2019/src/solution/muni-fsps-spr17/random_hc_20261001_024327/completed/seed_1790793809228/final.xml
1790793809229	/Users/mingxuan/OR/itc/itc-2019/src/solution/muni-fsps-spr17/random_hc_20261001_024327/completed/seed_1790793809229/final.xml
1790793809230	/Users/mingxuan/OR/itc/itc-2019/src/solution/muni-fsps-spr17/random_hc_20261001_024327/completed/seed_1790793809230/final.xml
1790793809231	/Users/mingxuan/OR/itc/itc-2019/src/solution/muni-fsps-spr17/random_hc_20261001_024327/completed/seed_1790793809231/final.xml
1790793809232	/Users/mingxuan/OR/itc/itc-2019/src/solution/muni-fsps-spr17/random_hc_20261001_024327/completed/seed_1790793809232/final.xml
1790793809233	/Users/mingxuan/OR/itc/itc-2019/src/solution/muni-fsps-spr17/random_hc_20261001_024327/completed/seed_1790793809233/final.xml
1790793809234	/Users/mingxuan/OR/itc/itc-2019/src/solution/muni-fsps-spr17/random_hc_20261001_024327/completed/seed_1790793809234/final.xml
1790793809235	/Users/mingxuan/OR/itc/itc-2019/src/solution/muni-fsps-spr17/random_hc_20261001_024327/completed/seed_1790793809235/final.xml
1790793809236	/Users/mingxuan/OR/itc/itc-2019/src/solution/muni-fsps-spr17/random_hc_20261001_024327/completed/seed_1790793809236/final.xml
1790793809237	/Users/mingxuan/OR/itc/itc-2019/src/solution/muni-fsps-spr17/random_hc_20261001_024327/completed/seed_1790793809237/final.xml
1790793809238	/Users/mingxuan/OR/itc/itc-2019/src/solution/muni-fsps-spr17/random_hc_20261001_024327/completed/seed_1790793809238/final.xml
1790793809239	/Users/mingxuan/OR/itc/itc-2019/src/solution/muni-fsps-spr17/random_hc_20261001_024327/completed/seed_1790793809239/final.xml
1790793809241	/Users/mingxuan/OR/itc/itc-2019/src/solution/muni-fsps-spr17/random_hc_20261001_024327/completed/seed_1790793809241/final.xml
1790793809243	/Users/mingxuan/OR/itc/itc-2019/src/solution/muni-fsps-spr17/random_hc_20261001_024327/completed/seed_1790793809243/final.xml
1790793809244	/Users/mingxuan/OR/itc/itc-2019/src/solution/muni-fsps-spr17/random_hc_20261001_024327/completed/seed_1790793809244/final.xml
1790793809245	/Users/mingxuan/OR/itc/itc-2019/src/solution/muni-fsps-spr17/random_hc_20261001_024327/completed/seed_1790793809245/final.xml
1790793809246	/Users/mingxuan/OR/itc/itc-2019/src/solution/muni-fsps-spr17/random_hc_20261001_024327/completed/seed_1790793809246/final.xml
1790793809247	/Users/mingxuan/OR/itc/itc-2019/src/solution/muni-fsps-spr17/random_hc_20261001_024327/completed/seed_1790793809247/final.xml
1790793809248	/Users/mingxuan/OR/itc/itc-2019/src/solution/muni-fsps-spr17/random_hc_20261001_024327/completed/seed_1790793809248/final.xml
1790793809249	/Users/mingxuan/OR/itc/itc-2019/src/solution/muni-fsps-spr17/random_hc_20261001_024327/completed/seed_1790793809249/final.xml
1790793809250	/Users/mingxuan/OR/itc/itc-2019/src/solution/muni-fsps-spr17/random_hc_20261001_024327/completed/seed_1790793809250/final.xml
1790793809251	/Users/mingxuan/OR/itc/itc-2019/src/solution/muni-fsps-spr17/random_hc_20261001_024327/completed/seed_1790793809251/final.xml
1790793809252	/Users/mingxuan/OR/itc/itc-2019/src/solution/muni-fsps-spr17/random_hc_20261001_024327/completed/seed_1790793809252/final.xml
1790793809253	/Users/mingxuan/OR/itc/itc-2019/src/solution/muni-fsps-spr17/random_hc_20261001_024327/completed/seed_1790793809253/final.xml
1790793809254	/Users/mingxuan/OR/itc/itc-2019/src/solution/muni-fsps-spr17/random_hc_20261001_024327/completed/seed_1790793809254/final.xml
1790793809255	/Users/mingxuan/OR/itc/itc-2019/src/solution/muni-fsps-spr17/random_hc_20261001_024327/completed/seed_1790793809255/final.xml
1790793809256	/Users/mingxuan/OR/itc/itc-2019/src/solution/muni-fsps-spr17/random_hc_20261001_024327/completed/seed_1790793809256/final.xml
1790793809257	/Users/mingxuan/OR/itc/itc-2019/src/solution/muni-fsps-spr17/random_hc_20261001_024327/completed/seed_1790793809257/final.xml
1790793809258	/Users/mingxuan/OR/itc/itc-2019/src/solution/muni-fsps-spr17/random_hc_20261001_024327/completed/seed_1790793809258/final.xml
1790793809259	/Users/mingxuan/OR/itc/itc-2019/src/solution/muni-fsps-spr17/random_hc_20261001_024327/completed/seed_1790793809259/final.xml
1790793809263	/Users/mingxuan/OR/itc/itc-2019/src/solution/muni-fsps-spr17/random_hc_20261001_024327/completed/seed_1790793809263/final.xml
1790793809264	/Users/mingxuan/OR/itc/itc-2019/src/solution/muni-fsps-spr17/random_hc_20261001_024327/completed/seed_1790793809264/final.xml
1790793809266	/Users/mingxuan/OR/itc/itc-2019/src/solution/muni-fsps-spr17/random_hc_20261001_024327/completed/seed_1790793809266/final.xml
1790793809267	/Users/mingxuan/OR/itc/itc-2019/src/solution/muni-fsps-spr17/random_hc_20261001_024327/completed/seed_1790793809267/final.xml
1790793809268	/Users/mingxuan/OR/itc/itc-2019/src/solution/muni-fsps-spr17/random_hc_20261001_024327/completed/seed_1790793809268/final.xml
1790793809269	/Users/mingxuan/OR/itc/itc-2019/src/solution/muni-fsps-spr17/random_hc_20261001_024327/completed/seed_1790793809269/final.xml
1790793809270	/Users/mingxuan/OR/itc/itc-2019/src/solution/muni-fsps-spr17/random_hc_20261001_024327/completed/seed_1790793809270/final.xml
1790793809271	/Users/mingxuan/OR/itc/itc-2019/src/solution/muni-fsps-spr17/random_hc_20261001_024327/completed/seed_1790793809271/final.xml
1790793809273	/Users/mingxuan/OR/itc/itc-2019/src/solution/muni-fsps-spr17/random_hc_20261001_024327/completed/seed_1790793809273/final.xml
1790793809274	/Users/mingxuan/OR/itc/itc-2019/src/solution/muni-fsps-spr17/random_hc_20261001_024327/completed/seed_1790793809274/final.xml
1790793809275	/Users/mingxuan/OR/itc/itc-2019/src/solution/muni-fsps-spr17/random_hc_20261001_024327/completed/seed_1790793809275/final.xml
1790793809277	/Users/mingxuan/OR/itc/itc-2019/src/solution/muni-fsps-spr17/random_hc_20261001_024327/completed/seed_1790793809277/final.xml
1790793809278	/Users/mingxuan/OR/itc/itc-2019/src/solution/muni-fsps-spr17/random_hc_20261001_024327/completed/seed_1790793809278/final.xml
1790793809279	/Users/mingxuan/OR/itc/itc-2019/src/solution/muni-fsps-spr17/random_hc_20261001_024327/completed/seed_1790793809279/final.xml
1790793809280	/Users/mingxuan/OR/itc/itc-2019/src/solution/muni-fsps-spr17/random_hc_20261001_024327/completed/seed_1790793809280/final.xml
1790793809281	/Users/mingxuan/OR/itc/itc-2019/src/solution/muni-fsps-spr17/random_hc_20261001_024327/completed/seed_1790793809281/final.xml
1790793809282	/Users/mingxuan/OR/itc/itc-2019/src/solution/muni-fsps-spr17/random_hc_20261001_024327/completed/seed_1790793809282/final.xml
1790793809283	/Users/mingxuan/OR/itc/itc-2019/src/solution/muni-fsps-spr17/random_hc_20261001_024327/completed/seed_1790793809283/final.xml
1790793809284	/Users/mingxuan/OR/itc/itc-2019/src/solution/muni-fsps-spr17/random_hc_20261001_024327/completed/seed_1790793809284/final.xml
1790793809285	/Users/mingxuan/OR/itc/itc-2019/src/solution/muni-fsps-spr17/random_hc_20261001_024327/completed/seed_1790793809285/final.xml
1790793809286	/Users/mingxuan/OR/itc/itc-2019/src/solution/muni-fsps-spr17/random_hc_20261001_024327/completed/seed_1790793809286/final.xml
1790793809287	/Users/mingxuan/OR/itc/itc-2019/src/solution/muni-fsps-spr17/random_hc_20261001_024327/completed/seed_1790793809287/final.xml
1790793809288	/Users/mingxuan/OR/itc/itc-2019/src/solution/muni-fsps-spr17/random_hc_20261001_024327/completed/seed_1790793809288/final.xml
1790793809289	/Users/mingxuan/OR/itc/itc-2019/src/solution/muni-fsps-spr17/random_hc_20261001_024327/completed/seed_1790793809289/final.xml
1790793809290	/Users/mingxuan/OR/itc/itc-2019/src/solution/muni-fsps-spr17/random_hc_20261001_024327/completed/seed_1790793809290/final.xml
1790793809291	/Users/mingxuan/OR/itc/itc-2019/src/solution/muni-fsps-spr17/random_hc_20261001_024327/completed/seed_1790793809291/final.xml
1790793809292	/Users/mingxuan/OR/itc/itc-2019/src/solution/muni-fsps-spr17/random_hc_20261001_024327/completed/seed_1790793809292/final.xml
1790793809293	/Users/mingxuan/OR/itc/itc-2019/src/solution/muni-fsps-spr17/random_hc_20261001_024327/completed/seed_1790793809293/final.xml
1790793809294	/Users/mingxuan/OR/itc/itc-2019/src/solution/muni-fsps-spr17/random_hc_20261001_024327/completed/seed_1790793809294/final.xml
1790793809295	/Users/mingxuan/OR/itc/itc-2019/src/solution/muni-fsps-spr17/random_hc_20261001_024327/completed/seed_1790793809295/final.xml
1790793809296	/Users/mingxuan/OR/itc/itc-2019/src/solution/muni-fsps-spr17/random_hc_20261001_024327/completed/seed_1790793809296/final.xml
1790793809297	/Users/mingxuan/OR/itc/itc-2019/src/solution/muni-fsps-spr17/random_hc_20261001_024327/completed/seed_1790793809297/final.xml
1790793809298	/Users/mingxuan/OR/itc/itc-2019/src/solution/muni-fsps-spr17/random_hc_20261001_024327/completed/seed_1790793809298/final.xml
1790793809299	/Users/mingxuan/OR/itc/itc-2019/src/solution/muni-fsps-spr17/random_hc_20261001_024327/completed/seed_1790793809299/final.xml
1790793809300	/Users/mingxuan/OR/itc/itc-2019/src/solution/muni-fsps-spr17/random_hc_20261001_024327/completed/seed_1790793809300/final.xml
1790793809303	/Users/mingxuan/OR/itc/itc-2019/src/solution/muni-fsps-spr17/random_hc_20261001_024327/completed/seed_1790793809303/final.xml
1790793809305	/Users/mingxuan/OR/itc/itc-2019/src/solution/muni-fsps-spr17/random_hc_20261001_024327/completed/seed_1790793809305/final.xml
1790793809306	/Users/mingxuan/OR/itc/itc-2019/src/solution/muni-fsps-spr17/random_hc_20261001_024327/completed/seed_1790793809306/final.xml
1790793809308	/Users/mingxuan/OR/itc/itc-2019/src/solution/muni-fsps-spr17/random_hc_20261001_024327/completed/seed_1790793809308/final.xml
1790793809310	/Users/mingxuan/OR/itc/itc-2019/src/solution/muni-fsps-spr17/random_hc_20261001_024327/completed/seed_1790793809310/final.xml
1790793809311	/Users/mingxuan/OR/itc/itc-2019/src/solution/muni-fsps-spr17/random_hc_20261001_024327/completed/seed_1790793809311/final.xml
1790793809312	/Users/mingxuan/OR/itc/itc-2019/src/solution/muni-fsps-spr17/random_hc_20261001_024327/completed/seed_1790793809312/final.xml
1790793809314	/Users/mingxuan/OR/itc/itc-2019/src/solution/muni-fsps-spr17/random_hc_20261001_024327/completed/seed_1790793809314/final.xml
1790793809315	/Users/mingxuan/OR/itc/itc-2019/src/solution/muni-fsps-spr17/random_hc_20261001_024327/completed/seed_1790793809315/final.xml
1790793809316	/Users/mingxuan/OR/itc/itc-2019/src/solution/muni-fsps-spr17/random_hc_20261001_024327/completed/seed_1790793809316/final.xml
1790793809317	/Users/mingxuan/OR/itc/itc-2019/src/solution/muni-fsps-spr17/random_hc_20261001_024327/completed/seed_1790793809317/final.xml
1790793809319	/Users/mingxuan/OR/itc/itc-2019/src/solution/muni-fsps-spr17/random_hc_20261001_024327/completed/seed_1790793809319/final.xml
1790793809320	/Users/mingxuan/OR/itc/itc-2019/src/solution/muni-fsps-spr17/random_hc_20261001_024327/completed/seed_1790793809320/final.xml
1790793809321	/Users/mingxuan/OR/itc/itc-2019/src/solution/muni-fsps-spr17/random_hc_20261001_024327/completed/seed_1790793809321/final.xml
1790793809322	/Users/mingxuan/OR/itc/itc-2019/src/solution/muni-fsps-spr17/random_hc_20261001_024327/completed/seed_1790793809322/final.xml
1790793809323	/Users/mingxuan/OR/itc/itc-2019/src/solution/muni-fsps-spr17/random_hc_20261001_024327/completed/seed_1790793809323/final.xml
1790793809324	/Users/mingxuan/OR/itc/itc-2019/src/solution/muni-fsps-spr17/random_hc_20261001_024327/completed/seed_1790793809324/final.xml
1790793809325	/Users/mingxuan/OR/itc/itc-2019/src/solution/muni-fsps-spr17/random_hc_20261001_024327/completed/seed_1790793809325/final.xml
1790793809327	/Users/mingxuan/OR/itc/itc-2019/src/solution/muni-fsps-spr17/random_hc_20261001_024327/completed/seed_1790793809327/final.xml
1790793809328	/Users/mingxuan/OR/itc/itc-2019/src/solution/muni-fsps-spr17/random_hc_20261001_024327/completed/seed_1790793809328/final.xml
1790793809329	/Users/mingxuan/OR/itc/itc-2019/src/solution/muni-fsps-spr17/random_hc_20261001_024327/completed/seed_1790793809329/final.xml
1790793809333	/Users/mingxuan/OR/itc/itc-2019/src/solution/muni-fsps-spr17/random_hc_20261001_024327/completed/seed_1790793809333/final.xml
1790793809334	/Users/mingxuan/OR/itc/itc-2019/src/solution/muni-fsps-spr17/random_hc_20261001_024327/completed/seed_1790793809334/final.xml
1790793809335	/Users/mingxuan/OR/itc/itc-2019/src/solution/muni-fsps-spr17/random_hc_20261001_024327/completed/seed_1790793809335/final.xml
1790793809336	/Users/mingxuan/OR/itc/itc-2019/src/solution/muni-fsps-spr17/random_hc_20261001_024327/completed/seed_1790793809336/final.xml
1790793809338	/Users/mingxuan/OR/itc/itc-2019/src/solution/muni-fsps-spr17/random_hc_20261001_024327/completed/seed_1790793809338/final.xml
1790793809339	/Users/mingxuan/OR/itc/itc-2019/src/solution/muni-fsps-spr17/random_hc_20261001_024327/completed/seed_1790793809339/final.xml
1790793809340	/Users/mingxuan/OR/itc/itc-2019/src/solution/muni-fsps-spr17/random_hc_20261001_024327/completed/seed_1790793809340/final.xml
1790793809341	/Users/mingxuan/OR/itc/itc-2019/src/solution/muni-fsps-spr17/random_hc_20261001_024327/completed/seed_1790793809341/final.xml
1790793809342	/Users/mingxuan/OR/itc/itc-2019/src/solution/muni-fsps-spr17/random_hc_20261001_024327/completed/seed_1790793809342/final.xml
1790793809343	/Users/mingxuan/OR/itc/itc-2019/src/solution/muni-fsps-spr17/random_hc_20261001_024327/completed/seed_1790793809343/final.xml
1790793809344	/Users/mingxuan/OR/itc/itc-2019/src/solution/muni-fsps-spr17/random_hc_20261001_024327/completed/seed_1790793809344/final.xml
1790793809346	/Users/mingxuan/OR/itc/itc-2019/src/solution/muni-fsps-spr17/random_hc_20261001_024327/completed/seed_1790793809346/final.xml
1790793809347	/Users/mingxuan/OR/itc/itc-2019/src/solution/muni-fsps-spr17/random_hc_20261001_024327/completed/seed_1790793809347/final.xml
1790793809348	/Users/mingxuan/OR/itc/itc-2019/src/solution/muni-fsps-spr17/random_hc_20261001_024327/completed/seed_1790793809348/final.xml
1790793809349	/Users/mingxuan/OR/itc/itc-2019/src/solution/muni-fsps-spr17/random_hc_20261001_024327/completed/seed_1790793809349/final.xml
1790793809350	/Users/mingxuan/OR/itc/itc-2019/src/solution/muni-fsps-spr17/random_hc_20261001_024327/completed/seed_1790793809350/final.xml
1790793809351	/Users/mingxuan/OR/itc/itc-2019/src/solution/muni-fsps-spr17/random_hc_20261001_024327/completed/seed_1790793809351/final.xml
1790793809353	/Users/mingxuan/OR/itc/itc-2019/src/solution/muni-fsps-spr17/random_hc_20261001_024327/completed/seed_1790793809353/final.xml
1790793809354	/Users/mingxuan/OR/itc/itc-2019/src/solution/muni-fsps-spr17/random_hc_20261001_024327/completed/seed_1790793809354/final.xml
1790793809355	/Users/mingxuan/OR/itc/itc-2019/src/solution/muni-fsps-spr17/random_hc_20261001_024327/completed/seed_1790793809355/final.xml
1790793809356	/Users/mingxuan/OR/itc/itc-2019/src/solution/muni-fsps-spr17/random_hc_20261001_024327/completed/seed_1790793809356/final.xml
1790793809358	/Users/mingxuan/OR/itc/itc-2019/src/solution/muni-fsps-spr17/random_hc_20261001_024327/completed/seed_1790793809358/final.xml
1790793809359	/Users/mingxuan/OR/itc/itc-2019/src/solution/muni-fsps-spr17/random_hc_20261001_024327/completed/seed_1790793809359/final.xml
1790793809360	/Users/mingxuan/OR/itc/itc-2019/src/solution/muni-fsps-spr17/random_hc_20261001_024327/completed/seed_1790793809360/final.xml
1790793809361	/Users/mingxuan/OR/itc/itc-2019/src/solution/muni-fsps-spr17/random_hc_20261001_024327/completed/seed_1790793809361/final.xml
1790793809363	/Users/mingxuan/OR/itc/itc-2019/src/solution/muni-fsps-spr17/random_hc_20261001_024327/completed/seed_1790793809363/final.xml
1790793809364	/Users/mingxuan/OR/itc/itc-2019/src/solution/muni-fsps-spr17/random_hc_20261001_024327/completed/seed_1790793809364/final.xml
1790793809365	/Users/mingxuan/OR/itc/itc-2019/src/solution/muni-fsps-spr17/random_hc_20261001_024327/completed/seed_1790793809365/final.xml
1790793809366	/Users/mingxuan/OR/itc/itc-2019/src/solution/muni-fsps-spr17/random_hc_20261001_024327/completed/seed_1790793809366/final.xml
1790793809367	/Users/mingxuan/OR/itc/itc-2019/src/solution/muni-fsps-spr17/random_hc_20261001_024327/completed/seed_1790793809367/final.xml
1790793809368	/Users/mingxuan/OR/itc/itc-2019/src/solution/muni-fsps-spr17/random_hc_20261001_024327/completed/seed_1790793809368/final.xml
1790793809369	/Users/mingxuan/OR/itc/itc-2019/src/solution/muni-fsps-spr17/random_hc_20261001_024327/completed/seed_1790793809369/final.xml
1790793809370	/Users/mingxuan/OR/itc/itc-2019/src/solution/muni-fsps-spr17/random_hc_20261001_024327/completed/seed_1790793809370/final.xml
1790793809372	/Users/mingxuan/OR/itc/itc-2019/src/solution/muni-fsps-spr17/random_hc_20261001_024327/completed/seed_1790793809372/final.xml
1790793809373	/Users/mingxuan/OR/itc/itc-2019/src/solution/muni-fsps-spr17/random_hc_20261001_024327/completed/seed_1790793809373/final.xml
1790793809374	/Users/mingxuan/OR/itc/itc-2019/src/solution/muni-fsps-spr17/random_hc_20261001_024327/completed/seed_1790793809374/final.xml
1790793809375	/Users/mingxuan/OR/itc/itc-2019/src/solution/muni-fsps-spr17/random_hc_20261001_024327/completed/seed_1790793809375/final.xml
1790793809376	/Users/mingxuan/OR/itc/itc-2019/src/solution/muni-fsps-spr17/random_hc_20261001_024327/completed/seed_1790793809376/final.xml
1790793809377	/Users/mingxuan/OR/itc/itc-2019/src/solution/muni-fsps-spr17/random_hc_20261001_024327/completed/seed_1790793809377/final.xml
1790793809380	/Users/mingxuan/OR/itc/itc-2019/src/solution/muni-fsps-spr17/random_hc_20261001_024327/completed/seed_1790793809380/final.xml
1790793809381	/Users/mingxuan/OR/itc/itc-2019/src/solution/muni-fsps-spr17/random_hc_20261001_024327/completed/seed_1790793809381/final.xml
1790793809382	/Users/mingxuan/OR/itc/itc-2019/src/solution/muni-fsps-spr17/random_hc_20261001_024327/completed/seed_1790793809382/final.xml
1790793809383	/Users/mingxuan/OR/itc/itc-2019/src/solution/muni-fsps-spr17/random_hc_20261001_024327/completed/seed_1790793809383/final.xml
1790793809384	/Users/mingxuan/OR/itc/itc-2019/src/solution/muni-fsps-spr17/random_hc_20261001_024327/completed/seed_1790793809384/final.xml
1790793809385	/Users/mingxuan/OR/itc/itc-2019/src/solution/muni-fsps-spr17/random_hc_20261001_024327/completed/seed_1790793809385/final.xml
1790793809386	/Users/mingxuan/OR/itc/itc-2019/src/solution/muni-fsps-spr17/random_hc_20261001_024327/completed/seed_1790793809386/final.xml
1790793809387	/Users/mingxuan/OR/itc/itc-2019/src/solution/muni-fsps-spr17/random_hc_20261001_024327/completed/seed_1790793809387/final.xml
1790793809388	/Users/mingxuan/OR/itc/itc-2019/src/solution/muni-fsps-spr17/random_hc_20261001_024327/completed/seed_1790793809388/final.xml
1790793809390	/Users/mingxuan/OR/itc/itc-2019/src/solution/muni-fsps-spr17/random_hc_20261001_024327/completed/seed_1790793809390/final.xml
1790793809391	/Users/mingxuan/OR/itc/itc-2019/src/solution/muni-fsps-spr17/random_hc_20261001_024327/completed/seed_1790793809391/final.xml
1790793809392	/Users/mingxuan/OR/itc/itc-2019/src/solution/muni-fsps-spr17/random_hc_20261001_024327/completed/seed_1790793809392/final.xml
1790793809393	/Users/mingxuan/OR/itc/itc-2019/src/solution/muni-fsps-spr17/random_hc_20261001_024327/completed/seed_1790793809393/final.xml
1790793809394	/Users/mingxuan/OR/itc/itc-2019/src/solution/muni-fsps-spr17/random_hc_20261001_024327/completed/seed_1790793809394/final.xml
1790793809395	/Users/mingxuan/OR/itc/itc-2019/src/solution/muni-fsps-spr17/random_hc_20261001_024327/completed/seed_1790793809395/final.xml
1790793809396	/Users/mingxuan/OR/itc/itc-2019/src/solution/muni-fsps-spr17/random_hc_20261001_024327/completed/seed_1790793809396/final.xml
1790793809398	/Users/mingxuan/OR/itc/itc-2019/src/solution/muni-fsps-spr17/random_hc_20261001_024327/completed/seed_1790793809398/final.xml
1790793809399	/Users/mingxuan/OR/itc/itc-2019/src/solution/muni-fsps-spr17/random_hc_20261001_024327/completed/seed_1790793809399/final.xml
1790793809400	/Users/mingxuan/OR/itc/itc-2019/src/solution/muni-fsps-spr17/random_hc_20261001_024327/completed/seed_1790793809400/final.xml
1790793809401	/Users/mingxuan/OR/itc/itc-2019/src/solution/muni-fsps-spr17/random_hc_20261001_024327/completed/seed_1790793809401/final.xml
1790793809402	/Users/mingxuan/OR/itc/itc-2019/src/solution/muni-fsps-spr17/random_hc_20261001_024327/completed/seed_1790793809402/final.xml
1790793809403	/Users/mingxuan/OR/itc/itc-2019/src/solution/muni-fsps-spr17/random_hc_20261001_024327/completed/seed_1790793809403/final.xml
1790793809404	/Users/mingxuan/OR/itc/itc-2019/src/solution/muni-fsps-spr17/random_hc_20261001_024327/completed/seed_1790793809404/final.xml
1790793809406	/Users/mingxuan/OR/itc/itc-2019/src/solution/muni-fsps-spr17/random_hc_20261001_024327/completed/seed_1790793809406/final.xml
1790793809407	/Users/mingxuan/OR/itc/itc-2019/src/solution/muni-fsps-spr17/random_hc_20261001_024327/completed/seed_1790793809407/final.xml
1790793809408	/Users/mingxuan/OR/itc/itc-2019/src/solution/muni-fsps-spr17/random_hc_20261001_024327/completed/seed_1790793809408/final.xml
1790793809410	/Users/mingxuan/OR/itc/itc-2019/src/solution/muni-fsps-spr17/random_hc_20261001_024327/completed/seed_1790793809410/final.xml
1790793809413	/Users/mingxuan/OR/itc/itc-2019/src/solution/muni-fsps-spr17/random_hc_20261001_024327/completed/seed_1790793809413/final.xml
1790793809415	/Users/mingxuan/OR/itc/itc-2019/src/solution/muni-fsps-spr17/random_hc_20261001_024327/completed/seed_1790793809415/final.xml
1790793809416	/Users/mingxuan/OR/itc/itc-2019/src/solution/muni-fsps-spr17/random_hc_20261001_024327/completed/seed_1790793809416/final.xml
1790793809417	/Users/mingxuan/OR/itc/itc-2019/src/solution/muni-fsps-spr17/random_hc_20261001_024327/completed/seed_1790793809417/final.xml
1790793809420	/Users/mingxuan/OR/itc/itc-2019/src/solution/muni-fsps-spr17/random_hc_20261001_024327/completed/seed_1790793809420/final.xml
1790793809421	/Users/mingxuan/OR/itc/itc-2019/src/solution/muni-fsps-spr17/random_hc_20261001_024327/completed/seed_1790793809421/final.xml
1790793809422	/Users/mingxuan/OR/itc/itc-2019/src/solution/muni-fsps-spr17/random_hc_20261001_024327/completed/seed_1790793809422/final.xml
1790793809423	/Users/mingxuan/OR/itc/itc-2019/src/solution/muni-fsps-spr17/random_hc_20261001_024327/completed/seed_1790793809423/final.xml
1790793809424	/Users/mingxuan/OR/itc/itc-2019/src/solution/muni-fsps-spr17/random_hc_20261001_024327/completed/seed_1790793809424/final.xml
1790793809425	/Users/mingxuan/OR/itc/itc-2019/src/solution/muni-fsps-spr17/random_hc_20261001_024327/completed/seed_1790793809425/final.xml
1790793809426	/Users/mingxuan/OR/itc/itc-2019/src/solution/muni-fsps-spr17/random_hc_20261001_024327/completed/seed_1790793809426/final.xml
1790793809427	/Users/mingxuan/OR/itc/itc-2019/src/solution/muni-fsps-spr17/random_hc_20261001_024327/completed/seed_1790793809427/final.xml
1790793809428	/Users/mingxuan/OR/itc/itc-2019/src/solution/muni-fsps-spr17/random_hc_20261001_024327/completed/seed_1790793809428/final.xml
1790793809429	/Users/mingxuan/OR/itc/itc-2019/src/solution/muni-fsps-spr17/random_hc_20261001_024327/completed/seed_1790793809429/final.xml
1790793809430	/Users/mingxuan/OR/itc/itc-2019/src/solution/muni-fsps-spr17/random_hc_20261001_024327/completed/seed_1790793809430/final.xml
1790793809431	/Users/mingxuan/OR/itc/itc-2019/src/solution/muni-fsps-spr17/random_hc_20261001_024327/completed/seed_1790793809431/final.xml
1790793809432	/Users/mingxuan/OR/itc/itc-2019/src/solution/muni-fsps-spr17/random_hc_20261001_024327/completed/seed_1790793809432/final.xml
1790793809433	/Users/mingxuan/OR/itc/itc-2019/src/solution/muni-fsps-spr17/random_hc_20261001_024327/completed/seed_1790793809433/final.xml
1790793809434	/Users/mingxuan/OR/itc/itc-2019/src/solution/muni-fsps-spr17/random_hc_20261001_024327/completed/seed_1790793809434/final.xml
1790793809435	/Users/mingxuan/OR/itc/itc-2019/src/solution/muni-fsps-spr17/random_hc_20261001_024327/completed/seed_1790793809435/final.xml
1790793809436	/Users/mingxuan/OR/itc/itc-2019/src/solution/muni-fsps-spr17/random_hc_20261001_024327/completed/seed_1790793809436/final.xml
1790793809438	/Users/mingxuan/OR/itc/itc-2019/src/solution/muni-fsps-spr17/random_hc_20261001_024327/completed/seed_1790793809438/final.xml
1790793809439	/Users/mingxuan/OR/itc/itc-2019/src/solution/muni-fsps-spr17/random_hc_20261001_024327/completed/seed_1790793809439/final.xml
1790793809443	/Users/mingxuan/OR/itc/itc-2019/src/solution/muni-fsps-spr17/random_hc_20261001_024327/completed/seed_1790793809443/final.xml
1790793809444	/Users/mingxuan/OR/itc/itc-2019/src/solution/muni-fsps-spr17/random_hc_20261001_024327/completed/seed_1790793809444/final.xml
1790793809445	/Users/mingxuan/OR/itc/itc-2019/src/solution/muni-fsps-spr17/random_hc_20261001_024327/completed/seed_1790793809445/final.xml
1790793809446	/Users/mingxuan/OR/itc/itc-2019/src/solution/muni-fsps-spr17/random_hc_20261001_024327/completed/seed_1790793809446/final.xml
1790793809448	/Users/mingxuan/OR/itc/itc-2019/src/solution/muni-fsps-spr17/random_hc_20261001_024327/completed/seed_1790793809448/final.xml
1790793809449	/Users/mingxuan/OR/itc/itc-2019/src/solution/muni-fsps-spr17/random_hc_20261001_024327/completed/seed_1790793809449/final.xml
1790793809450	/Users/mingxuan/OR/itc/itc-2019/src/solution/muni-fsps-spr17/random_hc_20261001_024327/completed/seed_1790793809450/final.xml
1790793809452	/Users/mingxuan/OR/itc/itc-2019/src/solution/muni-fsps-spr17/random_hc_20261001_024327/completed/seed_1790793809452/final.xml
1790793809454	/Users/mingxuan/OR/itc/itc-2019/src/solution/muni-fsps-spr17/random_hc_20261001_024327/completed/seed_1790793809454/final.xml
1790793809456	/Users/mingxuan/OR/itc/itc-2019/src/solution/muni-fsps-spr17/random_hc_20261001_024327/completed/seed_1790793809456/final.xml
1790793809457	/Users/mingxuan/OR/itc/itc-2019/src/solution/muni-fsps-spr17/random_hc_20261001_024327/completed/seed_1790793809457/final.xml
1790793809458	/Users/mingxuan/OR/itc/itc-2019/src/solution/muni-fsps-spr17/random_hc_20261001_024327/completed/seed_1790793809458/final.xml
1790793809459	/Users/mingxuan/OR/itc/itc-2019/src/solution/muni-fsps-spr17/random_hc_20261001_024327/completed/seed_1790793809459/final.xml
1790793809460	/Users/mingxuan/OR/itc/itc-2019/src/solution/muni-fsps-spr17/random_hc_20261001_024327/completed/seed_1790793809460/final.xml
1790793809463	/Users/mingxuan/OR/itc/itc-2019/src/solution/muni-fsps-spr17/random_hc_20261001_024327/completed/seed_1790793809463/final.xml
1790793809465	/Users/mingxuan/OR/itc/itc-2019/src/solution/muni-fsps-spr17/random_hc_20261001_024327/completed/seed_1790793809465/final.xml
1790793809466	/Users/mingxuan/OR/itc/itc-2019/src/solution/muni-fsps-spr17/random_hc_20261001_024327/completed/seed_1790793809466/final.xml
1790793809467	/Users/mingxuan/OR/itc/itc-2019/src/solution/muni-fsps-spr17/random_hc_20261001_024327/completed/seed_1790793809467/final.xml
1790793809468	/Users/mingxuan/OR/itc/itc-2019/src/solution/muni-fsps-spr17/random_hc_20261001_024327/completed/seed_1790793809468/final.xml
1790793809469	/Users/mingxuan/OR/itc/itc-2019/src/solution/muni-fsps-spr17/random_hc_20261001_024327/completed/seed_1790793809469/final.xml
1790793809470	/Users/mingxuan/OR/itc/itc-2019/src/solution/muni-fsps-spr17/random_hc_20261001_024327/completed/seed_1790793809470/final.xml
1790793809471	/Users/mingxuan/OR/itc/itc-2019/src/solution/muni-fsps-spr17/random_hc_20261001_024327/completed/seed_1790793809471/final.xml
1790793809472	/Users/mingxuan/OR/itc/itc-2019/src/solution/muni-fsps-spr17/random_hc_20261001_024327/completed/seed_1790793809472/final.xml
1790793809474	/Users/mingxuan/OR/itc/itc-2019/src/solution/muni-fsps-spr17/random_hc_20261001_024327/completed/seed_1790793809474/final.xml
1790793809476	/Users/mingxuan/OR/itc/itc-2019/src/solution/muni-fsps-spr17/random_hc_20261001_024327/completed/seed_1790793809476/final.xml
1790793809477	/Users/mingxuan/OR/itc/itc-2019/src/solution/muni-fsps-spr17/random_hc_20261001_024327/completed/seed_1790793809477/final.xml
1790793809478	/Users/mingxuan/OR/itc/itc-2019/src/solution/muni-fsps-spr17/random_hc_20261001_024327/completed/seed_1790793809478/final.xml
1790793809479	/Users/mingxuan/OR/itc/itc-2019/src/solution/muni-fsps-spr17/random_hc_20261001_024327/completed/seed_1790793809479/final.xml
1790793809480	/Users/mingxuan/OR/itc/itc-2019/src/solution/muni-fsps-spr17/random_hc_20261001_024327/completed/seed_1790793809480/final.xml
1790793809481	/Users/mingxuan/OR/itc/itc-2019/src/solution/muni-fsps-spr17/random_hc_20261001_024327/completed/seed_1790793809481/final.xml
1790793809482	/Users/mingxuan/OR/itc/itc-2019/src/solution/muni-fsps-spr17/random_hc_20261001_024327/completed/seed_1790793809482/final.xml
1790793809483	/Users/mingxuan/OR/itc/itc-2019/src/solution/muni-fsps-spr17/random_hc_20261001_024327/completed/seed_1790793809483/final.xml
1790793809484	/Users/mingxuan/OR/itc/itc-2019/src/solution/muni-fsps-spr17/random_hc_20261001_024327/completed/seed_1790793809484/final.xml
1790793809485	/Users/mingxuan/OR/itc/itc-2019/src/solution/muni-fsps-spr17/random_hc_20261001_024327/completed/seed_1790793809485/final.xml
1790793809486	/Users/mingxuan/OR/itc/itc-2019/src/solution/muni-fsps-spr17/random_hc_20261001_024327/completed/seed_1790793809486/final.xml
1790793809489	/Users/mingxuan/OR/itc/itc-2019/src/solution/muni-fsps-spr17/random_hc_20261001_024327/completed/seed_1790793809489/final.xml
1790793809490	/Users/mingxuan/OR/itc/itc-2019/src/solution/muni-fsps-spr17/random_hc_20261001_024327/completed/seed_1790793809490/final.xml
1790793809491	/Users/mingxuan/OR/itc/itc-2019/src/solution/muni-fsps-spr17/random_hc_20261001_024327/completed/seed_1790793809491/final.xml
1790793809492	/Users/mingxuan/OR/itc/itc-2019/src/solution/muni-fsps-spr17/random_hc_20261001_024327/completed/seed_1790793809492/final.xml
1790793809493	/Users/mingxuan/OR/itc/itc-2019/src/solution/muni-fsps-spr17/random_hc_20261001_024327/completed/seed_1790793809493/final.xml
1790793809496	/Users/mingxuan/OR/itc/itc-2019/src/solution/muni-fsps-spr17/random_hc_20261001_024327/completed/seed_1790793809496/final.xml
1790793809497	/Users/mingxuan/OR/itc/itc-2019/src/solution/muni-fsps-spr17/random_hc_20261001_024327/completed/seed_1790793809497/final.xml
1790793809499	/Users/mingxuan/OR/itc/itc-2019/src/solution/muni-fsps-spr17/random_hc_20261001_024327/completed/seed_1790793809499/final.xml
1790793809500	/Users/mingxuan/OR/itc/itc-2019/src/solution/muni-fsps-spr17/random_hc_20261001_024327/completed/seed_1790793809500/final.xml
1790793809501	/Users/mingxuan/OR/itc/itc-2019/src/solution/muni-fsps-spr17/random_hc_20261001_024327/completed/seed_1790793809501/final.xml
1790793809502	/Users/mingxuan/OR/itc/itc-2019/src/solution/muni-fsps-spr17/random_hc_20261001_024327/completed/seed_1790793809502/final.xml
1790793809503	/Users/mingxuan/OR/itc/itc-2019/src/solution/muni-fsps-spr17/random_hc_20261001_024327/completed/seed_1790793809503/final.xml
1790793809504	/Users/mingxuan/OR/itc/itc-2019/src/solution/muni-fsps-spr17/random_hc_20261001_024327/completed/seed_1790793809504/final.xml
1790793809506	/Users/mingxuan/OR/itc/itc-2019/src/solution/muni-fsps-spr17/random_hc_20261001_024327/completed/seed_1790793809506/final.xml
1790793809507	/Users/mingxuan/OR/itc/itc-2019/src/solution/muni-fsps-spr17/random_hc_20261001_024327/completed/seed_1790793809507/final.xml
1790793809508	/Users/mingxuan/OR/itc/itc-2019/src/solution/muni-fsps-spr17/random_hc_20261001_024327/completed/seed_1790793809508/final.xml
1790793809509	/Users/mingxuan/OR/itc/itc-2019/src/solution/muni-fsps-spr17/random_hc_20261001_024327/completed/seed_1790793809509/final.xml
1790793809510	/Users/mingxuan/OR/itc/itc-2019/src/solution/muni-fsps-spr17/random_hc_20261001_024327/completed/seed_1790793809510/final.xml
1790793809511	/Users/mingxuan/OR/itc/itc-2019/src/solution/muni-fsps-spr17/random_hc_20261001_024327/completed/seed_1790793809511/final.xml
1790793809512	/Users/mingxuan/OR/itc/itc-2019/src/solution/muni-fsps-spr17/random_hc_20261001_024327/completed/seed_1790793809512/final.xml
1790793809513	/Users/mingxuan/OR/itc/itc-2019/src/solution/muni-fsps-spr17/random_hc_20261001_024327/completed/seed_1790793809513/final.xml
1790793809514	/Users/mingxuan/OR/itc/itc-2019/src/solution/muni-fsps-spr17/random_hc_20261001_024327/completed/seed_1790793809514/final.xml
1790793809515	/Users/mingxuan/OR/itc/itc-2019/src/solution/muni-fsps-spr17/random_hc_20261001_024327/completed/seed_1790793809515/final.xml
1790793809516	/Users/mingxuan/OR/itc/itc-2019/src/solution/muni-fsps-spr17/random_hc_20261001_024327/completed/seed_1790793809516/final.xml
1790793809517	/Users/mingxuan/OR/itc/itc-2019/src/solution/muni-fsps-spr17/random_hc_20261001_024327/completed/seed_1790793809517/final.xml
1790793809518	/Users/mingxuan/OR/itc/itc-2019/src/solution/muni-fsps-spr17/random_hc_20261001_024327/completed/seed_1790793809518/final.xml
1790793809519	/Users/mingxuan/OR/itc/itc-2019/src/solution/muni-fsps-spr17/random_hc_20261001_024327/completed/seed_1790793809519/final.xml
1790793809522	/Users/mingxuan/OR/itc/itc-2019/src/solution/muni-fsps-spr17/random_hc_20261001_024327/completed/seed_1790793809522/final.xml
1790793809523	/Users/mingxuan/OR/itc/itc-2019/src/solution/muni-fsps-spr17/random_hc_20261001_024327/completed/seed_1790793809523/final.xml
1790793809525	/Users/mingxuan/OR/itc/itc-2019/src/solution/muni-fsps-spr17/random_hc_20261001_024327/completed/seed_1790793809525/final.xml
1790793809526	/Users/mingxuan/OR/itc/itc-2019/src/solution/muni-fsps-spr17/random_hc_20261001_024327/completed/seed_1790793809526/final.xml
1790793809528	/Users/mingxuan/OR/itc/itc-2019/src/solution/muni-fsps-spr17/random_hc_20261001_024327/completed/seed_1790793809528/final.xml
1790793809530	/Users/mingxuan/OR/itc/itc-2019/src/solution/muni-fsps-spr17/random_hc_20261001_024327/completed/seed_1790793809530/final.xml
1790793809532	/Users/mingxuan/OR/itc/itc-2019/src/solution/muni-fsps-spr17/random_hc_20261001_024327/completed/seed_1790793809532/final.xml
1790793809533	/Users/mingxuan/OR/itc/itc-2019/src/solution/muni-fsps-spr17/random_hc_20261001_024327/completed/seed_1790793809533/final.xml
1790793809535	/Users/mingxuan/OR/itc/itc-2019/src/solution/muni-fsps-spr17/random_hc_20261001_024327/completed/seed_1790793809535/final.xml
1790793809536	/Users/mingxuan/OR/itc/itc-2019/src/solution/muni-fsps-spr17/random_hc_20261001_024327/completed/seed_1790793809536/final.xml
1790793809537	/Users/mingxuan/OR/itc/itc-2019/src/solution/muni-fsps-spr17/random_hc_20261001_024327/completed/seed_1790793809537/final.xml
1790793809538	/Users/mingxuan/OR/itc/itc-2019/src/solution/muni-fsps-spr17/random_hc_20261001_024327/completed/seed_1790793809538/final.xml
1790793809540	/Users/mingxuan/OR/itc/itc-2019/src/solution/muni-fsps-spr17/random_hc_20261001_024327/completed/seed_1790793809540/final.xml
1790793809541	/Users/mingxuan/OR/itc/itc-2019/src/solution/muni-fsps-spr17/random_hc_20261001_024327/completed/seed_1790793809541/final.xml
1790793809542	/Users/mingxuan/OR/itc/itc-2019/src/solution/muni-fsps-spr17/random_hc_20261001_024327/completed/seed_1790793809542/final.xml
1790793809544	/Users/mingxuan/OR/itc/itc-2019/src/solution/muni-fsps-spr17/random_hc_20261001_024327/completed/seed_1790793809544/final.xml
1790793809545	/Users/mingxuan/OR/itc/itc-2019/src/solution/muni-fsps-spr17/random_hc_20261001_024327/completed/seed_1790793809545/final.xml
1790793809546	/Users/mingxuan/OR/itc/itc-2019/src/solution/muni-fsps-spr17/random_hc_20261001_024327/completed/seed_1790793809546/final.xml
1790793809547	/Users/mingxuan/OR/itc/itc-2019/src/solution/muni-fsps-spr17/random_hc_20261001_024327/completed/seed_1790793809547/final.xml
1790793809550	/Users/mingxuan/OR/itc/itc-2019/src/solution/muni-fsps-spr17/random_hc_20261001_024327/completed/seed_1790793809550/final.xml
1790793809551	/Users/mingxuan/OR/itc/itc-2019/src/solution/muni-fsps-spr17/random_hc_20261001_024327/completed/seed_1790793809551/final.xml
1790793809552	/Users/mingxuan/OR/itc/itc-2019/src/solution/muni-fsps-spr17/random_hc_20261001_024327/completed/seed_1790793809552/final.xml
1790793809553	/Users/mingxuan/OR/itc/itc-2019/src/solution/muni-fsps-spr17/random_hc_20261001_024327/completed/seed_1790793809553/final.xml
1790793809555	/Users/mingxuan/OR/itc/itc-2019/src/solution/muni-fsps-spr17/random_hc_20261001_024327/completed/seed_1790793809555/final.xml
1790793809557	/Users/mingxuan/OR/itc/itc-2019/src/solution/muni-fsps-spr17/random_hc_20261001_024327/completed/seed_1790793809557/final.xml
1790793809558	/Users/mingxuan/OR/itc/itc-2019/src/solution/muni-fsps-spr17/random_hc_20261001_024327/completed/seed_1790793809558/final.xml
1790793809559	/Users/mingxuan/OR/itc/itc-2019/src/solution/muni-fsps-spr17/random_hc_20261001_024327/completed/seed_1790793809559/final.xml
1790793809560	/Users/mingxuan/OR/itc/itc-2019/src/solution/muni-fsps-spr17/random_hc_20261001_024327/completed/seed_1790793809560/final.xml
1790793809561	/Users/mingxuan/OR/itc/itc-2019/src/solution/muni-fsps-spr17/random_hc_20261001_024327/completed/seed_1790793809561/final.xml
1790793809562	/Users/mingxuan/OR/itc/itc-2019/src/solution/muni-fsps-spr17/random_hc_20261001_024327/completed/seed_1790793809562/final.xml
1790793809564	/Users/mingxuan/OR/itc/itc-2019/src/solution/muni-fsps-spr17/random_hc_20261001_024327/completed/seed_1790793809564/final.xml
1790793809565	/Users/mingxuan/OR/itc/itc-2019/src/solution/muni-fsps-spr17/random_hc_20261001_024327/completed/seed_1790793809565/final.xml
1790793809566	/Users/mingxuan/OR/itc/itc-2019/src/solution/muni-fsps-spr17/random_hc_20261001_024327/completed/seed_1790793809566/final.xml
1790793809567	/Users/mingxuan/OR/itc/itc-2019/src/solution/muni-fsps-spr17/random_hc_20261001_024327/completed/seed_1790793809567/final.xml
1790793809568	/Users/mingxuan/OR/itc/itc-2019/src/solution/muni-fsps-spr17/random_hc_20261001_024327/completed/seed_1790793809568/final.xml
1790793809569	/Users/mingxuan/OR/itc/itc-2019/src/solution/muni-fsps-spr17/random_hc_20261001_024327/completed/seed_1790793809569/final.xml
1790793809570	/Users/mingxuan/OR/itc/itc-2019/src/solution/muni-fsps-spr17/random_hc_20261001_024327/completed/seed_1790793809570/final.xml
1790793809571	/Users/mingxuan/OR/itc/itc-2019/src/solution/muni-fsps-spr17/random_hc_20261001_024327/completed/seed_1790793809571/final.xml
1790793809572	/Users/mingxuan/OR/itc/itc-2019/src/solution/muni-fsps-spr17/random_hc_20261001_024327/completed/seed_1790793809572/final.xml
1790793809573	/Users/mingxuan/OR/itc/itc-2019/src/solution/muni-fsps-spr17/random_hc_20261001_024327/completed/seed_1790793809573/final.xml
1790793809574	/Users/mingxuan/OR/itc/itc-2019/src/solution/muni-fsps-spr17/random_hc_20261001_024327/completed/seed_1790793809574/final.xml
1790793809575	/Users/mingxuan/OR/itc/itc-2019/src/solution/muni-fsps-spr17/random_hc_20261001_024327/completed/seed_1790793809575/final.xml
1790793809576	/Users/mingxuan/OR/itc/itc-2019/src/solution/muni-fsps-spr17/random_hc_20261001_024327/completed/seed_1790793809576/final.xml
1790793809579	/Users/mingxuan/OR/itc/itc-2019/src/solution/muni-fsps-spr17/random_hc_20261001_024327/completed/seed_1790793809579/final.xml
1790793809580	/Users/mingxuan/OR/itc/itc-2019/src/solution/muni-fsps-spr17/random_hc_20261001_024327/completed/seed_1790793809580/final.xml
1790793809582	/Users/mingxuan/OR/itc/itc-2019/src/solution/muni-fsps-spr17/random_hc_20261001_024327/completed/seed_1790793809582/final.xml
1790793809583	/Users/mingxuan/OR/itc/itc-2019/src/solution/muni-fsps-spr17/random_hc_20261001_024327/completed/seed_1790793809583/final.xml
1790793809584	/Users/mingxuan/OR/itc/itc-2019/src/solution/muni-fsps-spr17/random_hc_20261001_024327/completed/seed_1790793809584/final.xml
1790793809585	/Users/mingxuan/OR/itc/itc-2019/src/solution/muni-fsps-spr17/random_hc_20261001_024327/completed/seed_1790793809585/final.xml
1790793809586	/Users/mingxuan/OR/itc/itc-2019/src/solution/muni-fsps-spr17/random_hc_20261001_024327/completed/seed_1790793809586/final.xml
1790793809587	/Users/mingxuan/OR/itc/itc-2019/src/solution/muni-fsps-spr17/random_hc_20261001_024327/completed/seed_1790793809587/final.xml
1790793809588	/Users/mingxuan/OR/itc/itc-2019/src/solution/muni-fsps-spr17/random_hc_20261001_024327/completed/seed_1790793809588/final.xml
1790793809590	/Users/mingxuan/OR/itc/itc-2019/src/solution/muni-fsps-spr17/random_hc_20261001_024327/completed/seed_1790793809590/final.xml
1790793809591	/Users/mingxuan/OR/itc/itc-2019/src/solution/muni-fsps-spr17/random_hc_20261001_024327/completed/seed_1790793809591/final.xml
1790793809592	/Users/mingxuan/OR/itc/itc-2019/src/solution/muni-fsps-spr17/random_hc_20261001_024327/completed/seed_1790793809592/final.xml
1790793809593	/Users/mingxuan/OR/itc/itc-2019/src/solution/muni-fsps-spr17/random_hc_20261001_024327/completed/seed_1790793809593/final.xml
1790793809594	/Users/mingxuan/OR/itc/itc-2019/src/solution/muni-fsps-spr17/random_hc_20261001_024327/completed/seed_1790793809594/final.xml
1790793809595	/Users/mingxuan/OR/itc/itc-2019/src/solution/muni-fsps-spr17/random_hc_20261001_024327/completed/seed_1790793809595/final.xml
1790793809596	/Users/mingxuan/OR/itc/itc-2019/src/solution/muni-fsps-spr17/random_hc_20261001_024327/completed/seed_1790793809596/final.xml
1790793809597	/Users/mingxuan/OR/itc/itc-2019/src/solution/muni-fsps-spr17/random_hc_20261001_024327/completed/seed_1790793809597/final.xml
1790793809598	/Users/mingxuan/OR/itc/itc-2019/src/solution/muni-fsps-spr17/random_hc_20261001_024327/completed/seed_1790793809598/final.xml
1790793809600	/Users/mingxuan/OR/itc/itc-2019/src/solution/muni-fsps-spr17/random_hc_20261001_024327/completed/seed_1790793809600/final.xml
1790793809601	/Users/mingxuan/OR/itc/itc-2019/src/solution/muni-fsps-spr17/random_hc_20261001_024327/completed/seed_1790793809601/final.xml
1790793809602	/Users/mingxuan/OR/itc/itc-2019/src/solution/muni-fsps-spr17/random_hc_20261001_024327/completed/seed_1790793809602/final.xml
1790793809603	/Users/mingxuan/OR/itc/itc-2019/src/solution/muni-fsps-spr17/random_hc_20261001_024327/completed/seed_1790793809603/final.xml
1790793809604	/Users/mingxuan/OR/itc/itc-2019/src/solution/muni-fsps-spr17/random_hc_20261001_024327/completed/seed_1790793809604/final.xml
1790793809605	/Users/mingxuan/OR/itc/itc-2019/src/solution/muni-fsps-spr17/random_hc_20261001_024327/completed/seed_1790793809605/final.xml
1790793809606	/Users/mingxuan/OR/itc/itc-2019/src/solution/muni-fsps-spr17/random_hc_20261001_024327/completed/seed_1790793809606/final.xml
1790793809607	/Users/mingxuan/OR/itc/itc-2019/src/solution/muni-fsps-spr17/random_hc_20261001_024327/completed/seed_1790793809607/final.xml
1790793809608	/Users/mingxuan/OR/itc/itc-2019/src/solution/muni-fsps-spr17/random_hc_20261001_024327/completed/seed_1790793809608/final.xml
1790793809610	/Users/mingxuan/OR/itc/itc-2019/src/solution/muni-fsps-spr17/random_hc_20261001_024327/completed/seed_1790793809610/final.xml
1790793809611	/Users/mingxuan/OR/itc/itc-2019/src/solution/muni-fsps-spr17/random_hc_20261001_024327/completed/seed_1790793809611/final.xml
1790793809612	/Users/mingxuan/OR/itc/itc-2019/src/solution/muni-fsps-spr17/random_hc_20261001_024327/completed/seed_1790793809612/final.xml
1790793809613	/Users/mingxuan/OR/itc/itc-2019/src/solution/muni-fsps-spr17/random_hc_20261001_024327/completed/seed_1790793809613/final.xml
1790793809614	/Users/mingxuan/OR/itc/itc-2019/src/solution/muni-fsps-spr17/random_hc_20261001_024327/completed/seed_1790793809614/final.xml
1790793809615	/Users/mingxuan/OR/itc/itc-2019/src/solution/muni-fsps-spr17/random_hc_20261001_024327/completed/seed_1790793809615/final.xml
1790793809616	/Users/mingxuan/OR/itc/itc-2019/src/solution/muni-fsps-spr17/random_hc_20261001_024327/completed/seed_1790793809616/final.xml
1790793809617	/Users/mingxuan/OR/itc/itc-2019/src/solution/muni-fsps-spr17/random_hc_20261001_024327/completed/seed_1790793809617/final.xml
1790793809619	/Users/mingxuan/OR/itc/itc-2019/src/solution/muni-fsps-spr17/random_hc_20261001_024327/completed/seed_1790793809619/final.xml
1790793809620	/Users/mingxuan/OR/itc/itc-2019/src/solution/muni-fsps-spr17/random_hc_20261001_024327/completed/seed_1790793809620/final.xml
1790793809621	/Users/mingxuan/OR/itc/itc-2019/src/solution/muni-fsps-spr17/random_hc_20261001_024327/completed/seed_1790793809621/final.xml
1790793809623	/Users/mingxuan/OR/itc/itc-2019/src/solution/muni-fsps-spr17/random_hc_20261001_024327/completed/seed_1790793809623/final.xml
1790793809624	/Users/mingxuan/OR/itc/itc-2019/src/solution/muni-fsps-spr17/random_hc_20261001_024327/completed/seed_1790793809624/final.xml
1790793809625	/Users/mingxuan/OR/itc/itc-2019/src/solution/muni-fsps-spr17/random_hc_20261001_024327/completed/seed_1790793809625/final.xml
1790793809626	/Users/mingxuan/OR/itc/itc-2019/src/solution/muni-fsps-spr17/random_hc_20261001_024327/completed/seed_1790793809626/final.xml
1790793809627	/Users/mingxuan/OR/itc/itc-2019/src/solution/muni-fsps-spr17/random_hc_20261001_024327/completed/seed_1790793809627/final.xml
1790793809628	/Users/mingxuan/OR/itc/itc-2019/src/solution/muni-fsps-spr17/random_hc_20261001_024327/completed/seed_1790793809628/final.xml
1790793809630	/Users/mingxuan/OR/itc/itc-2019/src/solution/muni-fsps-spr17/random_hc_20261001_024327/completed/seed_1790793809630/final.xml
1790793809631	/Users/mingxuan/OR/itc/itc-2019/src/solution/muni-fsps-spr17/random_hc_20261001_024327/completed/seed_1790793809631/final.xml
1790793809632	/Users/mingxuan/OR/itc/itc-2019/src/solution/muni-fsps-spr17/random_hc_20261001_024327/completed/seed_1790793809632/final.xml
1790793809633	/Users/mingxuan/OR/itc/itc-2019/src/solution/muni-fsps-spr17/random_hc_20261001_024327/completed/seed_1790793809633/final.xml
1790793809634	/Users/mingxuan/OR/itc/itc-2019/src/solution/muni-fsps-spr17/random_hc_20261001_024327/completed/seed_1790793809634/final.xml
1790793809635	/Users/mingxuan/OR/itc/itc-2019/src/solution/muni-fsps-spr17/random_hc_20261001_024327/completed/seed_1790793809635/final.xml
1790793809636	/Users/mingxuan/OR/itc/itc-2019/src/solution/muni-fsps-spr17/random_hc_20261001_024327/completed/seed_1790793809636/final.xml
1790793809637	/Users/mingxuan/OR/itc/itc-2019/src/solution/muni-fsps-spr17/random_hc_20261001_024327/completed/seed_1790793809637/final.xml
1790793809638	/Users/mingxuan/OR/itc/itc-2019/src/solution/muni-fsps-spr17/random_hc_20261001_024327/completed/seed_1790793809638/final.xml
1790793809639	/Users/mingxuan/OR/itc/itc-2019/src/solution/muni-fsps-spr17/random_hc_20261001_024327/completed/seed_1790793809639/final.xml
1790793809640	/Users/mingxuan/OR/itc/itc-2019/src/solution/muni-fsps-spr17/random_hc_20261001_024327/completed/seed_1790793809640/final.xml
1790793809641	/Users/mingxuan/OR/itc/itc-2019/src/solution/muni-fsps-spr17/random_hc_20261001_024327/completed/seed_1790793809641/final.xml
1790793809642	/Users/mingxuan/OR/itc/itc-2019/src/solution/muni-fsps-spr17/random_hc_20261001_024327/completed/seed_1790793809642/final.xml
1790793809643	/Users/mingxuan/OR/itc/itc-2019/src/solution/muni-fsps-spr17/random_hc_20261001_024327/completed/seed_1790793809643/final.xml
1790793809644	/Users/mingxuan/OR/itc/itc-2019/src/solution/muni-fsps-spr17/random_hc_20261001_024327/completed/seed_1790793809644/final.xml
1790793809646	/Users/mingxuan/OR/itc/itc-2019/src/solution/muni-fsps-spr17/random_hc_20261001_024327/completed/seed_1790793809646/final.xml
1790793809647	/Users/mingxuan/OR/itc/itc-2019/src/solution/muni-fsps-spr17/random_hc_20261001_024327/completed/seed_1790793809647/final.xml
1790793809648	/Users/mingxuan/OR/itc/itc-2019/src/solution/muni-fsps-spr17/random_hc_20261001_024327/completed/seed_1790793809648/final.xml
1790793809651	/Users/mingxuan/OR/itc/itc-2019/src/solution/muni-fsps-spr17/random_hc_20261001_024327/completed/seed_1790793809651/final.xml
1790793809652	/Users/mingxuan/OR/itc/itc-2019/src/solution/muni-fsps-spr17/random_hc_20261001_024327/completed/seed_1790793809652/final.xml
1790793809656	/Users/mingxuan/OR/itc/itc-2019/src/solution/muni-fsps-spr17/random_hc_20261001_024327/completed/seed_1790793809656/final.xml
1790793809657	/Users/mingxuan/OR/itc/itc-2019/src/solution/muni-fsps-spr17/random_hc_20261001_024327/completed/seed_1790793809657/final.xml
1790793809659	/Users/mingxuan/OR/itc/itc-2019/src/solution/muni-fsps-spr17/random_hc_20261001_024327/completed/seed_1790793809659/final.xml
1790793809660	/Users/mingxuan/OR/itc/itc-2019/src/solution/muni-fsps-spr17/random_hc_20261001_024327/completed/seed_1790793809660/final.xml
1790793809661	/Users/mingxuan/OR/itc/itc-2019/src/solution/muni-fsps-spr17/random_hc_20261001_024327/completed/seed_1790793809661/final.xml
1790793809662	/Users/mingxuan/OR/itc/itc-2019/src/solution/muni-fsps-spr17/random_hc_20261001_024327/completed/seed_1790793809662/final.xml
1790793809663	/Users/mingxuan/OR/itc/itc-2019/src/solution/muni-fsps-spr17/random_hc_20261001_024327/completed/seed_1790793809663/final.xml
1790793809664	/Users/mingxuan/OR/itc/itc-2019/src/solution/muni-fsps-spr17/random_hc_20261001_024327/completed/seed_1790793809664/final.xml
1790793809665	/Users/mingxuan/OR/itc/itc-2019/src/solution/muni-fsps-spr17/random_hc_20261001_024327/completed/seed_1790793809665/final.xml
1790793809667	/Users/mingxuan/OR/itc/itc-2019/src/solution/muni-fsps-spr17/random_hc_20261001_024327/completed/seed_1790793809667/final.xml
1790793809668	/Users/mingxuan/OR/itc/itc-2019/src/solution/muni-fsps-spr17/random_hc_20261001_024327/completed/seed_1790793809668/final.xml
1790793809669	/Users/mingxuan/OR/itc/itc-2019/src/solution/muni-fsps-spr17/random_hc_20261001_024327/completed/seed_1790793809669/final.xml
1790793809670	/Users/mingxuan/OR/itc/itc-2019/src/solution/muni-fsps-spr17/random_hc_20261001_024327/completed/seed_1790793809670/final.xml
1790793809671	/Users/mingxuan/OR/itc/itc-2019/src/solution/muni-fsps-spr17/random_hc_20261001_024327/completed/seed_1790793809671/final.xml
1790793809672	/Users/mingxuan/OR/itc/itc-2019/src/solution/muni-fsps-spr17/random_hc_20261001_024327/completed/seed_1790793809672/final.xml
1790793809673	/Users/mingxuan/OR/itc/itc-2019/src/solution/muni-fsps-spr17/random_hc_20261001_024327/completed/seed_1790793809673/final.xml
1790793809674	/Users/mingxuan/OR/itc/itc-2019/src/solution/muni-fsps-spr17/random_hc_20261001_024327/completed/seed_1790793809674/final.xml
1790793809675	/Users/mingxuan/OR/itc/itc-2019/src/solution/muni-fsps-spr17/random_hc_20261001_024327/completed/seed_1790793809675/final.xml
1790793809676	/Users/mingxuan/OR/itc/itc-2019/src/solution/muni-fsps-spr17/random_hc_20261001_024327/completed/seed_1790793809676/final.xml
1790793809677	/Users/mingxuan/OR/itc/itc-2019/src/solution/muni-fsps-spr17/random_hc_20261001_024327/completed/seed_1790793809677/final.xml
1790793809678	/Users/mingxuan/OR/itc/itc-2019/src/solution/muni-fsps-spr17/random_hc_20261001_024327/completed/seed_1790793809678/final.xml
1790793809679	/Users/mingxuan/OR/itc/itc-2019/src/solution/muni-fsps-spr17/random_hc_20261001_024327/completed/seed_1790793809679/final.xml
1790793809680	/Users/mingxuan/OR/itc/itc-2019/src/solution/muni-fsps-spr17/random_hc_20261001_024327/completed/seed_1790793809680/final.xml
1790793809681	/Users/mingxuan/OR/itc/itc-2019/src/solution/muni-fsps-spr17/random_hc_20261001_024327/completed/seed_1790793809681/final.xml
1790793809682	/Users/mingxuan/OR/itc/itc-2019/src/solution/muni-fsps-spr17/random_hc_20261001_024327/completed/seed_1790793809682/final.xml
1790793809683	/Users/mingxuan/OR/itc/itc-2019/src/solution/muni-fsps-spr17/random_hc_20261001_024327/completed/seed_1790793809683/final.xml
1790793809684	/Users/mingxuan/OR/itc/itc-2019/src/solution/muni-fsps-spr17/random_hc_20261001_024327/completed/seed_1790793809684/final.xml
1790793809685	/Users/mingxuan/OR/itc/itc-2019/src/solution/muni-fsps-spr17/random_hc_20261001_024327/completed/seed_1790793809685/final.xml
1790793809686	/Users/mingxuan/OR/itc/itc-2019/src/solution/muni-fsps-spr17/random_hc_20261001_024327/completed/seed_1790793809686/final.xml
1790793809687	/Users/mingxuan/OR/itc/itc-2019/src/solution/muni-fsps-spr17/random_hc_20261001_024327/completed/seed_1790793809687/final.xml
1790793809689	/Users/mingxuan/OR/itc/itc-2019/src/solution/muni-fsps-spr17/random_hc_20261001_024327/completed/seed_1790793809689/final.xml
1790793809690	/Users/mingxuan/OR/itc/itc-2019/src/solution/muni-fsps-spr17/random_hc_20261001_024327/completed/seed_1790793809690/final.xml
1790793809691	/Users/mingxuan/OR/itc/itc-2019/src/solution/muni-fsps-spr17/random_hc_20261001_024327/completed/seed_1790793809691/final.xml
1790793809692	/Users/mingxuan/OR/itc/itc-2019/src/solution/muni-fsps-spr17/random_hc_20261001_024327/completed/seed_1790793809692/final.xml
1790793809693	/Users/mingxuan/OR/itc/itc-2019/src/solution/muni-fsps-spr17/random_hc_20261001_024327/completed/seed_1790793809693/final.xml
1790793809694	/Users/mingxuan/OR/itc/itc-2019/src/solution/muni-fsps-spr17/random_hc_20261001_024327/completed/seed_1790793809694/final.xml
1790793809696	/Users/mingxuan/OR/itc/itc-2019/src/solution/muni-fsps-spr17/random_hc_20261001_024327/completed/seed_1790793809696/final.xml
1790793809697	/Users/mingxuan/OR/itc/itc-2019/src/solution/muni-fsps-spr17/random_hc_20261001_024327/completed/seed_1790793809697/final.xml
1790793809698	/Users/mingxuan/OR/itc/itc-2019/src/solution/muni-fsps-spr17/random_hc_20261001_024327/completed/seed_1790793809698/final.xml
1790793809699	/Users/mingxuan/OR/itc/itc-2019/src/solution/muni-fsps-spr17/random_hc_20261001_024327/completed/seed_1790793809699/final.xml
1790793809700	/Users/mingxuan/OR/itc/itc-2019/src/solution/muni-fsps-spr17/random_hc_20261001_024327/completed/seed_1790793809700/final.xml
1790793809702	/Users/mingxuan/OR/itc/itc-2019/src/solution/muni-fsps-spr17/random_hc_20261001_024327/completed/seed_1790793809702/final.xml
1790793809703	/Users/mingxuan/OR/itc/itc-2019/src/solution/muni-fsps-spr17/random_hc_20261001_024327/completed/seed_1790793809703/final.xml
1790793809704	/Users/mingxuan/OR/itc/itc-2019/src/solution/muni-fsps-spr17/random_hc_20261001_024327/completed/seed_1790793809704/final.xml
1790793809705	/Users/mingxuan/OR/itc/itc-2019/src/solution/muni-fsps-spr17/random_hc_20261001_024327/completed/seed_1790793809705/final.xml
1790793809706	/Users/mingxuan/OR/itc/itc-2019/src/solution/muni-fsps-spr17/random_hc_20261001_024327/completed/seed_1790793809706/final.xml
1790793809707	/Users/mingxuan/OR/itc/itc-2019/src/solution/muni-fsps-spr17/random_hc_20261001_024327/completed/seed_1790793809707/final.xml
1790793809708	/Users/mingxuan/OR/itc/itc-2019/src/solution/muni-fsps-spr17/random_hc_20261001_024327/completed/seed_1790793809708/final.xml
1790793809709	/Users/mingxuan/OR/itc/itc-2019/src/solution/muni-fsps-spr17/random_hc_20261001_024327/completed/seed_1790793809709/final.xml
1790793809711	/Users/mingxuan/OR/itc/itc-2019/src/solution/muni-fsps-spr17/random_hc_20261001_024327/completed/seed_1790793809711/final.xml
1790793809713	/Users/mingxuan/OR/itc/itc-2019/src/solution/muni-fsps-spr17/random_hc_20261001_024327/completed/seed_1790793809713/final.xml
1790793809714	/Users/mingxuan/OR/itc/itc-2019/src/solution/muni-fsps-spr17/random_hc_20261001_024327/completed/seed_1790793809714/final.xml
1790793809715	/Users/mingxuan/OR/itc/itc-2019/src/solution/muni-fsps-spr17/random_hc_20261001_024327/completed/seed_1790793809715/final.xml
1790793809716	/Users/mingxuan/OR/itc/itc-2019/src/solution/muni-fsps-spr17/random_hc_20261001_024327/completed/seed_1790793809716/final.xml
1790793809717	/Users/mingxuan/OR/itc/itc-2019/src/solution/muni-fsps-spr17/random_hc_20261001_024327/completed/seed_1790793809717/final.xml
1790793809719	/Users/mingxuan/OR/itc/itc-2019/src/solution/muni-fsps-spr17/random_hc_20261001_024327/completed/seed_1790793809719/final.xml
1790793809720	/Users/mingxuan/OR/itc/itc-2019/src/solution/muni-fsps-spr17/random_hc_20261001_024327/completed/seed_1790793809720/final.xml
1790793809721	/Users/mingxuan/OR/itc/itc-2019/src/solution/muni-fsps-spr17/random_hc_20261001_024327/completed/seed_1790793809721/final.xml
1790793809722	/Users/mingxuan/OR/itc/itc-2019/src/solution/muni-fsps-spr17/random_hc_20261001_024327/completed/seed_1790793809722/final.xml
1790793809723	/Users/mingxuan/OR/itc/itc-2019/src/solution/muni-fsps-spr17/random_hc_20261001_024327/completed/seed_1790793809723/final.xml
1790793809725	/Users/mingxuan/OR/itc/itc-2019/src/solution/muni-fsps-spr17/random_hc_20261001_024327/completed/seed_1790793809725/final.xml
1790793809726	/Users/mingxuan/OR/itc/itc-2019/src/solution/muni-fsps-spr17/random_hc_20261001_024327/completed/seed_1790793809726/final.xml
1790793809727	/Users/mingxuan/OR/itc/itc-2019/src/solution/muni-fsps-spr17/random_hc_20261001_024327/completed/seed_1790793809727/final.xml
1790793809728	/Users/mingxuan/OR/itc/itc-2019/src/solution/muni-fsps-spr17/random_hc_20261001_024327/completed/seed_1790793809728/final.xml
1790793809730	/Users/mingxuan/OR/itc/itc-2019/src/solution/muni-fsps-spr17/random_hc_20261001_024327/completed/seed_1790793809730/final.xml
1790793809732	/Users/mingxuan/OR/itc/itc-2019/src/solution/muni-fsps-spr17/random_hc_20261001_024327/completed/seed_1790793809732/final.xml
1790793809733	/Users/mingxuan/OR/itc/itc-2019/src/solution/muni-fsps-spr17/random_hc_20261001_024327/completed/seed_1790793809733/final.xml
1790793809734	/Users/mingxuan/OR/itc/itc-2019/src/solution/muni-fsps-spr17/random_hc_20261001_024327/completed/seed_1790793809734/final.xml
1790793809735	/Users/mingxuan/OR/itc/itc-2019/src/solution/muni-fsps-spr17/random_hc_20261001_024327/completed/seed_1790793809735/final.xml
1790793809737	/Users/mingxuan/OR/itc/itc-2019/src/solution/muni-fsps-spr17/random_hc_20261001_024327/completed/seed_1790793809737/final.xml
1790793809738	/Users/mingxuan/OR/itc/itc-2019/src/solution/muni-fsps-spr17/random_hc_20261001_024327/completed/seed_1790793809738/final.xml
1790793809739	/Users/mingxuan/OR/itc/itc-2019/src/solution/muni-fsps-spr17/random_hc_20261001_024327/completed/seed_1790793809739/final.xml
1790793809740	/Users/mingxuan/OR/itc/itc-2019/src/solution/muni-fsps-spr17/random_hc_20261001_024327/completed/seed_1790793809740/final.xml
1790793809741	/Users/mingxuan/OR/itc/itc-2019/src/solution/muni-fsps-spr17/random_hc_20261001_024327/completed/seed_1790793809741/final.xml
1790793809742	/Users/mingxuan/OR/itc/itc-2019/src/solution/muni-fsps-spr17/random_hc_20261001_024327/completed/seed_1790793809742/final.xml
1790793809743	/Users/mingxuan/OR/itc/itc-2019/src/solution/muni-fsps-spr17/random_hc_20261001_024327/completed/seed_1790793809743/final.xml
1790793809744	/Users/mingxuan/OR/itc/itc-2019/src/solution/muni-fsps-spr17/random_hc_20261001_024327/completed/seed_1790793809744/final.xml
1790793809745	/Users/mingxuan/OR/itc/itc-2019/src/solution/muni-fsps-spr17/random_hc_20261001_024327/completed/seed_1790793809745/final.xml
1790793809746	/Users/mingxuan/OR/itc/itc-2019/src/solution/muni-fsps-spr17/random_hc_20261001_024327/completed/seed_1790793809746/final.xml
1790793809747	/Users/mingxuan/OR/itc/itc-2019/src/solution/muni-fsps-spr17/random_hc_20261001_024327/completed/seed_1790793809747/final.xml
1790793809748	/Users/mingxuan/OR/itc/itc-2019/src/solution/muni-fsps-spr17/random_hc_20261001_024327/completed/seed_1790793809748/final.xml
1790793809749	/Users/mingxuan/OR/itc/itc-2019/src/solution/muni-fsps-spr17/random_hc_20261001_024327/completed/seed_1790793809749/final.xml
1790793809750	/Users/mingxuan/OR/itc/itc-2019/src/solution/muni-fsps-spr17/random_hc_20261001_024327/completed/seed_1790793809750/final.xml
1790793809751	/Users/mingxuan/OR/itc/itc-2019/src/solution/muni-fsps-spr17/random_hc_20261001_024327/completed/seed_1790793809751/final.xml
1790793809753	/Users/mingxuan/OR/itc/itc-2019/src/solution/muni-fsps-spr17/random_hc_20261001_024327/completed/seed_1790793809753/final.xml
1790793809754	/Users/mingxuan/OR/itc/itc-2019/src/solution/muni-fsps-spr17/random_hc_20261001_024327/completed/seed_1790793809754/final.xml
1790793809755	/Users/mingxuan/OR/itc/itc-2019/src/solution/muni-fsps-spr17/random_hc_20261001_024327/completed/seed_1790793809755/final.xml
1790793809756	/Users/mingxuan/OR/itc/itc-2019/src/solution/muni-fsps-spr17/random_hc_20261001_024327/completed/seed_1790793809756/final.xml
1790793809757	/Users/mingxuan/OR/itc/itc-2019/src/solution/muni-fsps-spr17/random_hc_20261001_024327/completed/seed_1790793809757/final.xml
1790793809759	/Users/mingxuan/OR/itc/itc-2019/src/solution/muni-fsps-spr17/random_hc_20261001_024327/completed/seed_1790793809759/final.xml
1790793809760	/Users/mingxuan/OR/itc/itc-2019/src/solution/muni-fsps-spr17/random_hc_20261001_024327/completed/seed_1790793809760/final.xml
1790793809761	/Users/mingxuan/OR/itc/itc-2019/src/solution/muni-fsps-spr17/random_hc_20261001_024327/completed/seed_1790793809761/final.xml
1790793809762	/Users/mingxuan/OR/itc/itc-2019/src/solution/muni-fsps-spr17/random_hc_20261001_024327/completed/seed_1790793809762/final.xml
1790793809764	/Users/mingxuan/OR/itc/itc-2019/src/solution/muni-fsps-spr17/random_hc_20261001_024327/completed/seed_1790793809764/final.xml
1790793809765	/Users/mingxuan/OR/itc/itc-2019/src/solution/muni-fsps-spr17/random_hc_20261001_024327/completed/seed_1790793809765/final.xml
1790793809766	/Users/mingxuan/OR/itc/itc-2019/src/solution/muni-fsps-spr17/random_hc_20261001_024327/completed/seed_1790793809766/final.xml
1790793809767	/Users/mingxuan/OR/itc/itc-2019/src/solution/muni-fsps-spr17/random_hc_20261001_024327/completed/seed_1790793809767/final.xml
1790793809769	/Users/mingxuan/OR/itc/itc-2019/src/solution/muni-fsps-spr17/random_hc_20261001_024327/completed/seed_1790793809769/final.xml
1790793809770	/Users/mingxuan/OR/itc/itc-2019/src/solution/muni-fsps-spr17/random_hc_20261001_024327/completed/seed_1790793809770/final.xml
1790793809771	/Users/mingxuan/OR/itc/itc-2019/src/solution/muni-fsps-spr17/random_hc_20261001_024327/completed/seed_1790793809771/final.xml
1790793809773	/Users/mingxuan/OR/itc/itc-2019/src/solution/muni-fsps-spr17/random_hc_20261001_024327/completed/seed_1790793809773/final.xml
1790793809774	/Users/mingxuan/OR/itc/itc-2019/src/solution/muni-fsps-spr17/random_hc_20261001_024327/completed/seed_1790793809774/final.xml
1790793809775	/Users/mingxuan/OR/itc/itc-2019/src/solution/muni-fsps-spr17/random_hc_20261001_024327/completed/seed_1790793809775/final.xml
1790793809776	/Users/mingxuan/OR/itc/itc-2019/src/solution/muni-fsps-spr17/random_hc_20261001_024327/completed/seed_1790793809776/final.xml
1790793809777	/Users/mingxuan/OR/itc/itc-2019/src/solution/muni-fsps-spr17/random_hc_20261001_024327/completed/seed_1790793809777/final.xml
1790793809778	/Users/mingxuan/OR/itc/itc-2019/src/solution/muni-fsps-spr17/random_hc_20261001_024327/completed/seed_1790793809778/final.xml
1790793809779	/Users/mingxuan/OR/itc/itc-2019/src/solution/muni-fsps-spr17/random_hc_20261001_024327/completed/seed_1790793809779/final.xml
1790793809780	/Users/mingxuan/OR/itc/itc-2019/src/solution/muni-fsps-spr17/random_hc_20261001_024327/completed/seed_1790793809780/final.xml
1790793809781	/Users/mingxuan/OR/itc/itc-2019/src/solution/muni-fsps-spr17/random_hc_20261001_024327/completed/seed_1790793809781/final.xml
1790793809783	/Users/mingxuan/OR/itc/itc-2019/src/solution/muni-fsps-spr17/random_hc_20261001_024327/completed/seed_1790793809783/final.xml
1790793809784	/Users/mingxuan/OR/itc/itc-2019/src/solution/muni-fsps-spr17/random_hc_20261001_024327/completed/seed_1790793809784/final.xml
1790793809788	/Users/mingxuan/OR/itc/itc-2019/src/solution/muni-fsps-spr17/random_hc_20261001_024327/completed/seed_1790793809788/final.xml
1790793809790	/Users/mingxuan/OR/itc/itc-2019/src/solution/muni-fsps-spr17/random_hc_20261001_024327/completed/seed_1790793809790/final.xml
1790793809791	/Users/mingxuan/OR/itc/itc-2019/src/solution/muni-fsps-spr17/random_hc_20261001_024327/completed/seed_1790793809791/final.xml
1790793809793	/Users/mingxuan/OR/itc/itc-2019/src/solution/muni-fsps-spr17/random_hc_20261001_024327/completed/seed_1790793809793/final.xml
1790793809795	/Users/mingxuan/OR/itc/itc-2019/src/solution/muni-fsps-spr17/random_hc_20261001_024327/completed/seed_1790793809795/final.xml
1790793809796	/Users/mingxuan/OR/itc/itc-2019/src/solution/muni-fsps-spr17/random_hc_20261001_024327/completed/seed_1790793809796/final.xml
1790793809797	/Users/mingxuan/OR/itc/itc-2019/src/solution/muni-fsps-spr17/random_hc_20261001_024327/completed/seed_1790793809797/final.xml
1790793809800	/Users/mingxuan/OR/itc/itc-2019/src/solution/muni-fsps-spr17/random_hc_20261001_024327/completed/seed_1790793809800/final.xml
1790793809801	/Users/mingxuan/OR/itc/itc-2019/src/solution/muni-fsps-spr17/random_hc_20261001_024327/completed/seed_1790793809801/final.xml
1790793809803	/Users/mingxuan/OR/itc/itc-2019/src/solution/muni-fsps-spr17/random_hc_20261001_024327/completed/seed_1790793809803/final.xml
1790793809806	/Users/mingxuan/OR/itc/itc-2019/src/solution/muni-fsps-spr17/random_hc_20261001_024327/completed/seed_1790793809806/final.xml
1790793809811	/Users/mingxuan/OR/itc/itc-2019/src/solution/muni-fsps-spr17/random_hc_20261001_024327/completed/seed_1790793809811/final.xml
1790793809812	/Users/mingxuan/OR/itc/itc-2019/src/solution/muni-fsps-spr17/random_hc_20261001_024327/completed/seed_1790793809812/final.xml
1790793809813	/Users/mingxuan/OR/itc/itc-2019/src/solution/muni-fsps-spr17/random_hc_20261001_024327/completed/seed_1790793809813/final.xml
1790793809814	/Users/mingxuan/OR/itc/itc-2019/src/solution/muni-fsps-spr17/random_hc_20261001_024327/completed/seed_1790793809814/final.xml
1790793809816	/Users/mingxuan/OR/itc/itc-2019/src/solution/muni-fsps-spr17/random_hc_20261001_024327/completed/seed_1790793809816/final.xml
1790793809818	/Users/mingxuan/OR/itc/itc-2019/src/solution/muni-fsps-spr17/random_hc_20261001_024327/completed/seed_1790793809818/final.xml
1790793809820	/Users/mingxuan/OR/itc/itc-2019/src/solution/muni-fsps-spr17/random_hc_20261001_024327/completed/seed_1790793809820/final.xml
1790793809821	/Users/mingxuan/OR/itc/itc-2019/src/solution/muni-fsps-spr17/random_hc_20261001_024327/completed/seed_1790793809821/final.xml
1790793809822	/Users/mingxuan/OR/itc/itc-2019/src/solution/muni-fsps-spr17/random_hc_20261001_024327/completed/seed_1790793809822/final.xml
1790793809823	/Users/mingxuan/OR/itc/itc-2019/src/solution/muni-fsps-spr17/random_hc_20261001_024327/completed/seed_1790793809823/final.xml
1790793809825	/Users/mingxuan/OR/itc/itc-2019/src/solution/muni-fsps-spr17/random_hc_20261001_024327/completed/seed_1790793809825/final.xml
1790793809827	/Users/mingxuan/OR/itc/itc-2019/src/solution/muni-fsps-spr17/random_hc_20261001_024327/completed/seed_1790793809827/final.xml
1790793809828	/Users/mingxuan/OR/itc/itc-2019/src/solution/muni-fsps-spr17/random_hc_20261001_024327/completed/seed_1790793809828/final.xml
1790793809829	/Users/mingxuan/OR/itc/itc-2019/src/solution/muni-fsps-spr17/random_hc_20261001_024327/completed/seed_1790793809829/final.xml
1790793809830	/Users/mingxuan/OR/itc/itc-2019/src/solution/muni-fsps-spr17/random_hc_20261001_024327/completed/seed_1790793809830/final.xml
1790793809831	/Users/mingxuan/OR/itc/itc-2019/src/solution/muni-fsps-spr17/random_hc_20261001_024327/completed/seed_1790793809831/final.xml
1790793809834	/Users/mingxuan/OR/itc/itc-2019/src/solution/muni-fsps-spr17/random_hc_20261001_024327/completed/seed_1790793809834/final.xml
1790793809835	/Users/mingxuan/OR/itc/itc-2019/src/solution/muni-fsps-spr17/random_hc_20261001_024327/completed/seed_1790793809835/final.xml
1790793809836	/Users/mingxuan/OR/itc/itc-2019/src/solution/muni-fsps-spr17/random_hc_20261001_024327/completed/seed_1790793809836/final.xml
1790793809837	/Users/mingxuan/OR/itc/itc-2019/src/solution/muni-fsps-spr17/random_hc_20261001_024327/completed/seed_1790793809837/final.xml
1790793809838	/Users/mingxuan/OR/itc/itc-2019/src/solution/muni-fsps-spr17/random_hc_20261001_024327/completed/seed_1790793809838/final.xml
1790793809839	/Users/mingxuan/OR/itc/itc-2019/src/solution/muni-fsps-spr17/random_hc_20261001_024327/completed/seed_1790793809839/final.xml
1790793809840	/Users/mingxuan/OR/itc/itc-2019/src/solution/muni-fsps-spr17/random_hc_20261001_024327/completed/seed_1790793809840/final.xml
1790793809841	/Users/mingxuan/OR/itc/itc-2019/src/solution/muni-fsps-spr17/random_hc_20261001_024327/completed/seed_1790793809841/final.xml
1790793809842	/Users/mingxuan/OR/itc/itc-2019/src/solution/muni-fsps-spr17/random_hc_20261001_024327/completed/seed_1790793809842/final.xml
1790793809844	/Users/mingxuan/OR/itc/itc-2019/src/solution/muni-fsps-spr17/random_hc_20261001_024327/completed/seed_1790793809844/final.xml
1790793809846	/Users/mingxuan/OR/itc/itc-2019/src/solution/muni-fsps-spr17/random_hc_20261001_024327/completed/seed_1790793809846/final.xml
1790793809847	/Users/mingxuan/OR/itc/itc-2019/src/solution/muni-fsps-spr17/random_hc_20261001_024327/completed/seed_1790793809847/final.xml
1790793809848	/Users/mingxuan/OR/itc/itc-2019/src/solution/muni-fsps-spr17/random_hc_20261001_024327/completed/seed_1790793809848/final.xml
1790793809849	/Users/mingxuan/OR/itc/itc-2019/src/solution/muni-fsps-spr17/random_hc_20261001_024327/completed/seed_1790793809849/final.xml
1790793809850	/Users/mingxuan/OR/itc/itc-2019/src/solution/muni-fsps-spr17/random_hc_20261001_024327/completed/seed_1790793809850/final.xml
1790793809851	/Users/mingxuan/OR/itc/itc-2019/src/solution/muni-fsps-spr17/random_hc_20261001_024327/completed/seed_1790793809851/final.xml
1790793809855	/Users/mingxuan/OR/itc/itc-2019/src/solution/muni-fsps-spr17/random_hc_20261001_024327/completed/seed_1790793809855/final.xml
1790793809856	/Users/mingxuan/OR/itc/itc-2019/src/solution/muni-fsps-spr17/random_hc_20261001_024327/completed/seed_1790793809856/final.xml
1790793809858	/Users/mingxuan/OR/itc/itc-2019/src/solution/muni-fsps-spr17/random_hc_20261001_024327/completed/seed_1790793809858/final.xml
1790793809860	/Users/mingxuan/OR/itc/itc-2019/src/solution/muni-fsps-spr17/random_hc_20261001_024327/completed/seed_1790793809860/final.xml
1790793809862	/Users/mingxuan/OR/itc/itc-2019/src/solution/muni-fsps-spr17/random_hc_20261001_024327/completed/seed_1790793809862/final.xml
1790793809863	/Users/mingxuan/OR/itc/itc-2019/src/solution/muni-fsps-spr17/random_hc_20261001_024327/completed/seed_1790793809863/final.xml
1790793809864	/Users/mingxuan/OR/itc/itc-2019/src/solution/muni-fsps-spr17/random_hc_20261001_024327/completed/seed_1790793809864/final.xml
1790793809865	/Users/mingxuan/OR/itc/itc-2019/src/solution/muni-fsps-spr17/random_hc_20261001_024327/completed/seed_1790793809865/final.xml
1790793809866	/Users/mingxuan/OR/itc/itc-2019/src/solution/muni-fsps-spr17/random_hc_20261001_024327/completed/seed_1790793809866/final.xml
1790793809867	/Users/mingxuan/OR/itc/itc-2019/src/solution/muni-fsps-spr17/random_hc_20261001_024327/completed/seed_1790793809867/final.xml
1790793809868	/Users/mingxuan/OR/itc/itc-2019/src/solution/muni-fsps-spr17/random_hc_20261001_024327/completed/seed_1790793809868/final.xml
1790793809869	/Users/mingxuan/OR/itc/itc-2019/src/solution/muni-fsps-spr17/random_hc_20261001_024327/completed/seed_1790793809869/final.xml
1790793809871	/Users/mingxuan/OR/itc/itc-2019/src/solution/muni-fsps-spr17/random_hc_20261001_024327/completed/seed_1790793809871/final.xml
1790793809872	/Users/mingxuan/OR/itc/itc-2019/src/solution/muni-fsps-spr17/random_hc_20261001_024327/completed/seed_1790793809872/final.xml
1790793809873	/Users/mingxuan/OR/itc/itc-2019/src/solution/muni-fsps-spr17/random_hc_20261001_024327/completed/seed_1790793809873/final.xml
1790793809874	/Users/mingxuan/OR/itc/itc-2019/src/solution/muni-fsps-spr17/random_hc_20261001_024327/completed/seed_1790793809874/final.xml
1790793809875	/Users/mingxuan/OR/itc/itc-2019/src/solution/muni-fsps-spr17/random_hc_20261001_024327/completed/seed_1790793809875/final.xml
1790793809877	/Users/mingxuan/OR/itc/itc-2019/src/solution/muni-fsps-spr17/random_hc_20261001_024327/completed/seed_1790793809877/final.xml
1790793809878	/Users/mingxuan/OR/itc/itc-2019/src/solution/muni-fsps-spr17/random_hc_20261001_024327/completed/seed_1790793809878/final.xml
1790793809880	/Users/mingxuan/OR/itc/itc-2019/src/solution/muni-fsps-spr17/random_hc_20261001_024327/completed/seed_1790793809880/final.xml
1790793809881	/Users/mingxuan/OR/itc/itc-2019/src/solution/muni-fsps-spr17/random_hc_20261001_024327/completed/seed_1790793809881/final.xml
1790793809882	/Users/mingxuan/OR/itc/itc-2019/src/solution/muni-fsps-spr17/random_hc_20261001_024327/completed/seed_1790793809882/final.xml
1790793809883	/Users/mingxuan/OR/itc/itc-2019/src/solution/muni-fsps-spr17/random_hc_20261001_024327/completed/seed_1790793809883/final.xml
1790793809884	/Users/mingxuan/OR/itc/itc-2019/src/solution/muni-fsps-spr17/random_hc_20261001_024327/completed/seed_1790793809884/final.xml
1790793809885	/Users/mingxuan/OR/itc/itc-2019/src/solution/muni-fsps-spr17/random_hc_20261001_024327/completed/seed_1790793809885/final.xml
1790793809886	/Users/mingxuan/OR/itc/itc-2019/src/solution/muni-fsps-spr17/random_hc_20261001_024327/completed/seed_1790793809886/final.xml
1790793809887	/Users/mingxuan/OR/itc/itc-2019/src/solution/muni-fsps-spr17/random_hc_20261001_024327/completed/seed_1790793809887/final.xml
1790793809888	/Users/mingxuan/OR/itc/itc-2019/src/solution/muni-fsps-spr17/random_hc_20261001_024327/completed/seed_1790793809888/final.xml
1790793809889	/Users/mingxuan/OR/itc/itc-2019/src/solution/muni-fsps-spr17/random_hc_20261001_024327/completed/seed_1790793809889/final.xml
1790793809890	/Users/mingxuan/OR/itc/itc-2019/src/solution/muni-fsps-spr17/random_hc_20261001_024327/completed/seed_1790793809890/final.xml
1790793809891	/Users/mingxuan/OR/itc/itc-2019/src/solution/muni-fsps-spr17/random_hc_20261001_024327/completed/seed_1790793809891/final.xml
1790793809892	/Users/mingxuan/OR/itc/itc-2019/src/solution/muni-fsps-spr17/random_hc_20261001_024327/completed/seed_1790793809892/final.xml
1790793809893	/Users/mingxuan/OR/itc/itc-2019/src/solution/muni-fsps-spr17/random_hc_20261001_024327/completed/seed_1790793809893/final.xml
1790793809894	/Users/mingxuan/OR/itc/itc-2019/src/solution/muni-fsps-spr17/random_hc_20261001_024327/completed/seed_1790793809894/final.xml
1790793809895	/Users/mingxuan/OR/itc/itc-2019/src/solution/muni-fsps-spr17/random_hc_20261001_024327/completed/seed_1790793809895/final.xml
1790793809896	/Users/mingxuan/OR/itc/itc-2019/src/solution/muni-fsps-spr17/random_hc_20261001_024327/completed/seed_1790793809896/final.xml
1790793809898	/Users/mingxuan/OR/itc/itc-2019/src/solution/muni-fsps-spr17/random_hc_20261001_024327/completed/seed_1790793809898/final.xml
1790793809899	/Users/mingxuan/OR/itc/itc-2019/src/solution/muni-fsps-spr17/random_hc_20261001_024327/completed/seed_1790793809899/final.xml
1790793809900	/Users/mingxuan/OR/itc/itc-2019/src/solution/muni-fsps-spr17/random_hc_20261001_024327/completed/seed_1790793809900/final.xml
1790793809901	/Users/mingxuan/OR/itc/itc-2019/src/solution/muni-fsps-spr17/random_hc_20261001_024327/completed/seed_1790793809901/final.xml
1790793809903	/Users/mingxuan/OR/itc/itc-2019/src/solution/muni-fsps-spr17/random_hc_20261001_024327/completed/seed_1790793809903/final.xml
1790793809905	/Users/mingxuan/OR/itc/itc-2019/src/solution/muni-fsps-spr17/random_hc_20261001_024327/completed/seed_1790793809905/final.xml
1790793809910	/Users/mingxuan/OR/itc/itc-2019/src/solution/muni-fsps-spr17/random_hc_20261001_024327/completed/seed_1790793809910/final.xml
1790793809911	/Users/mingxuan/OR/itc/itc-2019/src/solution/muni-fsps-spr17/random_hc_20261001_024327/completed/seed_1790793809911/final.xml
1790793809912	/Users/mingxuan/OR/itc/itc-2019/src/solution/muni-fsps-spr17/random_hc_20261001_024327/completed/seed_1790793809912/final.xml
1790793809913	/Users/mingxuan/OR/itc/itc-2019/src/solution/muni-fsps-spr17/random_hc_20261001_024327/completed/seed_1790793809913/final.xml
1790793809914	/Users/mingxuan/OR/itc/itc-2019/src/solution/muni-fsps-spr17/random_hc_20261001_024327/completed/seed_1790793809914/final.xml
1790793809916	/Users/mingxuan/OR/itc/itc-2019/src/solution/muni-fsps-spr17/random_hc_20261001_024327/completed/seed_1790793809916/final.xml
1790793809917	/Users/mingxuan/OR/itc/itc-2019/src/solution/muni-fsps-spr17/random_hc_20261001_024327/completed/seed_1790793809917/final.xml
1790793809918	/Users/mingxuan/OR/itc/itc-2019/src/solution/muni-fsps-spr17/random_hc_20261001_024327/completed/seed_1790793809918/final.xml
1790793809919	/Users/mingxuan/OR/itc/itc-2019/src/solution/muni-fsps-spr17/random_hc_20261001_024327/completed/seed_1790793809919/final.xml
1790793809920	/Users/mingxuan/OR/itc/itc-2019/src/solution/muni-fsps-spr17/random_hc_20261001_024327/completed/seed_1790793809920/final.xml
1790793809923	/Users/mingxuan/OR/itc/itc-2019/src/solution/muni-fsps-spr17/random_hc_20261001_024327/completed/seed_1790793809923/final.xml
1790793809924	/Users/mingxuan/OR/itc/itc-2019/src/solution/muni-fsps-spr17/random_hc_20261001_024327/completed/seed_1790793809924/final.xml
1790793809925	/Users/mingxuan/OR/itc/itc-2019/src/solution/muni-fsps-spr17/random_hc_20261001_024327/completed/seed_1790793809925/final.xml
1790793809926	/Users/mingxuan/OR/itc/itc-2019/src/solution/muni-fsps-spr17/random_hc_20261001_024327/completed/seed_1790793809926/final.xml
1790793809927	/Users/mingxuan/OR/itc/itc-2019/src/solution/muni-fsps-spr17/random_hc_20261001_024327/completed/seed_1790793809927/final.xml
1790793809928	/Users/mingxuan/OR/itc/itc-2019/src/solution/muni-fsps-spr17/random_hc_20261001_024327/completed/seed_1790793809928/final.xml
1790793809929	/Users/mingxuan/OR/itc/itc-2019/src/solution/muni-fsps-spr17/random_hc_20261001_024327/completed/seed_1790793809929/final.xml
1790793809930	/Users/mingxuan/OR/itc/itc-2019/src/solution/muni-fsps-spr17/random_hc_20261001_024327/completed/seed_1790793809930/final.xml
1790793809931	/Users/mingxuan/OR/itc/itc-2019/src/solution/muni-fsps-spr17/random_hc_20261001_024327/completed/seed_1790793809931/final.xml
1790793809932	/Users/mingxuan/OR/itc/itc-2019/src/solution/muni-fsps-spr17/random_hc_20261001_024327/completed/seed_1790793809932/final.xml
1790793809933	/Users/mingxuan/OR/itc/itc-2019/src/solution/muni-fsps-spr17/random_hc_20261001_024327/completed/seed_1790793809933/final.xml
1790793809934	/Users/mingxuan/OR/itc/itc-2019/src/solution/muni-fsps-spr17/random_hc_20261001_024327/completed/seed_1790793809934/final.xml
1790793809935	/Users/mingxuan/OR/itc/itc-2019/src/solution/muni-fsps-spr17/random_hc_20261001_024327/completed/seed_1790793809935/final.xml
1790793809937	/Users/mingxuan/OR/itc/itc-2019/src/solution/muni-fsps-spr17/random_hc_20261001_024327/completed/seed_1790793809937/final.xml
1790793809938	/Users/mingxuan/OR/itc/itc-2019/src/solution/muni-fsps-spr17/random_hc_20261001_024327/completed/seed_1790793809938/final.xml
1790793809939	/Users/mingxuan/OR/itc/itc-2019/src/solution/muni-fsps-spr17/random_hc_20261001_024327/completed/seed_1790793809939/final.xml
1790793809940	/Users/mingxuan/OR/itc/itc-2019/src/solution/muni-fsps-spr17/random_hc_20261001_024327/completed/seed_1790793809940/final.xml
1790793809942	/Users/mingxuan/OR/itc/itc-2019/src/solution/muni-fsps-spr17/random_hc_20261001_024327/completed/seed_1790793809942/final.xml
1790793809943	/Users/mingxuan/OR/itc/itc-2019/src/solution/muni-fsps-spr17/random_hc_20261001_024327/completed/seed_1790793809943/final.xml
1790793809944	/Users/mingxuan/OR/itc/itc-2019/src/solution/muni-fsps-spr17/random_hc_20261001_024327/completed/seed_1790793809944/final.xml
1790793809945	/Users/mingxuan/OR/itc/itc-2019/src/solution/muni-fsps-spr17/random_hc_20261001_024327/completed/seed_1790793809945/final.xml
1790793809948	/Users/mingxuan/OR/itc/itc-2019/src/solution/muni-fsps-spr17/random_hc_20261001_024327/completed/seed_1790793809948/final.xml
1790793809949	/Users/mingxuan/OR/itc/itc-2019/src/solution/muni-fsps-spr17/random_hc_20261001_024327/completed/seed_1790793809949/final.xml
1790793809950	/Users/mingxuan/OR/itc/itc-2019/src/solution/muni-fsps-spr17/random_hc_20261001_024327/completed/seed_1790793809950/final.xml
1790793809951	/Users/mingxuan/OR/itc/itc-2019/src/solution/muni-fsps-spr17/random_hc_20261001_024327/completed/seed_1790793809951/final.xml
1790793809952	/Users/mingxuan/OR/itc/itc-2019/src/solution/muni-fsps-spr17/random_hc_20261001_024327/completed/seed_1790793809952/final.xml
1790793809953	/Users/mingxuan/OR/itc/itc-2019/src/solution/muni-fsps-spr17/random_hc_20261001_024327/completed/seed_1790793809953/final.xml
1790793809954	/Users/mingxuan/OR/itc/itc-2019/src/solution/muni-fsps-spr17/random_hc_20261001_024327/completed/seed_1790793809954/final.xml
1790793809955	/Users/mingxuan/OR/itc/itc-2019/src/solution/muni-fsps-spr17/random_hc_20261001_024327/completed/seed_1790793809955/final.xml
1790793809956	/Users/mingxuan/OR/itc/itc-2019/src/solution/muni-fsps-spr17/random_hc_20261001_024327/completed/seed_1790793809956/final.xml
1790793809957	/Users/mingxuan/OR/itc/itc-2019/src/solution/muni-fsps-spr17/random_hc_20261001_024327/completed/seed_1790793809957/final.xml
1790793809958	/Users/mingxuan/OR/itc/itc-2019/src/solution/muni-fsps-spr17/random_hc_20261001_024327/completed/seed_1790793809958/final.xml
1790793809959	/Users/mingxuan/OR/itc/itc-2019/src/solution/muni-fsps-spr17/random_hc_20261001_024327/completed/seed_1790793809959/final.xml
1790793809960	/Users/mingxuan/OR/itc/itc-2019/src/solution/muni-fsps-spr17/random_hc_20261001_024327/completed/seed_1790793809960/final.xml
1790793809961	/Users/mingxuan/OR/itc/itc-2019/src/solution/muni-fsps-spr17/random_hc_20261001_024327/completed/seed_1790793809961/final.xml
1790793809962	/Users/mingxuan/OR/itc/itc-2019/src/solution/muni-fsps-spr17/random_hc_20261001_024327/completed/seed_1790793809962/final.xml
1790793809963	/Users/mingxuan/OR/itc/itc-2019/src/solution/muni-fsps-spr17/random_hc_20261001_024327/completed/seed_1790793809963/final.xml
1790793809967	/Users/mingxuan/OR/itc/itc-2019/src/solution/muni-fsps-spr17/random_hc_20261001_024327/completed/seed_1790793809967/final.xml
1790793809969	/Users/mingxuan/OR/itc/itc-2019/src/solution/muni-fsps-spr17/random_hc_20261001_024327/completed/seed_1790793809969/final.xml
1790793809970	/Users/mingxuan/OR/itc/itc-2019/src/solution/muni-fsps-spr17/random_hc_20261001_024327/completed/seed_1790793809970/final.xml
1790793809972	/Users/mingxuan/OR/itc/itc-2019/src/solution/muni-fsps-spr17/random_hc_20261001_024327/completed/seed_1790793809972/final.xml
1790793809973	/Users/mingxuan/OR/itc/itc-2019/src/solution/muni-fsps-spr17/random_hc_20261001_024327/completed/seed_1790793809973/final.xml
1790793809974	/Users/mingxuan/OR/itc/itc-2019/src/solution/muni-fsps-spr17/random_hc_20261001_024327/completed/seed_1790793809974/final.xml
1790793809976	/Users/mingxuan/OR/itc/itc-2019/src/solution/muni-fsps-spr17/random_hc_20261001_024327/completed/seed_1790793809976/final.xml
1790793809978	/Users/mingxuan/OR/itc/itc-2019/src/solution/muni-fsps-spr17/random_hc_20261001_024327/completed/seed_1790793809978/final.xml
1790793809980	/Users/mingxuan/OR/itc/itc-2019/src/solution/muni-fsps-spr17/random_hc_20261001_024327/completed/seed_1790793809980/final.xml
1790793809981	/Users/mingxuan/OR/itc/itc-2019/src/solution/muni-fsps-spr17/random_hc_20261001_024327/completed/seed_1790793809981/final.xml
1790793809983	/Users/mingxuan/OR/itc/itc-2019/src/solution/muni-fsps-spr17/random_hc_20261001_024327/completed/seed_1790793809983/final.xml
1790793809984	/Users/mingxuan/OR/itc/itc-2019/src/solution/muni-fsps-spr17/random_hc_20261001_024327/completed/seed_1790793809984/final.xml
1790793809985	/Users/mingxuan/OR/itc/itc-2019/src/solution/muni-fsps-spr17/random_hc_20261001_024327/completed/seed_1790793809985/final.xml
1790793809986	/Users/mingxuan/OR/itc/itc-2019/src/solution/muni-fsps-spr17/random_hc_20261001_024327/completed/seed_1790793809986/final.xml
1790793809987	/Users/mingxuan/OR/itc/itc-2019/src/solution/muni-fsps-spr17/random_hc_20261001_024327/completed/seed_1790793809987/final.xml
1790793809988	/Users/mingxuan/OR/itc/itc-2019/src/solution/muni-fsps-spr17/random_hc_20261001_024327/completed/seed_1790793809988/final.xml
1790793809990	/Users/mingxuan/OR/itc/itc-2019/src/solution/muni-fsps-spr17/random_hc_20261001_024327/completed/seed_1790793809990/final.xml
1790793809992	/Users/mingxuan/OR/itc/itc-2019/src/solution/muni-fsps-spr17/random_hc_20261001_024327/completed/seed_1790793809992/final.xml
1790793809993	/Users/mingxuan/OR/itc/itc-2019/src/solution/muni-fsps-spr17/random_hc_20261001_024327/completed/seed_1790793809993/final.xml
1790793809994	/Users/mingxuan/OR/itc/itc-2019/src/solution/muni-fsps-spr17/random_hc_20261001_024327/completed/seed_1790793809994/final.xml
1790793809995	/Users/mingxuan/OR/itc/itc-2019/src/solution/muni-fsps-spr17/random_hc_20261001_024327/completed/seed_1790793809995/final.xml
1790793809997	/Users/mingxuan/OR/itc/itc-2019/src/solution/muni-fsps-spr17/random_hc_20261001_024327/completed/seed_1790793809997/final.xml
1790793809998	/Users/mingxuan/OR/itc/itc-2019/src/solution/muni-fsps-spr17/random_hc_20261001_024327/completed/seed_1790793809998/final.xml
1790793809999	/Users/mingxuan/OR/itc/itc-2019/src/solution/muni-fsps-spr17/random_hc_20261001_024327/completed/seed_1790793809999/final.xml
1790793810000	/Users/mingxuan/OR/itc/itc-2019/src/solution/muni-fsps-spr17/random_hc_20261001_024327/completed/seed_1790793810000/final.xml
1790793810001	/Users/mingxuan/OR/itc/itc-2019/src/solution/muni-fsps-spr17/random_hc_20261001_024327/completed/seed_1790793810001/final.xml
1790793810002	/Users/mingxuan/OR/itc/itc-2019/src/solution/muni-fsps-spr17/random_hc_20261001_024327/completed/seed_1790793810002/final.xml
1790793810003	/Users/mingxuan/OR/itc/itc-2019/src/solution/muni-fsps-spr17/random_hc_20261001_024327/completed/seed_1790793810003/final.xml
1790793810004	/Users/mingxuan/OR/itc/itc-2019/src/solution/muni-fsps-spr17/random_hc_20261001_024327/completed/seed_1790793810004/final.xml
1790793810007	/Users/mingxuan/OR/itc/itc-2019/src/solution/muni-fsps-spr17/random_hc_20261001_024327/completed/seed_1790793810007/final.xml
1790793810008	/Users/mingxuan/OR/itc/itc-2019/src/solution/muni-fsps-spr17/random_hc_20261001_024327/completed/seed_1790793810008/final.xml
1790793810009	/Users/mingxuan/OR/itc/itc-2019/src/solution/muni-fsps-spr17/random_hc_20261001_024327/completed/seed_1790793810009/final.xml
1790793810010	/Users/mingxuan/OR/itc/itc-2019/src/solution/muni-fsps-spr17/random_hc_20261001_024327/completed/seed_1790793810010/final.xml
1790793810011	/Users/mingxuan/OR/itc/itc-2019/src/solution/muni-fsps-spr17/random_hc_20261001_024327/completed/seed_1790793810011/final.xml
1790793810014	/Users/mingxuan/OR/itc/itc-2019/src/solution/muni-fsps-spr17/random_hc_20261001_024327/completed/seed_1790793810014/final.xml
1790793810015	/Users/mingxuan/OR/itc/itc-2019/src/solution/muni-fsps-spr17/random_hc_20261001_024327/completed/seed_1790793810015/final.xml
1790793810017	/Users/mingxuan/OR/itc/itc-2019/src/solution/muni-fsps-spr17/random_hc_20261001_024327/completed/seed_1790793810017/final.xml
1790793810018	/Users/mingxuan/OR/itc/itc-2019/src/solution/muni-fsps-spr17/random_hc_20261001_024327/completed/seed_1790793810018/final.xml
1790793810019	/Users/mingxuan/OR/itc/itc-2019/src/solution/muni-fsps-spr17/random_hc_20261001_024327/completed/seed_1790793810019/final.xml
1790793810020	/Users/mingxuan/OR/itc/itc-2019/src/solution/muni-fsps-spr17/random_hc_20261001_024327/completed/seed_1790793810020/final.xml
1790793810022	/Users/mingxuan/OR/itc/itc-2019/src/solution/muni-fsps-spr17/random_hc_20261001_024327/completed/seed_1790793810022/final.xml
1790793810023	/Users/mingxuan/OR/itc/itc-2019/src/solution/muni-fsps-spr17/random_hc_20261001_024327/completed/seed_1790793810023/final.xml
1790793810024	/Users/mingxuan/OR/itc/itc-2019/src/solution/muni-fsps-spr17/random_hc_20261001_024327/completed/seed_1790793810024/final.xml
1790793810025	/Users/mingxuan/OR/itc/itc-2019/src/solution/muni-fsps-spr17/random_hc_20261001_024327/completed/seed_1790793810025/final.xml
1790793810026	/Users/mingxuan/OR/itc/itc-2019/src/solution/muni-fsps-spr17/random_hc_20261001_024327/completed/seed_1790793810026/final.xml
1790793810027	/Users/mingxuan/OR/itc/itc-2019/src/solution/muni-fsps-spr17/random_hc_20261001_024327/completed/seed_1790793810027/final.xml
1790793810028	/Users/mingxuan/OR/itc/itc-2019/src/solution/muni-fsps-spr17/random_hc_20261001_024327/completed/seed_1790793810028/final.xml
1790793810029	/Users/mingxuan/OR/itc/itc-2019/src/solution/muni-fsps-spr17/random_hc_20261001_024327/completed/seed_1790793810029/final.xml
1790793810030	/Users/mingxuan/OR/itc/itc-2019/src/solution/muni-fsps-spr17/random_hc_20261001_024327/completed/seed_1790793810030/final.xml
1790793810031	/Users/mingxuan/OR/itc/itc-2019/src/solution/muni-fsps-spr17/random_hc_20261001_024327/completed/seed_1790793810031/final.xml
1790793810032	/Users/mingxuan/OR/itc/itc-2019/src/solution/muni-fsps-spr17/random_hc_20261001_024327/completed/seed_1790793810032/final.xml
1790793810033	/Users/mingxuan/OR/itc/itc-2019/src/solution/muni-fsps-spr17/random_hc_20261001_024327/completed/seed_1790793810033/final.xml
1790793810034	/Users/mingxuan/OR/itc/itc-2019/src/solution/muni-fsps-spr17/random_hc_20261001_024327/completed/seed_1790793810034/final.xml
1790793810038	/Users/mingxuan/OR/itc/itc-2019/src/solution/muni-fsps-spr17/random_hc_20261001_024327/completed/seed_1790793810038/final.xml
1790793810039	/Users/mingxuan/OR/itc/itc-2019/src/solution/muni-fsps-spr17/random_hc_20261001_024327/completed/seed_1790793810039/final.xml
1790793810040	/Users/mingxuan/OR/itc/itc-2019/src/solution/muni-fsps-spr17/random_hc_20261001_024327/completed/seed_1790793810040/final.xml
1790793810041	/Users/mingxuan/OR/itc/itc-2019/src/solution/muni-fsps-spr17/random_hc_20261001_024327/completed/seed_1790793810041/final.xml
1790793810042	/Users/mingxuan/OR/itc/itc-2019/src/solution/muni-fsps-spr17/random_hc_20261001_024327/completed/seed_1790793810042/final.xml
1790793810043	/Users/mingxuan/OR/itc/itc-2019/src/solution/muni-fsps-spr17/random_hc_20261001_024327/completed/seed_1790793810043/final.xml
1790793810044	/Users/mingxuan/OR/itc/itc-2019/src/solution/muni-fsps-spr17/random_hc_20261001_024327/completed/seed_1790793810044/final.xml
1790793810046	/Users/mingxuan/OR/itc/itc-2019/src/solution/muni-fsps-spr17/random_hc_20261001_024327/completed/seed_1790793810046/final.xml
1790793810047	/Users/mingxuan/OR/itc/itc-2019/src/solution/muni-fsps-spr17/random_hc_20261001_024327/completed/seed_1790793810047/final.xml
1790793810048	/Users/mingxuan/OR/itc/itc-2019/src/solution/muni-fsps-spr17/random_hc_20261001_024327/completed/seed_1790793810048/final.xml
1790793810050	/Users/mingxuan/OR/itc/itc-2019/src/solution/muni-fsps-spr17/random_hc_20261001_024327/completed/seed_1790793810050/final.xml
1790793810051	/Users/mingxuan/OR/itc/itc-2019/src/solution/muni-fsps-spr17/random_hc_20261001_024327/completed/seed_1790793810051/final.xml
1790793810052	/Users/mingxuan/OR/itc/itc-2019/src/solution/muni-fsps-spr17/random_hc_20261001_024327/completed/seed_1790793810052/final.xml
1790793810054	/Users/mingxuan/OR/itc/itc-2019/src/solution/muni-fsps-spr17/random_hc_20261001_024327/completed/seed_1790793810054/final.xml
1790793810055	/Users/mingxuan/OR/itc/itc-2019/src/solution/muni-fsps-spr17/random_hc_20261001_024327/completed/seed_1790793810055/final.xml
1790793810056	/Users/mingxuan/OR/itc/itc-2019/src/solution/muni-fsps-spr17/random_hc_20261001_024327/completed/seed_1790793810056/final.xml
1790793810057	/Users/mingxuan/OR/itc/itc-2019/src/solution/muni-fsps-spr17/random_hc_20261001_024327/completed/seed_1790793810057/final.xml
1790793810058	/Users/mingxuan/OR/itc/itc-2019/src/solution/muni-fsps-spr17/random_hc_20261001_024327/completed/seed_1790793810058/final.xml
1790793810060	/Users/mingxuan/OR/itc/itc-2019/src/solution/muni-fsps-spr17/random_hc_20261001_024327/completed/seed_1790793810060/final.xml
1790793810061	/Users/mingxuan/OR/itc/itc-2019/src/solution/muni-fsps-spr17/random_hc_20261001_024327/completed/seed_1790793810061/final.xml
1790793810062	/Users/mingxuan/OR/itc/itc-2019/src/solution/muni-fsps-spr17/random_hc_20261001_024327/completed/seed_1790793810062/final.xml
1790793810063	/Users/mingxuan/OR/itc/itc-2019/src/solution/muni-fsps-spr17/random_hc_20261001_024327/completed/seed_1790793810063/final.xml
1790793810064	/Users/mingxuan/OR/itc/itc-2019/src/solution/muni-fsps-spr17/random_hc_20261001_024327/completed/seed_1790793810064/final.xml
1790793810066	/Users/mingxuan/OR/itc/itc-2019/src/solution/muni-fsps-spr17/random_hc_20261001_024327/completed/seed_1790793810066/final.xml
1790793810067	/Users/mingxuan/OR/itc/itc-2019/src/solution/muni-fsps-spr17/random_hc_20261001_024327/completed/seed_1790793810067/final.xml
1790793810068	/Users/mingxuan/OR/itc/itc-2019/src/solution/muni-fsps-spr17/random_hc_20261001_024327/completed/seed_1790793810068/final.xml
1790793810069	/Users/mingxuan/OR/itc/itc-2019/src/solution/muni-fsps-spr17/random_hc_20261001_024327/completed/seed_1790793810069/final.xml
1790793810070	/Users/mingxuan/OR/itc/itc-2019/src/solution/muni-fsps-spr17/random_hc_20261001_024327/completed/seed_1790793810070/final.xml
1790793810071	/Users/mingxuan/OR/itc/itc-2019/src/solution/muni-fsps-spr17/random_hc_20261001_024327/completed/seed_1790793810071/final.xml
1790793810072	/Users/mingxuan/OR/itc/itc-2019/src/solution/muni-fsps-spr17/random_hc_20261001_024327/completed/seed_1790793810072/final.xml
1790793810073	/Users/mingxuan/OR/itc/itc-2019/src/solution/muni-fsps-spr17/random_hc_20261001_024327/completed/seed_1790793810073/final.xml
1790793810074	/Users/mingxuan/OR/itc/itc-2019/src/solution/muni-fsps-spr17/random_hc_20261001_024327/completed/seed_1790793810074/final.xml
1790793810075	/Users/mingxuan/OR/itc/itc-2019/src/solution/muni-fsps-spr17/random_hc_20261001_024327/completed/seed_1790793810075/final.xml
1790793810076	/Users/mingxuan/OR/itc/itc-2019/src/solution/muni-fsps-spr17/random_hc_20261001_024327/completed/seed_1790793810076/final.xml
1790793810077	/Users/mingxuan/OR/itc/itc-2019/src/solution/muni-fsps-spr17/random_hc_20261001_024327/completed/seed_1790793810077/final.xml
1790793810078	/Users/mingxuan/OR/itc/itc-2019/src/solution/muni-fsps-spr17/random_hc_20261001_024327/completed/seed_1790793810078/final.xml
1790793810079	/Users/mingxuan/OR/itc/itc-2019/src/solution/muni-fsps-spr17/random_hc_20261001_024327/completed/seed_1790793810079/final.xml
1790793810080	/Users/mingxuan/OR/itc/itc-2019/src/solution/muni-fsps-spr17/random_hc_20261001_024327/completed/seed_1790793810080/final.xml
1790793810081	/Users/mingxuan/OR/itc/itc-2019/src/solution/muni-fsps-spr17/random_hc_20261001_024327/completed/seed_1790793810081/final.xml
1790793810082	/Users/mingxuan/OR/itc/itc-2019/src/solution/muni-fsps-spr17/random_hc_20261001_024327/completed/seed_1790793810082/final.xml
1790793810083	/Users/mingxuan/OR/itc/itc-2019/src/solution/muni-fsps-spr17/random_hc_20261001_024327/completed/seed_1790793810083/final.xml
1790793810084	/Users/mingxuan/OR/itc/itc-2019/src/solution/muni-fsps-spr17/random_hc_20261001_024327/completed/seed_1790793810084/final.xml
1790793810085	/Users/mingxuan/OR/itc/itc-2019/src/solution/muni-fsps-spr17/random_hc_20261001_024327/completed/seed_1790793810085/final.xml
1790793810086	/Users/mingxuan/OR/itc/itc-2019/src/solution/muni-fsps-spr17/random_hc_20261001_024327/completed/seed_1790793810086/final.xml
1790793810087	/Users/mingxuan/OR/itc/itc-2019/src/solution/muni-fsps-spr17/random_hc_20261001_024327/completed/seed_1790793810087/final.xml
1790793810088	/Users/mingxuan/OR/itc/itc-2019/src/solution/muni-fsps-spr17/random_hc_20261001_024327/completed/seed_1790793810088/final.xml
1790793810089	/Users/mingxuan/OR/itc/itc-2019/src/solution/muni-fsps-spr17/random_hc_20261001_024327/completed/seed_1790793810089/final.xml
1790793810090	/Users/mingxuan/OR/itc/itc-2019/src/solution/muni-fsps-spr17/random_hc_20261001_024327/completed/seed_1790793810090/final.xml
1790793810091	/Users/mingxuan/OR/itc/itc-2019/src/solution/muni-fsps-spr17/random_hc_20261001_024327/completed/seed_1790793810091/final.xml
1790793810093	/Users/mingxuan/OR/itc/itc-2019/src/solution/muni-fsps-spr17/random_hc_20261001_024327/completed/seed_1790793810093/final.xml
1790793810094	/Users/mingxuan/OR/itc/itc-2019/src/solution/muni-fsps-spr17/random_hc_20261001_024327/completed/seed_1790793810094/final.xml
1790793810095	/Users/mingxuan/OR/itc/itc-2019/src/solution/muni-fsps-spr17/random_hc_20261001_024327/completed/seed_1790793810095/final.xml
1790793810096	/Users/mingxuan/OR/itc/itc-2019/src/solution/muni-fsps-spr17/random_hc_20261001_024327/completed/seed_1790793810096/final.xml
1790793810097	/Users/mingxuan/OR/itc/itc-2019/src/solution/muni-fsps-spr17/random_hc_20261001_024327/completed/seed_1790793810097/final.xml
1790793807598	/Users/mingxuan/OR/itc/itc-2019/src/solution/muni-fsps-spr17/random_hc_20261001_024327/completed/seed_1790793807598/final.xml
1790793807609	/Users/mingxuan/OR/itc/itc-2019/src/solution/muni-fsps-spr17/random_hc_20261001_024327/completed/seed_1790793807609/final.xml
1790793807613	/Users/mingxuan/OR/itc/itc-2019/src/solution/muni-fsps-spr17/random_hc_20261001_024327/completed/seed_1790793807613/final.xml
1790793807614	/Users/mingxuan/OR/itc/itc-2019/src/solution/muni-fsps-spr17/random_hc_20261001_024327/completed/seed_1790793807614/final.xml
1790793807620	/Users/mingxuan/OR/itc/itc-2019/src/solution/muni-fsps-spr17/random_hc_20261001_024327/completed/seed_1790793807620/final.xml
1790793807628	/Users/mingxuan/OR/itc/itc-2019/src/solution/muni-fsps-spr17/random_hc_20261001_024327/completed/seed_1790793807628/final.xml
1790793807633	/Users/mingxuan/OR/itc/itc-2019/src/solution/muni-fsps-spr17/random_hc_20261001_024327/completed/seed_1790793807633/final.xml
1790793807645	/Users/mingxuan/OR/itc/itc-2019/src/solution/muni-fsps-spr17/random_hc_20261001_024327/completed/seed_1790793807645/final.xml
1790793807646	/Users/mingxuan/OR/itc/itc-2019/src/solution/muni-fsps-spr17/random_hc_20261001_024327/completed/seed_1790793807646/final.xml
1790793807647	/Users/mingxuan/OR/itc/itc-2019/src/solution/muni-fsps-spr17/random_hc_20261001_024327/completed/seed_1790793807647/final.xml
1790793807650	/Users/mingxuan/OR/itc/itc-2019/src/solution/muni-fsps-spr17/random_hc_20261001_024327/completed/seed_1790793807650/final.xml
1790793807653	/Users/mingxuan/OR/itc/itc-2019/src/solution/muni-fsps-spr17/random_hc_20261001_024327/completed/seed_1790793807653/final.xml
1790793807654	/Users/mingxuan/OR/itc/itc-2019/src/solution/muni-fsps-spr17/random_hc_20261001_024327/completed/seed_1790793807654/final.xml
1790793807657	/Users/mingxuan/OR/itc/itc-2019/src/solution/muni-fsps-spr17/random_hc_20261001_024327/completed/seed_1790793807657/final.xml
1790793807659	/Users/mingxuan/OR/itc/itc-2019/src/solution/muni-fsps-spr17/random_hc_20261001_024327/completed/seed_1790793807659/final.xml
1790793807661	/Users/mingxuan/OR/itc/itc-2019/src/solution/muni-fsps-spr17/random_hc_20261001_024327/completed/seed_1790793807661/final.xml
1790793807663	/Users/mingxuan/OR/itc/itc-2019/src/solution/muni-fsps-spr17/random_hc_20261001_024327/completed/seed_1790793807663/final.xml
1790793807671	/Users/mingxuan/OR/itc/itc-2019/src/solution/muni-fsps-spr17/random_hc_20261001_024327/completed/seed_1790793807671/final.xml
1790793807683	/Users/mingxuan/OR/itc/itc-2019/src/solution/muni-fsps-spr17/random_hc_20261001_024327/completed/seed_1790793807683/final.xml
1790793807691	/Users/mingxuan/OR/itc/itc-2019/src/solution/muni-fsps-spr17/random_hc_20261001_024327/completed/seed_1790793807691/final.xml
1790793807696	/Users/mingxuan/OR/itc/itc-2019/src/solution/muni-fsps-spr17/random_hc_20261001_024327/completed/seed_1790793807696/final.xml
1790793807697	/Users/mingxuan/OR/itc/itc-2019/src/solution/muni-fsps-spr17/random_hc_20261001_024327/completed/seed_1790793807697/final.xml
1790793807709	/Users/mingxuan/OR/itc/itc-2019/src/solution/muni-fsps-spr17/random_hc_20261001_024327/completed/seed_1790793807709/final.xml
1790793807716	/Users/mingxuan/OR/itc/itc-2019/src/solution/muni-fsps-spr17/random_hc_20261001_024327/completed/seed_1790793807716/final.xml
1790793807725	/Users/mingxuan/OR/itc/itc-2019/src/solution/muni-fsps-spr17/random_hc_20261001_024327/completed/seed_1790793807725/final.xml
1790793807728	/Users/mingxuan/OR/itc/itc-2019/src/solution/muni-fsps-spr17/random_hc_20261001_024327/completed/seed_1790793807728/final.xml
1790793807730	/Users/mingxuan/OR/itc/itc-2019/src/solution/muni-fsps-spr17/random_hc_20261001_024327/completed/seed_1790793807730/final.xml
1790793807741	/Users/mingxuan/OR/itc/itc-2019/src/solution/muni-fsps-spr17/random_hc_20261001_024327/completed/seed_1790793807741/final.xml
1790793807743	/Users/mingxuan/OR/itc/itc-2019/src/solution/muni-fsps-spr17/random_hc_20261001_024327/completed/seed_1790793807743/final.xml
1790793807753	/Users/mingxuan/OR/itc/itc-2019/src/solution/muni-fsps-spr17/random_hc_20261001_024327/completed/seed_1790793807753/final.xml
1790793807769	/Users/mingxuan/OR/itc/itc-2019/src/solution/muni-fsps-spr17/random_hc_20261001_024327/completed/seed_1790793807769/final.xml
1790793807774	/Users/mingxuan/OR/itc/itc-2019/src/solution/muni-fsps-spr17/random_hc_20261001_024327/completed/seed_1790793807774/final.xml
1790793807782	/Users/mingxuan/OR/itc/itc-2019/src/solution/muni-fsps-spr17/random_hc_20261001_024327/completed/seed_1790793807782/final.xml
1790793807808	/Users/mingxuan/OR/itc/itc-2019/src/solution/muni-fsps-spr17/random_hc_20261001_024327/completed/seed_1790793807808/final.xml
1790793807815	/Users/mingxuan/OR/itc/itc-2019/src/solution/muni-fsps-spr17/random_hc_20261001_024327/completed/seed_1790793807815/final.xml
1790793807819	/Users/mingxuan/OR/itc/itc-2019/src/solution/muni-fsps-spr17/random_hc_20261001_024327/completed/seed_1790793807819/final.xml
1790793807822	/Users/mingxuan/OR/itc/itc-2019/src/solution/muni-fsps-spr17/random_hc_20261001_024327/completed/seed_1790793807822/final.xml
1790793807838	/Users/mingxuan/OR/itc/itc-2019/src/solution/muni-fsps-spr17/random_hc_20261001_024327/completed/seed_1790793807838/final.xml
1790793807847	/Users/mingxuan/OR/itc/itc-2019/src/solution/muni-fsps-spr17/random_hc_20261001_024327/completed/seed_1790793807847/final.xml
1790793807850	/Users/mingxuan/OR/itc/itc-2019/src/solution/muni-fsps-spr17/random_hc_20261001_024327/completed/seed_1790793807850/final.xml
1790793807855	/Users/mingxuan/OR/itc/itc-2019/src/solution/muni-fsps-spr17/random_hc_20261001_024327/completed/seed_1790793807855/final.xml
1790793807866	/Users/mingxuan/OR/itc/itc-2019/src/solution/muni-fsps-spr17/random_hc_20261001_024327/completed/seed_1790793807866/final.xml
1790793807867	/Users/mingxuan/OR/itc/itc-2019/src/solution/muni-fsps-spr17/random_hc_20261001_024327/completed/seed_1790793807867/final.xml
1790793807883	/Users/mingxuan/OR/itc/itc-2019/src/solution/muni-fsps-spr17/random_hc_20261001_024327/completed/seed_1790793807883/final.xml
1790793807892	/Users/mingxuan/OR/itc/itc-2019/src/solution/muni-fsps-spr17/random_hc_20261001_024327/completed/seed_1790793807892/final.xml
1790793807897	/Users/mingxuan/OR/itc/itc-2019/src/solution/muni-fsps-spr17/random_hc_20261001_024327/completed/seed_1790793807897/final.xml
1790793807906	/Users/mingxuan/OR/itc/itc-2019/src/solution/muni-fsps-spr17/random_hc_20261001_024327/completed/seed_1790793807906/final.xml
1790793807907	/Users/mingxuan/OR/itc/itc-2019/src/solution/muni-fsps-spr17/random_hc_20261001_024327/completed/seed_1790793807907/final.xml
1790793807909	/Users/mingxuan/OR/itc/itc-2019/src/solution/muni-fsps-spr17/random_hc_20261001_024327/completed/seed_1790793807909/final.xml
1790793807910	/Users/mingxuan/OR/itc/itc-2019/src/solution/muni-fsps-spr17/random_hc_20261001_024327/completed/seed_1790793807910/final.xml
1790793807917	/Users/mingxuan/OR/itc/itc-2019/src/solution/muni-fsps-spr17/random_hc_20261001_024327/completed/seed_1790793807917/final.xml
1790793807918	/Users/mingxuan/OR/itc/itc-2019/src/solution/muni-fsps-spr17/random_hc_20261001_024327/completed/seed_1790793807918/final.xml
1790793807924	/Users/mingxuan/OR/itc/itc-2019/src/solution/muni-fsps-spr17/random_hc_20261001_024327/completed/seed_1790793807924/final.xml
1790793807927	/Users/mingxuan/OR/itc/itc-2019/src/solution/muni-fsps-spr17/random_hc_20261001_024327/completed/seed_1790793807927/final.xml
1790793807951	/Users/mingxuan/OR/itc/itc-2019/src/solution/muni-fsps-spr17/random_hc_20261001_024327/completed/seed_1790793807951/final.xml
1790793807955	/Users/mingxuan/OR/itc/itc-2019/src/solution/muni-fsps-spr17/random_hc_20261001_024327/completed/seed_1790793807955/final.xml
1790793807962	/Users/mingxuan/OR/itc/itc-2019/src/solution/muni-fsps-spr17/random_hc_20261001_024327/completed/seed_1790793807962/final.xml
1790793807992	/Users/mingxuan/OR/itc/itc-2019/src/solution/muni-fsps-spr17/random_hc_20261001_024327/completed/seed_1790793807992/final.xml
1790793807994	/Users/mingxuan/OR/itc/itc-2019/src/solution/muni-fsps-spr17/random_hc_20261001_024327/completed/seed_1790793807994/final.xml
1790793807995	/Users/mingxuan/OR/itc/itc-2019/src/solution/muni-fsps-spr17/random_hc_20261001_024327/completed/seed_1790793807995/final.xml
1790793808006	/Users/mingxuan/OR/itc/itc-2019/src/solution/muni-fsps-spr17/random_hc_20261001_024327/completed/seed_1790793808006/final.xml
1790793808008	/Users/mingxuan/OR/itc/itc-2019/src/solution/muni-fsps-spr17/random_hc_20261001_024327/completed/seed_1790793808008/final.xml
1790793808022	/Users/mingxuan/OR/itc/itc-2019/src/solution/muni-fsps-spr17/random_hc_20261001_024327/completed/seed_1790793808022/final.xml
1790793808024	/Users/mingxuan/OR/itc/itc-2019/src/solution/muni-fsps-spr17/random_hc_20261001_024327/completed/seed_1790793808024/final.xml
1790793808030	/Users/mingxuan/OR/itc/itc-2019/src/solution/muni-fsps-spr17/random_hc_20261001_024327/completed/seed_1790793808030/final.xml
1790793808040	/Users/mingxuan/OR/itc/itc-2019/src/solution/muni-fsps-spr17/random_hc_20261001_024327/completed/seed_1790793808040/final.xml
1790793808041	/Users/mingxuan/OR/itc/itc-2019/src/solution/muni-fsps-spr17/random_hc_20261001_024327/completed/seed_1790793808041/final.xml
1790793808052	/Users/mingxuan/OR/itc/itc-2019/src/solution/muni-fsps-spr17/random_hc_20261001_024327/completed/seed_1790793808052/final.xml
1790793808054	/Users/mingxuan/OR/itc/itc-2019/src/solution/muni-fsps-spr17/random_hc_20261001_024327/completed/seed_1790793808054/final.xml
1790793808068	/Users/mingxuan/OR/itc/itc-2019/src/solution/muni-fsps-spr17/random_hc_20261001_024327/completed/seed_1790793808068/final.xml
1790793808076	/Users/mingxuan/OR/itc/itc-2019/src/solution/muni-fsps-spr17/random_hc_20261001_024327/completed/seed_1790793808076/final.xml
1790793808087	/Users/mingxuan/OR/itc/itc-2019/src/solution/muni-fsps-spr17/random_hc_20261001_024327/completed/seed_1790793808087/final.xml
1790793808091	/Users/mingxuan/OR/itc/itc-2019/src/solution/muni-fsps-spr17/random_hc_20261001_024327/completed/seed_1790793808091/final.xml
1790793808093	/Users/mingxuan/OR/itc/itc-2019/src/solution/muni-fsps-spr17/random_hc_20261001_024327/completed/seed_1790793808093/final.xml
1790793808095	/Users/mingxuan/OR/itc/itc-2019/src/solution/muni-fsps-spr17/random_hc_20261001_024327/completed/seed_1790793808095/final.xml
1790793808129	/Users/mingxuan/OR/itc/itc-2019/src/solution/muni-fsps-spr17/random_hc_20261001_024327/completed/seed_1790793808129/final.xml
1790793808152	/Users/mingxuan/OR/itc/itc-2019/src/solution/muni-fsps-spr17/random_hc_20261001_024327/completed/seed_1790793808152/final.xml
1790793808156	/Users/mingxuan/OR/itc/itc-2019/src/solution/muni-fsps-spr17/random_hc_20261001_024327/completed/seed_1790793808156/final.xml
1790793808161	/Users/mingxuan/OR/itc/itc-2019/src/solution/muni-fsps-spr17/random_hc_20261001_024327/completed/seed_1790793808161/final.xml
1790793808166	/Users/mingxuan/OR/itc/itc-2019/src/solution/muni-fsps-spr17/random_hc_20261001_024327/completed/seed_1790793808166/final.xml
1790793808172	/Users/mingxuan/OR/itc/itc-2019/src/solution/muni-fsps-spr17/random_hc_20261001_024327/completed/seed_1790793808172/final.xml
1790793808180	/Users/mingxuan/OR/itc/itc-2019/src/solution/muni-fsps-spr17/random_hc_20261001_024327/completed/seed_1790793808180/final.xml
1790793808195	/Users/mingxuan/OR/itc/itc-2019/src/solution/muni-fsps-spr17/random_hc_20261001_024327/completed/seed_1790793808195/final.xml
1790793808196	/Users/mingxuan/OR/itc/itc-2019/src/solution/muni-fsps-spr17/random_hc_20261001_024327/completed/seed_1790793808196/final.xml
1790793808200	/Users/mingxuan/OR/itc/itc-2019/src/solution/muni-fsps-spr17/random_hc_20261001_024327/completed/seed_1790793808200/final.xml
1790793808213	/Users/mingxuan/OR/itc/itc-2019/src/solution/muni-fsps-spr17/random_hc_20261001_024327/completed/seed_1790793808213/final.xml
1790793808215	/Users/mingxuan/OR/itc/itc-2019/src/solution/muni-fsps-spr17/random_hc_20261001_024327/completed/seed_1790793808215/final.xml
1790793808227	/Users/mingxuan/OR/itc/itc-2019/src/solution/muni-fsps-spr17/random_hc_20261001_024327/completed/seed_1790793808227/final.xml
1790793808234	/Users/mingxuan/OR/itc/itc-2019/src/solution/muni-fsps-spr17/random_hc_20261001_024327/completed/seed_1790793808234/final.xml
1790793808236	/Users/mingxuan/OR/itc/itc-2019/src/solution/muni-fsps-spr17/random_hc_20261001_024327/completed/seed_1790793808236/final.xml
1790793808241	/Users/mingxuan/OR/itc/itc-2019/src/solution/muni-fsps-spr17/random_hc_20261001_024327/completed/seed_1790793808241/final.xml
1790793808263	/Users/mingxuan/OR/itc/itc-2019/src/solution/muni-fsps-spr17/random_hc_20261001_024327/completed/seed_1790793808263/final.xml
1790793808268	/Users/mingxuan/OR/itc/itc-2019/src/solution/muni-fsps-spr17/random_hc_20261001_024327/completed/seed_1790793808268/final.xml
1790793808269	/Users/mingxuan/OR/itc/itc-2019/src/solution/muni-fsps-spr17/random_hc_20261001_024327/completed/seed_1790793808269/final.xml
1790793808274	/Users/mingxuan/OR/itc/itc-2019/src/solution/muni-fsps-spr17/random_hc_20261001_024327/completed/seed_1790793808274/final.xml
1790793808275	/Users/mingxuan/OR/itc/itc-2019/src/solution/muni-fsps-spr17/random_hc_20261001_024327/completed/seed_1790793808275/final.xml
1790793808302	/Users/mingxuan/OR/itc/itc-2019/src/solution/muni-fsps-spr17/random_hc_20261001_024327/completed/seed_1790793808302/final.xml
1790793808307	/Users/mingxuan/OR/itc/itc-2019/src/solution/muni-fsps-spr17/random_hc_20261001_024327/completed/seed_1790793808307/final.xml
1790793808318	/Users/mingxuan/OR/itc/itc-2019/src/solution/muni-fsps-spr17/random_hc_20261001_024327/completed/seed_1790793808318/final.xml
1790793808327	/Users/mingxuan/OR/itc/itc-2019/src/solution/muni-fsps-spr17/random_hc_20261001_024327/completed/seed_1790793808327/final.xml
1790793808336	/Users/mingxuan/OR/itc/itc-2019/src/solution/muni-fsps-spr17/random_hc_20261001_024327/completed/seed_1790793808336/final.xml
1790793808337	/Users/mingxuan/OR/itc/itc-2019/src/solution/muni-fsps-spr17/random_hc_20261001_024327/completed/seed_1790793808337/final.xml
1790793808344	/Users/mingxuan/OR/itc/itc-2019/src/solution/muni-fsps-spr17/random_hc_20261001_024327/completed/seed_1790793808344/final.xml
1790793808347	/Users/mingxuan/OR/itc/itc-2019/src/solution/muni-fsps-spr17/random_hc_20261001_024327/completed/seed_1790793808347/final.xml
1790793808362	/Users/mingxuan/OR/itc/itc-2019/src/solution/muni-fsps-spr17/random_hc_20261001_024327/completed/seed_1790793808362/final.xml
1790793808377	/Users/mingxuan/OR/itc/itc-2019/src/solution/muni-fsps-spr17/random_hc_20261001_024327/completed/seed_1790793808377/final.xml
1790793808383	/Users/mingxuan/OR/itc/itc-2019/src/solution/muni-fsps-spr17/random_hc_20261001_024327/completed/seed_1790793808383/final.xml
1790793808389	/Users/mingxuan/OR/itc/itc-2019/src/solution/muni-fsps-spr17/random_hc_20261001_024327/completed/seed_1790793808389/final.xml
1790793808398	/Users/mingxuan/OR/itc/itc-2019/src/solution/muni-fsps-spr17/random_hc_20261001_024327/completed/seed_1790793808398/final.xml
1790793808407	/Users/mingxuan/OR/itc/itc-2019/src/solution/muni-fsps-spr17/random_hc_20261001_024327/completed/seed_1790793808407/final.xml
1790793808414	/Users/mingxuan/OR/itc/itc-2019/src/solution/muni-fsps-spr17/random_hc_20261001_024327/completed/seed_1790793808414/final.xml
1790793808421	/Users/mingxuan/OR/itc/itc-2019/src/solution/muni-fsps-spr17/random_hc_20261001_024327/completed/seed_1790793808421/final.xml
1790793808425	/Users/mingxuan/OR/itc/itc-2019/src/solution/muni-fsps-spr17/random_hc_20261001_024327/completed/seed_1790793808425/final.xml
1790793808427	/Users/mingxuan/OR/itc/itc-2019/src/solution/muni-fsps-spr17/random_hc_20261001_024327/completed/seed_1790793808427/final.xml
1790793808433	/Users/mingxuan/OR/itc/itc-2019/src/solution/muni-fsps-spr17/random_hc_20261001_024327/completed/seed_1790793808433/final.xml
1790793808435	/Users/mingxuan/OR/itc/itc-2019/src/solution/muni-fsps-spr17/random_hc_20261001_024327/completed/seed_1790793808435/final.xml
1790793808437	/Users/mingxuan/OR/itc/itc-2019/src/solution/muni-fsps-spr17/random_hc_20261001_024327/completed/seed_1790793808437/final.xml
1790793808444	/Users/mingxuan/OR/itc/itc-2019/src/solution/muni-fsps-spr17/random_hc_20261001_024327/completed/seed_1790793808444/final.xml
1790793808455	/Users/mingxuan/OR/itc/itc-2019/src/solution/muni-fsps-spr17/random_hc_20261001_024327/completed/seed_1790793808455/final.xml
1790793808462	/Users/mingxuan/OR/itc/itc-2019/src/solution/muni-fsps-spr17/random_hc_20261001_024327/completed/seed_1790793808462/final.xml
1790793808468	/Users/mingxuan/OR/itc/itc-2019/src/solution/muni-fsps-spr17/random_hc_20261001_024327/completed/seed_1790793808468/final.xml
1790793808474	/Users/mingxuan/OR/itc/itc-2019/src/solution/muni-fsps-spr17/random_hc_20261001_024327/completed/seed_1790793808474/final.xml
1790793808481	/Users/mingxuan/OR/itc/itc-2019/src/solution/muni-fsps-spr17/random_hc_20261001_024327/completed/seed_1790793808481/final.xml
1790793808491	/Users/mingxuan/OR/itc/itc-2019/src/solution/muni-fsps-spr17/random_hc_20261001_024327/completed/seed_1790793808491/final.xml
1790793808493	/Users/mingxuan/OR/itc/itc-2019/src/solution/muni-fsps-spr17/random_hc_20261001_024327/completed/seed_1790793808493/final.xml
1790793808516	/Users/mingxuan/OR/itc/itc-2019/src/solution/muni-fsps-spr17/random_hc_20261001_024327/completed/seed_1790793808516/final.xml
1790793808517	/Users/mingxuan/OR/itc/itc-2019/src/solution/muni-fsps-spr17/random_hc_20261001_024327/completed/seed_1790793808517/final.xml
1790793808518	/Users/mingxuan/OR/itc/itc-2019/src/solution/muni-fsps-spr17/random_hc_20261001_024327/completed/seed_1790793808518/final.xml
1790793808528	/Users/mingxuan/OR/itc/itc-2019/src/solution/muni-fsps-spr17/random_hc_20261001_024327/completed/seed_1790793808528/final.xml
1790793808550	/Users/mingxuan/OR/itc/itc-2019/src/solution/muni-fsps-spr17/random_hc_20261001_024327/completed/seed_1790793808550/final.xml
1790793808559	/Users/mingxuan/OR/itc/itc-2019/src/solution/muni-fsps-spr17/random_hc_20261001_024327/completed/seed_1790793808559/final.xml
1790793808560	/Users/mingxuan/OR/itc/itc-2019/src/solution/muni-fsps-spr17/random_hc_20261001_024327/completed/seed_1790793808560/final.xml
1790793808575	/Users/mingxuan/OR/itc/itc-2019/src/solution/muni-fsps-spr17/random_hc_20261001_024327/completed/seed_1790793808575/final.xml
1790793808581	/Users/mingxuan/OR/itc/itc-2019/src/solution/muni-fsps-spr17/random_hc_20261001_024327/completed/seed_1790793808581/final.xml
1790793808593	/Users/mingxuan/OR/itc/itc-2019/src/solution/muni-fsps-spr17/random_hc_20261001_024327/completed/seed_1790793808593/final.xml
1790793808595	/Users/mingxuan/OR/itc/itc-2019/src/solution/muni-fsps-spr17/random_hc_20261001_024327/completed/seed_1790793808595/final.xml
1790793808599	/Users/mingxuan/OR/itc/itc-2019/src/solution/muni-fsps-spr17/random_hc_20261001_024327/completed/seed_1790793808599/final.xml
1790793808617	/Users/mingxuan/OR/itc/itc-2019/src/solution/muni-fsps-spr17/random_hc_20261001_024327/completed/seed_1790793808617/final.xml
1790793808619	/Users/mingxuan/OR/itc/itc-2019/src/solution/muni-fsps-spr17/random_hc_20261001_024327/completed/seed_1790793808619/final.xml
1790793808622	/Users/mingxuan/OR/itc/itc-2019/src/solution/muni-fsps-spr17/random_hc_20261001_024327/completed/seed_1790793808622/final.xml
1790793808631	/Users/mingxuan/OR/itc/itc-2019/src/solution/muni-fsps-spr17/random_hc_20261001_024327/completed/seed_1790793808631/final.xml
1790793808643	/Users/mingxuan/OR/itc/itc-2019/src/solution/muni-fsps-spr17/random_hc_20261001_024327/completed/seed_1790793808643/final.xml
1790793808646	/Users/mingxuan/OR/itc/itc-2019/src/solution/muni-fsps-spr17/random_hc_20261001_024327/completed/seed_1790793808646/final.xml
1790793808656	/Users/mingxuan/OR/itc/itc-2019/src/solution/muni-fsps-spr17/random_hc_20261001_024327/completed/seed_1790793808656/final.xml
1790793808657	/Users/mingxuan/OR/itc/itc-2019/src/solution/muni-fsps-spr17/random_hc_20261001_024327/completed/seed_1790793808657/final.xml
1790793808673	/Users/mingxuan/OR/itc/itc-2019/src/solution/muni-fsps-spr17/random_hc_20261001_024327/completed/seed_1790793808673/final.xml
1790793808674	/Users/mingxuan/OR/itc/itc-2019/src/solution/muni-fsps-spr17/random_hc_20261001_024327/completed/seed_1790793808674/final.xml
1790793808695	/Users/mingxuan/OR/itc/itc-2019/src/solution/muni-fsps-spr17/random_hc_20261001_024327/completed/seed_1790793808695/final.xml
1790793808697	/Users/mingxuan/OR/itc/itc-2019/src/solution/muni-fsps-spr17/random_hc_20261001_024327/completed/seed_1790793808697/final.xml
1790793808700	/Users/mingxuan/OR/itc/itc-2019/src/solution/muni-fsps-spr17/random_hc_20261001_024327/completed/seed_1790793808700/final.xml
1790793808702	/Users/mingxuan/OR/itc/itc-2019/src/solution/muni-fsps-spr17/random_hc_20261001_024327/completed/seed_1790793808702/final.xml
1790793808704	/Users/mingxuan/OR/itc/itc-2019/src/solution/muni-fsps-spr17/random_hc_20261001_024327/completed/seed_1790793808704/final.xml
1790793808705	/Users/mingxuan/OR/itc/itc-2019/src/solution/muni-fsps-spr17/random_hc_20261001_024327/completed/seed_1790793808705/final.xml
1790793808708	/Users/mingxuan/OR/itc/itc-2019/src/solution/muni-fsps-spr17/random_hc_20261001_024327/completed/seed_1790793808708/final.xml
1790793808710	/Users/mingxuan/OR/itc/itc-2019/src/solution/muni-fsps-spr17/random_hc_20261001_024327/completed/seed_1790793808710/final.xml
1790793808716	/Users/mingxuan/OR/itc/itc-2019/src/solution/muni-fsps-spr17/random_hc_20261001_024327/completed/seed_1790793808716/final.xml
1790793808720	/Users/mingxuan/OR/itc/itc-2019/src/solution/muni-fsps-spr17/random_hc_20261001_024327/completed/seed_1790793808720/final.xml
1790793808738	/Users/mingxuan/OR/itc/itc-2019/src/solution/muni-fsps-spr17/random_hc_20261001_024327/completed/seed_1790793808738/final.xml
1790793808749	/Users/mingxuan/OR/itc/itc-2019/src/solution/muni-fsps-spr17/random_hc_20261001_024327/completed/seed_1790793808749/final.xml
1790793808753	/Users/mingxuan/OR/itc/itc-2019/src/solution/muni-fsps-spr17/random_hc_20261001_024327/completed/seed_1790793808753/final.xml
1790793808758	/Users/mingxuan/OR/itc/itc-2019/src/solution/muni-fsps-spr17/random_hc_20261001_024327/completed/seed_1790793808758/final.xml
1790793808760	/Users/mingxuan/OR/itc/itc-2019/src/solution/muni-fsps-spr17/random_hc_20261001_024327/completed/seed_1790793808760/final.xml
1790793808767	/Users/mingxuan/OR/itc/itc-2019/src/solution/muni-fsps-spr17/random_hc_20261001_024327/completed/seed_1790793808767/final.xml
1790793808778	/Users/mingxuan/OR/itc/itc-2019/src/solution/muni-fsps-spr17/random_hc_20261001_024327/completed/seed_1790793808778/final.xml
1790793808782	/Users/mingxuan/OR/itc/itc-2019/src/solution/muni-fsps-spr17/random_hc_20261001_024327/completed/seed_1790793808782/final.xml
1790793808798	/Users/mingxuan/OR/itc/itc-2019/src/solution/muni-fsps-spr17/random_hc_20261001_024327/completed/seed_1790793808798/final.xml
1790793808802	/Users/mingxuan/OR/itc/itc-2019/src/solution/muni-fsps-spr17/random_hc_20261001_024327/completed/seed_1790793808802/final.xml
1790793808809	/Users/mingxuan/OR/itc/itc-2019/src/solution/muni-fsps-spr17/random_hc_20261001_024327/completed/seed_1790793808809/final.xml
1790793808835	/Users/mingxuan/OR/itc/itc-2019/src/solution/muni-fsps-spr17/random_hc_20261001_024327/completed/seed_1790793808835/final.xml
1790793808837	/Users/mingxuan/OR/itc/itc-2019/src/solution/muni-fsps-spr17/random_hc_20261001_024327/completed/seed_1790793808837/final.xml
1790793808839	/Users/mingxuan/OR/itc/itc-2019/src/solution/muni-fsps-spr17/random_hc_20261001_024327/completed/seed_1790793808839/final.xml
1790793808861	/Users/mingxuan/OR/itc/itc-2019/src/solution/muni-fsps-spr17/random_hc_20261001_024327/completed/seed_1790793808861/final.xml
1790793808863	/Users/mingxuan/OR/itc/itc-2019/src/solution/muni-fsps-spr17/random_hc_20261001_024327/completed/seed_1790793808863/final.xml
1790793808864	/Users/mingxuan/OR/itc/itc-2019/src/solution/muni-fsps-spr17/random_hc_20261001_024327/completed/seed_1790793808864/final.xml
1790793808869	/Users/mingxuan/OR/itc/itc-2019/src/solution/muni-fsps-spr17/random_hc_20261001_024327/completed/seed_1790793808869/final.xml
1790793808871	/Users/mingxuan/OR/itc/itc-2019/src/solution/muni-fsps-spr17/random_hc_20261001_024327/completed/seed_1790793808871/final.xml
1790793808886	/Users/mingxuan/OR/itc/itc-2019/src/solution/muni-fsps-spr17/random_hc_20261001_024327/completed/seed_1790793808886/final.xml
1790793808904	/Users/mingxuan/OR/itc/itc-2019/src/solution/muni-fsps-spr17/random_hc_20261001_024327/completed/seed_1790793808904/final.xml
1790793808909	/Users/mingxuan/OR/itc/itc-2019/src/solution/muni-fsps-spr17/random_hc_20261001_024327/completed/seed_1790793808909/final.xml
1790793808925	/Users/mingxuan/OR/itc/itc-2019/src/solution/muni-fsps-spr17/random_hc_20261001_024327/completed/seed_1790793808925/final.xml
1790793808939	/Users/mingxuan/OR/itc/itc-2019/src/solution/muni-fsps-spr17/random_hc_20261001_024327/completed/seed_1790793808939/final.xml
1790793808946	/Users/mingxuan/OR/itc/itc-2019/src/solution/muni-fsps-spr17/random_hc_20261001_024327/completed/seed_1790793808946/final.xml
1790793808950	/Users/mingxuan/OR/itc/itc-2019/src/solution/muni-fsps-spr17/random_hc_20261001_024327/completed/seed_1790793808950/final.xml
1790793808951	/Users/mingxuan/OR/itc/itc-2019/src/solution/muni-fsps-spr17/random_hc_20261001_024327/completed/seed_1790793808951/final.xml
1790793808957	/Users/mingxuan/OR/itc/itc-2019/src/solution/muni-fsps-spr17/random_hc_20261001_024327/completed/seed_1790793808957/final.xml
1790793808968	/Users/mingxuan/OR/itc/itc-2019/src/solution/muni-fsps-spr17/random_hc_20261001_024327/completed/seed_1790793808968/final.xml
1790793808969	/Users/mingxuan/OR/itc/itc-2019/src/solution/muni-fsps-spr17/random_hc_20261001_024327/completed/seed_1790793808969/final.xml
1790793808976	/Users/mingxuan/OR/itc/itc-2019/src/solution/muni-fsps-spr17/random_hc_20261001_024327/completed/seed_1790793808976/final.xml
1790793808980	/Users/mingxuan/OR/itc/itc-2019/src/solution/muni-fsps-spr17/random_hc_20261001_024327/completed/seed_1790793808980/final.xml
1790793809000	/Users/mingxuan/OR/itc/itc-2019/src/solution/muni-fsps-spr17/random_hc_20261001_024327/completed/seed_1790793809000/final.xml
1790793809007	/Users/mingxuan/OR/itc/itc-2019/src/solution/muni-fsps-spr17/random_hc_20261001_024327/completed/seed_1790793809007/final.xml
1790793809014	/Users/mingxuan/OR/itc/itc-2019/src/solution/muni-fsps-spr17/random_hc_20261001_024327/completed/seed_1790793809014/final.xml
1790793809021	/Users/mingxuan/OR/itc/itc-2019/src/solution/muni-fsps-spr17/random_hc_20261001_024327/completed/seed_1790793809021/final.xml
1790793809043	/Users/mingxuan/OR/itc/itc-2019/src/solution/muni-fsps-spr17/random_hc_20261001_024327/completed/seed_1790793809043/final.xml
1790793809045	/Users/mingxuan/OR/itc/itc-2019/src/solution/muni-fsps-spr17/random_hc_20261001_024327/completed/seed_1790793809045/final.xml
1790793809048	/Users/mingxuan/OR/itc/itc-2019/src/solution/muni-fsps-spr17/random_hc_20261001_024327/completed/seed_1790793809048/final.xml
1790793809052	/Users/mingxuan/OR/itc/itc-2019/src/solution/muni-fsps-spr17/random_hc_20261001_024327/completed/seed_1790793809052/final.xml
1790793809061	/Users/mingxuan/OR/itc/itc-2019/src/solution/muni-fsps-spr17/random_hc_20261001_024327/completed/seed_1790793809061/final.xml
1790793809062	/Users/mingxuan/OR/itc/itc-2019/src/solution/muni-fsps-spr17/random_hc_20261001_024327/completed/seed_1790793809062/final.xml
1790793809081	/Users/mingxuan/OR/itc/itc-2019/src/solution/muni-fsps-spr17/random_hc_20261001_024327/completed/seed_1790793809081/final.xml
1790793809085	/Users/mingxuan/OR/itc/itc-2019/src/solution/muni-fsps-spr17/random_hc_20261001_024327/completed/seed_1790793809085/final.xml
1790793809088	/Users/mingxuan/OR/itc/itc-2019/src/solution/muni-fsps-spr17/random_hc_20261001_024327/completed/seed_1790793809088/final.xml
1790793809100	/Users/mingxuan/OR/itc/itc-2019/src/solution/muni-fsps-spr17/random_hc_20261001_024327/completed/seed_1790793809100/final.xml
1790793809105	/Users/mingxuan/OR/itc/itc-2019/src/solution/muni-fsps-spr17/random_hc_20261001_024327/completed/seed_1790793809105/final.xml
1790793809112	/Users/mingxuan/OR/itc/itc-2019/src/solution/muni-fsps-spr17/random_hc_20261001_024327/completed/seed_1790793809112/final.xml
1790793809115	/Users/mingxuan/OR/itc/itc-2019/src/solution/muni-fsps-spr17/random_hc_20261001_024327/completed/seed_1790793809115/final.xml
1790793809125	/Users/mingxuan/OR/itc/itc-2019/src/solution/muni-fsps-spr17/random_hc_20261001_024327/completed/seed_1790793809125/final.xml
1790793809126	/Users/mingxuan/OR/itc/itc-2019/src/solution/muni-fsps-spr17/random_hc_20261001_024327/completed/seed_1790793809126/final.xml
1790793809127	/Users/mingxuan/OR/itc/itc-2019/src/solution/muni-fsps-spr17/random_hc_20261001_024327/completed/seed_1790793809127/final.xml
1790793809130	/Users/mingxuan/OR/itc/itc-2019/src/solution/muni-fsps-spr17/random_hc_20261001_024327/completed/seed_1790793809130/final.xml
1790793809133	/Users/mingxuan/OR/itc/itc-2019/src/solution/muni-fsps-spr17/random_hc_20261001_024327/completed/seed_1790793809133/final.xml
1790793809137	/Users/mingxuan/OR/itc/itc-2019/src/solution/muni-fsps-spr17/random_hc_20261001_024327/completed/seed_1790793809137/final.xml
1790793809139	/Users/mingxuan/OR/itc/itc-2019/src/solution/muni-fsps-spr17/random_hc_20261001_024327/completed/seed_1790793809139/final.xml
1790793809149	/Users/mingxuan/OR/itc/itc-2019/src/solution/muni-fsps-spr17/random_hc_20261001_024327/completed/seed_1790793809149/final.xml
1790793809156	/Users/mingxuan/OR/itc/itc-2019/src/solution/muni-fsps-spr17/random_hc_20261001_024327/completed/seed_1790793809156/final.xml
1790793809165	/Users/mingxuan/OR/itc/itc-2019/src/solution/muni-fsps-spr17/random_hc_20261001_024327/completed/seed_1790793809165/final.xml
1790793809167	/Users/mingxuan/OR/itc/itc-2019/src/solution/muni-fsps-spr17/random_hc_20261001_024327/completed/seed_1790793809167/final.xml
1790793809178	/Users/mingxuan/OR/itc/itc-2019/src/solution/muni-fsps-spr17/random_hc_20261001_024327/completed/seed_1790793809178/final.xml
1790793809186	/Users/mingxuan/OR/itc/itc-2019/src/solution/muni-fsps-spr17/random_hc_20261001_024327/completed/seed_1790793809186/final.xml
1790793809187	/Users/mingxuan/OR/itc/itc-2019/src/solution/muni-fsps-spr17/random_hc_20261001_024327/completed/seed_1790793809187/final.xml
1790793809193	/Users/mingxuan/OR/itc/itc-2019/src/solution/muni-fsps-spr17/random_hc_20261001_024327/completed/seed_1790793809193/final.xml
1790793809194	/Users/mingxuan/OR/itc/itc-2019/src/solution/muni-fsps-spr17/random_hc_20261001_024327/completed/seed_1790793809194/final.xml
1790793809195	/Users/mingxuan/OR/itc/itc-2019/src/solution/muni-fsps-spr17/random_hc_20261001_024327/completed/seed_1790793809195/final.xml
1790793809198	/Users/mingxuan/OR/itc/itc-2019/src/solution/muni-fsps-spr17/random_hc_20261001_024327/completed/seed_1790793809198/final.xml
1790793809208	/Users/mingxuan/OR/itc/itc-2019/src/solution/muni-fsps-spr17/random_hc_20261001_024327/completed/seed_1790793809208/final.xml
1790793809211	/Users/mingxuan/OR/itc/itc-2019/src/solution/muni-fsps-spr17/random_hc_20261001_024327/completed/seed_1790793809211/final.xml
1790793809240	/Users/mingxuan/OR/itc/itc-2019/src/solution/muni-fsps-spr17/random_hc_20261001_024327/completed/seed_1790793809240/final.xml
1790793809242	/Users/mingxuan/OR/itc/itc-2019/src/solution/muni-fsps-spr17/random_hc_20261001_024327/completed/seed_1790793809242/final.xml
1790793809260	/Users/mingxuan/OR/itc/itc-2019/src/solution/muni-fsps-spr17/random_hc_20261001_024327/completed/seed_1790793809260/final.xml
1790793809261	/Users/mingxuan/OR/itc/itc-2019/src/solution/muni-fsps-spr17/random_hc_20261001_024327/completed/seed_1790793809261/final.xml
1790793809262	/Users/mingxuan/OR/itc/itc-2019/src/solution/muni-fsps-spr17/random_hc_20261001_024327/completed/seed_1790793809262/final.xml
1790793809265	/Users/mingxuan/OR/itc/itc-2019/src/solution/muni-fsps-spr17/random_hc_20261001_024327/completed/seed_1790793809265/final.xml
1790793809272	/Users/mingxuan/OR/itc/itc-2019/src/solution/muni-fsps-spr17/random_hc_20261001_024327/completed/seed_1790793809272/final.xml
1790793809276	/Users/mingxuan/OR/itc/itc-2019/src/solution/muni-fsps-spr17/random_hc_20261001_024327/completed/seed_1790793809276/final.xml
1790793809301	/Users/mingxuan/OR/itc/itc-2019/src/solution/muni-fsps-spr17/random_hc_20261001_024327/completed/seed_1790793809301/final.xml
1790793809302	/Users/mingxuan/OR/itc/itc-2019/src/solution/muni-fsps-spr17/random_hc_20261001_024327/completed/seed_1790793809302/final.xml
1790793809304	/Users/mingxuan/OR/itc/itc-2019/src/solution/muni-fsps-spr17/random_hc_20261001_024327/completed/seed_1790793809304/final.xml
1790793809307	/Users/mingxuan/OR/itc/itc-2019/src/solution/muni-fsps-spr17/random_hc_20261001_024327/completed/seed_1790793809307/final.xml
1790793809313	/Users/mingxuan/OR/itc/itc-2019/src/solution/muni-fsps-spr17/random_hc_20261001_024327/completed/seed_1790793809313/final.xml
1790793809326	/Users/mingxuan/OR/itc/itc-2019/src/solution/muni-fsps-spr17/random_hc_20261001_024327/completed/seed_1790793809326/final.xml
1790793809330	/Users/mingxuan/OR/itc/itc-2019/src/solution/muni-fsps-spr17/random_hc_20261001_024327/completed/seed_1790793809330/final.xml
1790793809331	/Users/mingxuan/OR/itc/itc-2019/src/solution/muni-fsps-spr17/random_hc_20261001_024327/completed/seed_1790793809331/final.xml
1790793809332	/Users/mingxuan/OR/itc/itc-2019/src/solution/muni-fsps-spr17/random_hc_20261001_024327/completed/seed_1790793809332/final.xml
1790793809337	/Users/mingxuan/OR/itc/itc-2019/src/solution/muni-fsps-spr17/random_hc_20261001_024327/completed/seed_1790793809337/final.xml
1790793809345	/Users/mingxuan/OR/itc/itc-2019/src/solution/muni-fsps-spr17/random_hc_20261001_024327/completed/seed_1790793809345/final.xml
1790793809357	/Users/mingxuan/OR/itc/itc-2019/src/solution/muni-fsps-spr17/random_hc_20261001_024327/completed/seed_1790793809357/final.xml
1790793809362	/Users/mingxuan/OR/itc/itc-2019/src/solution/muni-fsps-spr17/random_hc_20261001_024327/completed/seed_1790793809362/final.xml
1790793809378	/Users/mingxuan/OR/itc/itc-2019/src/solution/muni-fsps-spr17/random_hc_20261001_024327/completed/seed_1790793809378/final.xml
1790793809379	/Users/mingxuan/OR/itc/itc-2019/src/solution/muni-fsps-spr17/random_hc_20261001_024327/completed/seed_1790793809379/final.xml
1790793809389	/Users/mingxuan/OR/itc/itc-2019/src/solution/muni-fsps-spr17/random_hc_20261001_024327/completed/seed_1790793809389/final.xml
1790793809397	/Users/mingxuan/OR/itc/itc-2019/src/solution/muni-fsps-spr17/random_hc_20261001_024327/completed/seed_1790793809397/final.xml
1790793809405	/Users/mingxuan/OR/itc/itc-2019/src/solution/muni-fsps-spr17/random_hc_20261001_024327/completed/seed_1790793809405/final.xml
1790793809409	/Users/mingxuan/OR/itc/itc-2019/src/solution/muni-fsps-spr17/random_hc_20261001_024327/completed/seed_1790793809409/final.xml
1790793809411	/Users/mingxuan/OR/itc/itc-2019/src/solution/muni-fsps-spr17/random_hc_20261001_024327/completed/seed_1790793809411/final.xml
1790793809412	/Users/mingxuan/OR/itc/itc-2019/src/solution/muni-fsps-spr17/random_hc_20261001_024327/completed/seed_1790793809412/final.xml
1790793809414	/Users/mingxuan/OR/itc/itc-2019/src/solution/muni-fsps-spr17/random_hc_20261001_024327/completed/seed_1790793809414/final.xml
1790793809437	/Users/mingxuan/OR/itc/itc-2019/src/solution/muni-fsps-spr17/random_hc_20261001_024327/completed/seed_1790793809437/final.xml
1790793809440	/Users/mingxuan/OR/itc/itc-2019/src/solution/muni-fsps-spr17/random_hc_20261001_024327/completed/seed_1790793809440/final.xml
1790793809441	/Users/mingxuan/OR/itc/itc-2019/src/solution/muni-fsps-spr17/random_hc_20261001_024327/completed/seed_1790793809441/final.xml
1790793809442	/Users/mingxuan/OR/itc/itc-2019/src/solution/muni-fsps-spr17/random_hc_20261001_024327/completed/seed_1790793809442/final.xml
1790793809447	/Users/mingxuan/OR/itc/itc-2019/src/solution/muni-fsps-spr17/random_hc_20261001_024327/completed/seed_1790793809447/final.xml
1790793809453	/Users/mingxuan/OR/itc/itc-2019/src/solution/muni-fsps-spr17/random_hc_20261001_024327/completed/seed_1790793809453/final.xml
1790793809455	/Users/mingxuan/OR/itc/itc-2019/src/solution/muni-fsps-spr17/random_hc_20261001_024327/completed/seed_1790793809455/final.xml
1790793809461	/Users/mingxuan/OR/itc/itc-2019/src/solution/muni-fsps-spr17/random_hc_20261001_024327/completed/seed_1790793809461/final.xml
1790793809462	/Users/mingxuan/OR/itc/itc-2019/src/solution/muni-fsps-spr17/random_hc_20261001_024327/completed/seed_1790793809462/final.xml
1790793809464	/Users/mingxuan/OR/itc/itc-2019/src/solution/muni-fsps-spr17/random_hc_20261001_024327/completed/seed_1790793809464/final.xml
1790793809475	/Users/mingxuan/OR/itc/itc-2019/src/solution/muni-fsps-spr17/random_hc_20261001_024327/completed/seed_1790793809475/final.xml
1790793809488	/Users/mingxuan/OR/itc/itc-2019/src/solution/muni-fsps-spr17/random_hc_20261001_024327/completed/seed_1790793809488/final.xml
1790793809494	/Users/mingxuan/OR/itc/itc-2019/src/solution/muni-fsps-spr17/random_hc_20261001_024327/completed/seed_1790793809494/final.xml
1790793809495	/Users/mingxuan/OR/itc/itc-2019/src/solution/muni-fsps-spr17/random_hc_20261001_024327/completed/seed_1790793809495/final.xml
1790793809498	/Users/mingxuan/OR/itc/itc-2019/src/solution/muni-fsps-spr17/random_hc_20261001_024327/completed/seed_1790793809498/final.xml
1790793809505	/Users/mingxuan/OR/itc/itc-2019/src/solution/muni-fsps-spr17/random_hc_20261001_024327/completed/seed_1790793809505/final.xml
1790793809521	/Users/mingxuan/OR/itc/itc-2019/src/solution/muni-fsps-spr17/random_hc_20261001_024327/completed/seed_1790793809521/final.xml
1790793809524	/Users/mingxuan/OR/itc/itc-2019/src/solution/muni-fsps-spr17/random_hc_20261001_024327/completed/seed_1790793809524/final.xml
1790793809527	/Users/mingxuan/OR/itc/itc-2019/src/solution/muni-fsps-spr17/random_hc_20261001_024327/completed/seed_1790793809527/final.xml
1790793809529	/Users/mingxuan/OR/itc/itc-2019/src/solution/muni-fsps-spr17/random_hc_20261001_024327/completed/seed_1790793809529/final.xml
1790793809531	/Users/mingxuan/OR/itc/itc-2019/src/solution/muni-fsps-spr17/random_hc_20261001_024327/completed/seed_1790793809531/final.xml
1790793809534	/Users/mingxuan/OR/itc/itc-2019/src/solution/muni-fsps-spr17/random_hc_20261001_024327/completed/seed_1790793809534/final.xml
1790793809543	/Users/mingxuan/OR/itc/itc-2019/src/solution/muni-fsps-spr17/random_hc_20261001_024327/completed/seed_1790793809543/final.xml
1790793809549	/Users/mingxuan/OR/itc/itc-2019/src/solution/muni-fsps-spr17/random_hc_20261001_024327/completed/seed_1790793809549/final.xml
1790793809554	/Users/mingxuan/OR/itc/itc-2019/src/solution/muni-fsps-spr17/random_hc_20261001_024327/completed/seed_1790793809554/final.xml
1790793809556	/Users/mingxuan/OR/itc/itc-2019/src/solution/muni-fsps-spr17/random_hc_20261001_024327/completed/seed_1790793809556/final.xml
1790793809563	/Users/mingxuan/OR/itc/itc-2019/src/solution/muni-fsps-spr17/random_hc_20261001_024327/completed/seed_1790793809563/final.xml
1790793809577	/Users/mingxuan/OR/itc/itc-2019/src/solution/muni-fsps-spr17/random_hc_20261001_024327/completed/seed_1790793809577/final.xml
1790793809578	/Users/mingxuan/OR/itc/itc-2019/src/solution/muni-fsps-spr17/random_hc_20261001_024327/completed/seed_1790793809578/final.xml
1790793809581	/Users/mingxuan/OR/itc/itc-2019/src/solution/muni-fsps-spr17/random_hc_20261001_024327/completed/seed_1790793809581/final.xml
1790793809609	/Users/mingxuan/OR/itc/itc-2019/src/solution/muni-fsps-spr17/random_hc_20261001_024327/completed/seed_1790793809609/final.xml
1790793809618	/Users/mingxuan/OR/itc/itc-2019/src/solution/muni-fsps-spr17/random_hc_20261001_024327/completed/seed_1790793809618/final.xml
1790793809622	/Users/mingxuan/OR/itc/itc-2019/src/solution/muni-fsps-spr17/random_hc_20261001_024327/completed/seed_1790793809622/final.xml
1790793809629	/Users/mingxuan/OR/itc/itc-2019/src/solution/muni-fsps-spr17/random_hc_20261001_024327/completed/seed_1790793809629/final.xml
1790793809645	/Users/mingxuan/OR/itc/itc-2019/src/solution/muni-fsps-spr17/random_hc_20261001_024327/completed/seed_1790793809645/final.xml
1790793809649	/Users/mingxuan/OR/itc/itc-2019/src/solution/muni-fsps-spr17/random_hc_20261001_024327/completed/seed_1790793809649/final.xml
1790793809650	/Users/mingxuan/OR/itc/itc-2019/src/solution/muni-fsps-spr17/random_hc_20261001_024327/completed/seed_1790793809650/final.xml
1790793809653	/Users/mingxuan/OR/itc/itc-2019/src/solution/muni-fsps-spr17/random_hc_20261001_024327/completed/seed_1790793809653/final.xml
1790793809654	/Users/mingxuan/OR/itc/itc-2019/src/solution/muni-fsps-spr17/random_hc_20261001_024327/completed/seed_1790793809654/final.xml
1790793809655	/Users/mingxuan/OR/itc/itc-2019/src/solution/muni-fsps-spr17/random_hc_20261001_024327/completed/seed_1790793809655/final.xml
1790793809658	/Users/mingxuan/OR/itc/itc-2019/src/solution/muni-fsps-spr17/random_hc_20261001_024327/completed/seed_1790793809658/final.xml
1790793809688	/Users/mingxuan/OR/itc/itc-2019/src/solution/muni-fsps-spr17/random_hc_20261001_024327/completed/seed_1790793809688/final.xml
1790793809695	/Users/mingxuan/OR/itc/itc-2019/src/solution/muni-fsps-spr17/random_hc_20261001_024327/completed/seed_1790793809695/final.xml
1790793809701	/Users/mingxuan/OR/itc/itc-2019/src/solution/muni-fsps-spr17/random_hc_20261001_024327/completed/seed_1790793809701/final.xml
1790793809710	/Users/mingxuan/OR/itc/itc-2019/src/solution/muni-fsps-spr17/random_hc_20261001_024327/completed/seed_1790793809710/final.xml
1790793809712	/Users/mingxuan/OR/itc/itc-2019/src/solution/muni-fsps-spr17/random_hc_20261001_024327/completed/seed_1790793809712/final.xml
1790793809724	/Users/mingxuan/OR/itc/itc-2019/src/solution/muni-fsps-spr17/random_hc_20261001_024327/completed/seed_1790793809724/final.xml
1790793809731	/Users/mingxuan/OR/itc/itc-2019/src/solution/muni-fsps-spr17/random_hc_20261001_024327/completed/seed_1790793809731/final.xml
1790793809736	/Users/mingxuan/OR/itc/itc-2019/src/solution/muni-fsps-spr17/random_hc_20261001_024327/completed/seed_1790793809736/final.xml
1790793809752	/Users/mingxuan/OR/itc/itc-2019/src/solution/muni-fsps-spr17/random_hc_20261001_024327/completed/seed_1790793809752/final.xml
1790793809758	/Users/mingxuan/OR/itc/itc-2019/src/solution/muni-fsps-spr17/random_hc_20261001_024327/completed/seed_1790793809758/final.xml
1790793809763	/Users/mingxuan/OR/itc/itc-2019/src/solution/muni-fsps-spr17/random_hc_20261001_024327/completed/seed_1790793809763/final.xml
1790793809782	/Users/mingxuan/OR/itc/itc-2019/src/solution/muni-fsps-spr17/random_hc_20261001_024327/completed/seed_1790793809782/final.xml
1790793809786	/Users/mingxuan/OR/itc/itc-2019/src/solution/muni-fsps-spr17/random_hc_20261001_024327/completed/seed_1790793809786/final.xml
1790793809787	/Users/mingxuan/OR/itc/itc-2019/src/solution/muni-fsps-spr17/random_hc_20261001_024327/completed/seed_1790793809787/final.xml
1790793809789	/Users/mingxuan/OR/itc/itc-2019/src/solution/muni-fsps-spr17/random_hc_20261001_024327/completed/seed_1790793809789/final.xml
1790793809798	/Users/mingxuan/OR/itc/itc-2019/src/solution/muni-fsps-spr17/random_hc_20261001_024327/completed/seed_1790793809798/final.xml
1790793809799	/Users/mingxuan/OR/itc/itc-2019/src/solution/muni-fsps-spr17/random_hc_20261001_024327/completed/seed_1790793809799/final.xml
1790793809802	/Users/mingxuan/OR/itc/itc-2019/src/solution/muni-fsps-spr17/random_hc_20261001_024327/completed/seed_1790793809802/final.xml
1790793809805	/Users/mingxuan/OR/itc/itc-2019/src/solution/muni-fsps-spr17/random_hc_20261001_024327/completed/seed_1790793809805/final.xml
1790793809808	/Users/mingxuan/OR/itc/itc-2019/src/solution/muni-fsps-spr17/random_hc_20261001_024327/completed/seed_1790793809808/final.xml
1790793809809	/Users/mingxuan/OR/itc/itc-2019/src/solution/muni-fsps-spr17/random_hc_20261001_024327/completed/seed_1790793809809/final.xml
1790793809810	/Users/mingxuan/OR/itc/itc-2019/src/solution/muni-fsps-spr17/random_hc_20261001_024327/completed/seed_1790793809810/final.xml
1790793809815	/Users/mingxuan/OR/itc/itc-2019/src/solution/muni-fsps-spr17/random_hc_20261001_024327/completed/seed_1790793809815/final.xml
1790793809819	/Users/mingxuan/OR/itc/itc-2019/src/solution/muni-fsps-spr17/random_hc_20261001_024327/completed/seed_1790793809819/final.xml
1790793809824	/Users/mingxuan/OR/itc/itc-2019/src/solution/muni-fsps-spr17/random_hc_20261001_024327/completed/seed_1790793809824/final.xml
1790793809826	/Users/mingxuan/OR/itc/itc-2019/src/solution/muni-fsps-spr17/random_hc_20261001_024327/completed/seed_1790793809826/final.xml
1790793809833	/Users/mingxuan/OR/itc/itc-2019/src/solution/muni-fsps-spr17/random_hc_20261001_024327/completed/seed_1790793809833/final.xml
1790793809843	/Users/mingxuan/OR/itc/itc-2019/src/solution/muni-fsps-spr17/random_hc_20261001_024327/completed/seed_1790793809843/final.xml
1790793809845	/Users/mingxuan/OR/itc/itc-2019/src/solution/muni-fsps-spr17/random_hc_20261001_024327/completed/seed_1790793809845/final.xml
1790793809852	/Users/mingxuan/OR/itc/itc-2019/src/solution/muni-fsps-spr17/random_hc_20261001_024327/completed/seed_1790793809852/final.xml
1790793809854	/Users/mingxuan/OR/itc/itc-2019/src/solution/muni-fsps-spr17/random_hc_20261001_024327/completed/seed_1790793809854/final.xml
1790793809857	/Users/mingxuan/OR/itc/itc-2019/src/solution/muni-fsps-spr17/random_hc_20261001_024327/completed/seed_1790793809857/final.xml
1790793809859	/Users/mingxuan/OR/itc/itc-2019/src/solution/muni-fsps-spr17/random_hc_20261001_024327/completed/seed_1790793809859/final.xml
1790793809861	/Users/mingxuan/OR/itc/itc-2019/src/solution/muni-fsps-spr17/random_hc_20261001_024327/completed/seed_1790793809861/final.xml
1790793809876	/Users/mingxuan/OR/itc/itc-2019/src/solution/muni-fsps-spr17/random_hc_20261001_024327/completed/seed_1790793809876/final.xml
1790793809879	/Users/mingxuan/OR/itc/itc-2019/src/solution/muni-fsps-spr17/random_hc_20261001_024327/completed/seed_1790793809879/final.xml
1790793809904	/Users/mingxuan/OR/itc/itc-2019/src/solution/muni-fsps-spr17/random_hc_20261001_024327/completed/seed_1790793809904/final.xml
1790793809906	/Users/mingxuan/OR/itc/itc-2019/src/solution/muni-fsps-spr17/random_hc_20261001_024327/completed/seed_1790793809906/final.xml
1790793809907	/Users/mingxuan/OR/itc/itc-2019/src/solution/muni-fsps-spr17/random_hc_20261001_024327/completed/seed_1790793809907/final.xml
1790793809908	/Users/mingxuan/OR/itc/itc-2019/src/solution/muni-fsps-spr17/random_hc_20261001_024327/completed/seed_1790793809908/final.xml
1790793809909	/Users/mingxuan/OR/itc/itc-2019/src/solution/muni-fsps-spr17/random_hc_20261001_024327/completed/seed_1790793809909/final.xml
1790793809921	/Users/mingxuan/OR/itc/itc-2019/src/solution/muni-fsps-spr17/random_hc_20261001_024327/completed/seed_1790793809921/final.xml
1790793809941	/Users/mingxuan/OR/itc/itc-2019/src/solution/muni-fsps-spr17/random_hc_20261001_024327/completed/seed_1790793809941/final.xml
1790793809946	/Users/mingxuan/OR/itc/itc-2019/src/solution/muni-fsps-spr17/random_hc_20261001_024327/completed/seed_1790793809946/final.xml
1790793809947	/Users/mingxuan/OR/itc/itc-2019/src/solution/muni-fsps-spr17/random_hc_20261001_024327/completed/seed_1790793809947/final.xml
1790793809966	/Users/mingxuan/OR/itc/itc-2019/src/solution/muni-fsps-spr17/random_hc_20261001_024327/completed/seed_1790793809966/final.xml
1790793809968	/Users/mingxuan/OR/itc/itc-2019/src/solution/muni-fsps-spr17/random_hc_20261001_024327/completed/seed_1790793809968/final.xml
1790793809971	/Users/mingxuan/OR/itc/itc-2019/src/solution/muni-fsps-spr17/random_hc_20261001_024327/completed/seed_1790793809971/final.xml
1790793809975	/Users/mingxuan/OR/itc/itc-2019/src/solution/muni-fsps-spr17/random_hc_20261001_024327/completed/seed_1790793809975/final.xml
1790793809977	/Users/mingxuan/OR/itc/itc-2019/src/solution/muni-fsps-spr17/random_hc_20261001_024327/completed/seed_1790793809977/final.xml
1790793809982	/Users/mingxuan/OR/itc/itc-2019/src/solution/muni-fsps-spr17/random_hc_20261001_024327/completed/seed_1790793809982/final.xml
1790793810005	/Users/mingxuan/OR/itc/itc-2019/src/solution/muni-fsps-spr17/random_hc_20261001_024327/completed/seed_1790793810005/final.xml
1790793810006	/Users/mingxuan/OR/itc/itc-2019/src/solution/muni-fsps-spr17/random_hc_20261001_024327/completed/seed_1790793810006/final.xml
1790793810012	/Users/mingxuan/OR/itc/itc-2019/src/solution/muni-fsps-spr17/random_hc_20261001_024327/completed/seed_1790793810012/final.xml
1790793810013	/Users/mingxuan/OR/itc/itc-2019/src/solution/muni-fsps-spr17/random_hc_20261001_024327/completed/seed_1790793810013/final.xml
1790793810016	/Users/mingxuan/OR/itc/itc-2019/src/solution/muni-fsps-spr17/random_hc_20261001_024327/completed/seed_1790793810016/final.xml
1790793810021	/Users/mingxuan/OR/itc/itc-2019/src/solution/muni-fsps-spr17/random_hc_20261001_024327/completed/seed_1790793810021/final.xml
1790793810035	/Users/mingxuan/OR/itc/itc-2019/src/solution/muni-fsps-spr17/random_hc_20261001_024327/completed/seed_1790793810035/final.xml
1790793810036	/Users/mingxuan/OR/itc/itc-2019/src/solution/muni-fsps-spr17/random_hc_20261001_024327/completed/seed_1790793810036/final.xml
1790793810037	/Users/mingxuan/OR/itc/itc-2019/src/solution/muni-fsps-spr17/random_hc_20261001_024327/completed/seed_1790793810037/final.xml
1790793810045	/Users/mingxuan/OR/itc/itc-2019/src/solution/muni-fsps-spr17/random_hc_20261001_024327/completed/seed_1790793810045/final.xml
1790793810053	/Users/mingxuan/OR/itc/itc-2019/src/solution/muni-fsps-spr17/random_hc_20261001_024327/completed/seed_1790793810053/final.xml
1790793810092	/Users/mingxuan/OR/itc/itc-2019/src/solution/muni-fsps-spr17/random_hc_20261001_024327/completed/seed_1790793810092/final.xml
1790793807629	/Users/mingxuan/OR/itc/itc-2019/src/solution/muni-fsps-spr17/random_hc_20261001_024327/completed/seed_1790793807629/final.xml
1790793807631	/Users/mingxuan/OR/itc/itc-2019/src/solution/muni-fsps-spr17/random_hc_20261001_024327/completed/seed_1790793807631/final.xml
1790793807641	/Users/mingxuan/OR/itc/itc-2019/src/solution/muni-fsps-spr17/random_hc_20261001_024327/completed/seed_1790793807641/final.xml
1790793807693	/Users/mingxuan/OR/itc/itc-2019/src/solution/muni-fsps-spr17/random_hc_20261001_024327/completed/seed_1790793807693/final.xml
1790793807727	/Users/mingxuan/OR/itc/itc-2019/src/solution/muni-fsps-spr17/random_hc_20261001_024327/completed/seed_1790793807727/final.xml
1790793807760	/Users/mingxuan/OR/itc/itc-2019/src/solution/muni-fsps-spr17/random_hc_20261001_024327/completed/seed_1790793807760/final.xml
1790793807768	/Users/mingxuan/OR/itc/itc-2019/src/solution/muni-fsps-spr17/random_hc_20261001_024327/completed/seed_1790793807768/final.xml
1790793807777	/Users/mingxuan/OR/itc/itc-2019/src/solution/muni-fsps-spr17/random_hc_20261001_024327/completed/seed_1790793807777/final.xml
1790793807786	/Users/mingxuan/OR/itc/itc-2019/src/solution/muni-fsps-spr17/random_hc_20261001_024327/completed/seed_1790793807786/final.xml
1790793807809	/Users/mingxuan/OR/itc/itc-2019/src/solution/muni-fsps-spr17/random_hc_20261001_024327/completed/seed_1790793807809/final.xml
1790793807810	/Users/mingxuan/OR/itc/itc-2019/src/solution/muni-fsps-spr17/random_hc_20261001_024327/completed/seed_1790793807810/final.xml
1790793807816	/Users/mingxuan/OR/itc/itc-2019/src/solution/muni-fsps-spr17/random_hc_20261001_024327/completed/seed_1790793807816/final.xml
1790793807887	/Users/mingxuan/OR/itc/itc-2019/src/solution/muni-fsps-spr17/random_hc_20261001_024327/completed/seed_1790793807887/final.xml
1790793807893	/Users/mingxuan/OR/itc/itc-2019/src/solution/muni-fsps-spr17/random_hc_20261001_024327/completed/seed_1790793807893/final.xml
1790793807926	/Users/mingxuan/OR/itc/itc-2019/src/solution/muni-fsps-spr17/random_hc_20261001_024327/completed/seed_1790793807926/final.xml
1790793807940	/Users/mingxuan/OR/itc/itc-2019/src/solution/muni-fsps-spr17/random_hc_20261001_024327/completed/seed_1790793807940/final.xml
1790793807944	/Users/mingxuan/OR/itc/itc-2019/src/solution/muni-fsps-spr17/random_hc_20261001_024327/completed/seed_1790793807944/final.xml
1790793807947	/Users/mingxuan/OR/itc/itc-2019/src/solution/muni-fsps-spr17/random_hc_20261001_024327/completed/seed_1790793807947/final.xml
1790793807965	/Users/mingxuan/OR/itc/itc-2019/src/solution/muni-fsps-spr17/random_hc_20261001_024327/completed/seed_1790793807965/final.xml
1790793807971	/Users/mingxuan/OR/itc/itc-2019/src/solution/muni-fsps-spr17/random_hc_20261001_024327/completed/seed_1790793807971/final.xml
1790793807976	/Users/mingxuan/OR/itc/itc-2019/src/solution/muni-fsps-spr17/random_hc_20261001_024327/completed/seed_1790793807976/final.xml
1790793807996	/Users/mingxuan/OR/itc/itc-2019/src/solution/muni-fsps-spr17/random_hc_20261001_024327/completed/seed_1790793807996/final.xml
1790793808025	/Users/mingxuan/OR/itc/itc-2019/src/solution/muni-fsps-spr17/random_hc_20261001_024327/completed/seed_1790793808025/final.xml
1790793808028	/Users/mingxuan/OR/itc/itc-2019/src/solution/muni-fsps-spr17/random_hc_20261001_024327/completed/seed_1790793808028/final.xml
1790793808036	/Users/mingxuan/OR/itc/itc-2019/src/solution/muni-fsps-spr17/random_hc_20261001_024327/completed/seed_1790793808036/final.xml
1790793808042	/Users/mingxuan/OR/itc/itc-2019/src/solution/muni-fsps-spr17/random_hc_20261001_024327/completed/seed_1790793808042/final.xml
1790793808047	/Users/mingxuan/OR/itc/itc-2019/src/solution/muni-fsps-spr17/random_hc_20261001_024327/completed/seed_1790793808047/final.xml
1790793808057	/Users/mingxuan/OR/itc/itc-2019/src/solution/muni-fsps-spr17/random_hc_20261001_024327/completed/seed_1790793808057/final.xml
1790793808078	/Users/mingxuan/OR/itc/itc-2019/src/solution/muni-fsps-spr17/random_hc_20261001_024327/completed/seed_1790793808078/final.xml
1790793808155	/Users/mingxuan/OR/itc/itc-2019/src/solution/muni-fsps-spr17/random_hc_20261001_024327/completed/seed_1790793808155/final.xml
1790793808237	/Users/mingxuan/OR/itc/itc-2019/src/solution/muni-fsps-spr17/random_hc_20261001_024327/completed/seed_1790793808237/final.xml
1790793808247	/Users/mingxuan/OR/itc/itc-2019/src/solution/muni-fsps-spr17/random_hc_20261001_024327/completed/seed_1790793808247/final.xml
1790793808276	/Users/mingxuan/OR/itc/itc-2019/src/solution/muni-fsps-spr17/random_hc_20261001_024327/completed/seed_1790793808276/final.xml
1790793808284	/Users/mingxuan/OR/itc/itc-2019/src/solution/muni-fsps-spr17/random_hc_20261001_024327/completed/seed_1790793808284/final.xml
1790793808292	/Users/mingxuan/OR/itc/itc-2019/src/solution/muni-fsps-spr17/random_hc_20261001_024327/completed/seed_1790793808292/final.xml
1790793808308	/Users/mingxuan/OR/itc/itc-2019/src/solution/muni-fsps-spr17/random_hc_20261001_024327/completed/seed_1790793808308/final.xml
1790793808321	/Users/mingxuan/OR/itc/itc-2019/src/solution/muni-fsps-spr17/random_hc_20261001_024327/completed/seed_1790793808321/final.xml
1790793808342	/Users/mingxuan/OR/itc/itc-2019/src/solution/muni-fsps-spr17/random_hc_20261001_024327/completed/seed_1790793808342/final.xml
1790793808352	/Users/mingxuan/OR/itc/itc-2019/src/solution/muni-fsps-spr17/random_hc_20261001_024327/completed/seed_1790793808352/final.xml
1790793808357	/Users/mingxuan/OR/itc/itc-2019/src/solution/muni-fsps-spr17/random_hc_20261001_024327/completed/seed_1790793808357/final.xml
1790793808363	/Users/mingxuan/OR/itc/itc-2019/src/solution/muni-fsps-spr17/random_hc_20261001_024327/completed/seed_1790793808363/final.xml
1790793808366	/Users/mingxuan/OR/itc/itc-2019/src/solution/muni-fsps-spr17/random_hc_20261001_024327/completed/seed_1790793808366/final.xml
1790793808369	/Users/mingxuan/OR/itc/itc-2019/src/solution/muni-fsps-spr17/random_hc_20261001_024327/completed/seed_1790793808369/final.xml
1790793808375	/Users/mingxuan/OR/itc/itc-2019/src/solution/muni-fsps-spr17/random_hc_20261001_024327/completed/seed_1790793808375/final.xml
1790793808385	/Users/mingxuan/OR/itc/itc-2019/src/solution/muni-fsps-spr17/random_hc_20261001_024327/completed/seed_1790793808385/final.xml
1790793808410	/Users/mingxuan/OR/itc/itc-2019/src/solution/muni-fsps-spr17/random_hc_20261001_024327/completed/seed_1790793808410/final.xml
1790793808426	/Users/mingxuan/OR/itc/itc-2019/src/solution/muni-fsps-spr17/random_hc_20261001_024327/completed/seed_1790793808426/final.xml
1790793808465	/Users/mingxuan/OR/itc/itc-2019/src/solution/muni-fsps-spr17/random_hc_20261001_024327/completed/seed_1790793808465/final.xml
1790793808492	/Users/mingxuan/OR/itc/itc-2019/src/solution/muni-fsps-spr17/random_hc_20261001_024327/completed/seed_1790793808492/final.xml
1790793808508	/Users/mingxuan/OR/itc/itc-2019/src/solution/muni-fsps-spr17/random_hc_20261001_024327/completed/seed_1790793808508/final.xml
1790793808512	/Users/mingxuan/OR/itc/itc-2019/src/solution/muni-fsps-spr17/random_hc_20261001_024327/completed/seed_1790793808512/final.xml
1790793808525	/Users/mingxuan/OR/itc/itc-2019/src/solution/muni-fsps-spr17/random_hc_20261001_024327/completed/seed_1790793808525/final.xml
1790793808529	/Users/mingxuan/OR/itc/itc-2019/src/solution/muni-fsps-spr17/random_hc_20261001_024327/completed/seed_1790793808529/final.xml
1790793808532	/Users/mingxuan/OR/itc/itc-2019/src/solution/muni-fsps-spr17/random_hc_20261001_024327/completed/seed_1790793808532/final.xml
1790793808555	/Users/mingxuan/OR/itc/itc-2019/src/solution/muni-fsps-spr17/random_hc_20261001_024327/completed/seed_1790793808555/final.xml
1790793808624	/Users/mingxuan/OR/itc/itc-2019/src/solution/muni-fsps-spr17/random_hc_20261001_024327/completed/seed_1790793808624/final.xml
1790793808636	/Users/mingxuan/OR/itc/itc-2019/src/solution/muni-fsps-spr17/random_hc_20261001_024327/completed/seed_1790793808636/final.xml
1790793808655	/Users/mingxuan/OR/itc/itc-2019/src/solution/muni-fsps-spr17/random_hc_20261001_024327/completed/seed_1790793808655/final.xml
1790793808658	/Users/mingxuan/OR/itc/itc-2019/src/solution/muni-fsps-spr17/random_hc_20261001_024327/completed/seed_1790793808658/final.xml
1790793808679	/Users/mingxuan/OR/itc/itc-2019/src/solution/muni-fsps-spr17/random_hc_20261001_024327/completed/seed_1790793808679/final.xml
1790793808693	/Users/mingxuan/OR/itc/itc-2019/src/solution/muni-fsps-spr17/random_hc_20261001_024327/completed/seed_1790793808693/final.xml
1790793808706	/Users/mingxuan/OR/itc/itc-2019/src/solution/muni-fsps-spr17/random_hc_20261001_024327/completed/seed_1790793808706/final.xml
1790793808711	/Users/mingxuan/OR/itc/itc-2019/src/solution/muni-fsps-spr17/random_hc_20261001_024327/completed/seed_1790793808711/final.xml
1790793808734	/Users/mingxuan/OR/itc/itc-2019/src/solution/muni-fsps-spr17/random_hc_20261001_024327/completed/seed_1790793808734/final.xml
1790793808741	/Users/mingxuan/OR/itc/itc-2019/src/solution/muni-fsps-spr17/random_hc_20261001_024327/completed/seed_1790793808741/final.xml
1790793808750	/Users/mingxuan/OR/itc/itc-2019/src/solution/muni-fsps-spr17/random_hc_20261001_024327/completed/seed_1790793808750/final.xml
1790793808761	/Users/mingxuan/OR/itc/itc-2019/src/solution/muni-fsps-spr17/random_hc_20261001_024327/completed/seed_1790793808761/final.xml
1790793808763	/Users/mingxuan/OR/itc/itc-2019/src/solution/muni-fsps-spr17/random_hc_20261001_024327/completed/seed_1790793808763/final.xml
1790793808766	/Users/mingxuan/OR/itc/itc-2019/src/solution/muni-fsps-spr17/random_hc_20261001_024327/completed/seed_1790793808766/final.xml
1790793808784	/Users/mingxuan/OR/itc/itc-2019/src/solution/muni-fsps-spr17/random_hc_20261001_024327/completed/seed_1790793808784/final.xml
1790793808799	/Users/mingxuan/OR/itc/itc-2019/src/solution/muni-fsps-spr17/random_hc_20261001_024327/completed/seed_1790793808799/final.xml
1790793808819	/Users/mingxuan/OR/itc/itc-2019/src/solution/muni-fsps-spr17/random_hc_20261001_024327/completed/seed_1790793808819/final.xml
1790793808854	/Users/mingxuan/OR/itc/itc-2019/src/solution/muni-fsps-spr17/random_hc_20261001_024327/completed/seed_1790793808854/final.xml
1790793808856	/Users/mingxuan/OR/itc/itc-2019/src/solution/muni-fsps-spr17/random_hc_20261001_024327/completed/seed_1790793808856/final.xml
1790793808862	/Users/mingxuan/OR/itc/itc-2019/src/solution/muni-fsps-spr17/random_hc_20261001_024327/completed/seed_1790793808862/final.xml
1790793808882	/Users/mingxuan/OR/itc/itc-2019/src/solution/muni-fsps-spr17/random_hc_20261001_024327/completed/seed_1790793808882/final.xml
1790793808900	/Users/mingxuan/OR/itc/itc-2019/src/solution/muni-fsps-spr17/random_hc_20261001_024327/completed/seed_1790793808900/final.xml
1790793808903	/Users/mingxuan/OR/itc/itc-2019/src/solution/muni-fsps-spr17/random_hc_20261001_024327/completed/seed_1790793808903/final.xml
1790793808913	/Users/mingxuan/OR/itc/itc-2019/src/solution/muni-fsps-spr17/random_hc_20261001_024327/completed/seed_1790793808913/final.xml
1790793808940	/Users/mingxuan/OR/itc/itc-2019/src/solution/muni-fsps-spr17/random_hc_20261001_024327/completed/seed_1790793808940/final.xml
1790793808958	/Users/mingxuan/OR/itc/itc-2019/src/solution/muni-fsps-spr17/random_hc_20261001_024327/completed/seed_1790793808958/final.xml
1790793808997	/Users/mingxuan/OR/itc/itc-2019/src/solution/muni-fsps-spr17/random_hc_20261001_024327/completed/seed_1790793808997/final.xml
1790793809001	/Users/mingxuan/OR/itc/itc-2019/src/solution/muni-fsps-spr17/random_hc_20261001_024327/completed/seed_1790793809001/final.xml
1790793809020	/Users/mingxuan/OR/itc/itc-2019/src/solution/muni-fsps-spr17/random_hc_20261001_024327/completed/seed_1790793809020/final.xml
1790793809090	/Users/mingxuan/OR/itc/itc-2019/src/solution/muni-fsps-spr17/random_hc_20261001_024327/completed/seed_1790793809090/final.xml
1790793809173	/Users/mingxuan/OR/itc/itc-2019/src/solution/muni-fsps-spr17/random_hc_20261001_024327/completed/seed_1790793809173/final.xml
1790793809184	/Users/mingxuan/OR/itc/itc-2019/src/solution/muni-fsps-spr17/random_hc_20261001_024327/completed/seed_1790793809184/final.xml
1790793809210	/Users/mingxuan/OR/itc/itc-2019/src/solution/muni-fsps-spr17/random_hc_20261001_024327/completed/seed_1790793809210/final.xml
1790793809309	/Users/mingxuan/OR/itc/itc-2019/src/solution/muni-fsps-spr17/random_hc_20261001_024327/completed/seed_1790793809309/final.xml
1790793809318	/Users/mingxuan/OR/itc/itc-2019/src/solution/muni-fsps-spr17/random_hc_20261001_024327/completed/seed_1790793809318/final.xml
1790793809352	/Users/mingxuan/OR/itc/itc-2019/src/solution/muni-fsps-spr17/random_hc_20261001_024327/completed/seed_1790793809352/final.xml
1790793809371	/Users/mingxuan/OR/itc/itc-2019/src/solution/muni-fsps-spr17/random_hc_20261001_024327/completed/seed_1790793809371/final.xml
1790793809419	/Users/mingxuan/OR/itc/itc-2019/src/solution/muni-fsps-spr17/random_hc_20261001_024327/completed/seed_1790793809419/final.xml
1790793809451	/Users/mingxuan/OR/itc/itc-2019/src/solution/muni-fsps-spr17/random_hc_20261001_024327/completed/seed_1790793809451/final.xml
1790793809473	/Users/mingxuan/OR/itc/itc-2019/src/solution/muni-fsps-spr17/random_hc_20261001_024327/completed/seed_1790793809473/final.xml
1790793809487	/Users/mingxuan/OR/itc/itc-2019/src/solution/muni-fsps-spr17/random_hc_20261001_024327/completed/seed_1790793809487/final.xml
1790793809520	/Users/mingxuan/OR/itc/itc-2019/src/solution/muni-fsps-spr17/random_hc_20261001_024327/completed/seed_1790793809520/final.xml
1790793809539	/Users/mingxuan/OR/itc/itc-2019/src/solution/muni-fsps-spr17/random_hc_20261001_024327/completed/seed_1790793809539/final.xml
1790793809548	/Users/mingxuan/OR/itc/itc-2019/src/solution/muni-fsps-spr17/random_hc_20261001_024327/completed/seed_1790793809548/final.xml
1790793809589	/Users/mingxuan/OR/itc/itc-2019/src/solution/muni-fsps-spr17/random_hc_20261001_024327/completed/seed_1790793809589/final.xml
1790793809666	/Users/mingxuan/OR/itc/itc-2019/src/solution/muni-fsps-spr17/random_hc_20261001_024327/completed/seed_1790793809666/final.xml
1790793809718	/Users/mingxuan/OR/itc/itc-2019/src/solution/muni-fsps-spr17/random_hc_20261001_024327/completed/seed_1790793809718/final.xml
1790793809729	/Users/mingxuan/OR/itc/itc-2019/src/solution/muni-fsps-spr17/random_hc_20261001_024327/completed/seed_1790793809729/final.xml
1790793809768	/Users/mingxuan/OR/itc/itc-2019/src/solution/muni-fsps-spr17/random_hc_20261001_024327/completed/seed_1790793809768/final.xml
1790793809772	/Users/mingxuan/OR/itc/itc-2019/src/solution/muni-fsps-spr17/random_hc_20261001_024327/completed/seed_1790793809772/final.xml
1790793809785	/Users/mingxuan/OR/itc/itc-2019/src/solution/muni-fsps-spr17/random_hc_20261001_024327/completed/seed_1790793809785/final.xml
1790793809792	/Users/mingxuan/OR/itc/itc-2019/src/solution/muni-fsps-spr17/random_hc_20261001_024327/completed/seed_1790793809792/final.xml
1790793809817	/Users/mingxuan/OR/itc/itc-2019/src/solution/muni-fsps-spr17/random_hc_20261001_024327/completed/seed_1790793809817/final.xml
1790793809853	/Users/mingxuan/OR/itc/itc-2019/src/solution/muni-fsps-spr17/random_hc_20261001_024327/completed/seed_1790793809853/final.xml
1790793809870	/Users/mingxuan/OR/itc/itc-2019/src/solution/muni-fsps-spr17/random_hc_20261001_024327/completed/seed_1790793809870/final.xml
1790793809902	/Users/mingxuan/OR/itc/itc-2019/src/solution/muni-fsps-spr17/random_hc_20261001_024327/completed/seed_1790793809902/final.xml
1790793809915	/Users/mingxuan/OR/itc/itc-2019/src/solution/muni-fsps-spr17/random_hc_20261001_024327/completed/seed_1790793809915/final.xml
1790793809922	/Users/mingxuan/OR/itc/itc-2019/src/solution/muni-fsps-spr17/random_hc_20261001_024327/completed/seed_1790793809922/final.xml
1790793809965	/Users/mingxuan/OR/itc/itc-2019/src/solution/muni-fsps-spr17/random_hc_20261001_024327/completed/seed_1790793809965/final.xml
1790793809979	/Users/mingxuan/OR/itc/itc-2019/src/solution/muni-fsps-spr17/random_hc_20261001_024327/completed/seed_1790793809979/final.xml
1790793809989	/Users/mingxuan/OR/itc/itc-2019/src/solution/muni-fsps-spr17/random_hc_20261001_024327/completed/seed_1790793809989/final.xml
1790793810049	/Users/mingxuan/OR/itc/itc-2019/src/solution/muni-fsps-spr17/random_hc_20261001_024327/completed/seed_1790793810049/final.xml
1790793810059	/Users/mingxuan/OR/itc/itc-2019/src/solution/muni-fsps-spr17/random_hc_20261001_024327/completed/seed_1790793810059/final.xml
1790793807638	/Users/mingxuan/OR/itc/itc-2019/src/solution/muni-fsps-spr17/random_hc_20261001_024327/completed/seed_1790793807638/final.xml
1790793807721	/Users/mingxuan/OR/itc/itc-2019/src/solution/muni-fsps-spr17/random_hc_20261001_024327/completed/seed_1790793807721/final.xml
1790793807839	/Users/mingxuan/OR/itc/itc-2019/src/solution/muni-fsps-spr17/random_hc_20261001_024327/completed/seed_1790793807839/final.xml
1790793807908	/Users/mingxuan/OR/itc/itc-2019/src/solution/muni-fsps-spr17/random_hc_20261001_024327/completed/seed_1790793807908/final.xml
1790793808105	/Users/mingxuan/OR/itc/itc-2019/src/solution/muni-fsps-spr17/random_hc_20261001_024327/completed/seed_1790793808105/final.xml
1790793808116	/Users/mingxuan/OR/itc/itc-2019/src/solution/muni-fsps-spr17/random_hc_20261001_024327/completed/seed_1790793808116/final.xml
1790793808128	/Users/mingxuan/OR/itc/itc-2019/src/solution/muni-fsps-spr17/random_hc_20261001_024327/completed/seed_1790793808128/final.xml
1790793808419	/Users/mingxuan/OR/itc/itc-2019/src/solution/muni-fsps-spr17/random_hc_20261001_024327/completed/seed_1790793808419/final.xml
1790793808729	/Users/mingxuan/OR/itc/itc-2019/src/solution/muni-fsps-spr17/random_hc_20261001_024327/completed/seed_1790793808729/final.xml
1790793808808	/Users/mingxuan/OR/itc/itc-2019/src/solution/muni-fsps-spr17/random_hc_20261001_024327/completed/seed_1790793808808/final.xml
1790793808860	/Users/mingxuan/OR/itc/itc-2019/src/solution/muni-fsps-spr17/random_hc_20261001_024327/completed/seed_1790793808860/final.xml
1790793808926	/Users/mingxuan/OR/itc/itc-2019/src/solution/muni-fsps-spr17/random_hc_20261001_024327/completed/seed_1790793808926/final.xml
1790793809032	/Users/mingxuan/OR/itc/itc-2019/src/solution/muni-fsps-spr17/random_hc_20261001_024327/completed/seed_1790793809032/final.xml
1790793809119	/Users/mingxuan/OR/itc/itc-2019/src/solution/muni-fsps-spr17/random_hc_20261001_024327/completed/seed_1790793809119/final.xml
1790793809219	/Users/mingxuan/OR/itc/itc-2019/src/solution/muni-fsps-spr17/random_hc_20261001_024327/completed/seed_1790793809219/final.xml
1790793809418	/Users/mingxuan/OR/itc/itc-2019/src/solution/muni-fsps-spr17/random_hc_20261001_024327/completed/seed_1790793809418/final.xml
1790793809807	/Users/mingxuan/OR/itc/itc-2019/src/solution/muni-fsps-spr17/random_hc_20261001_024327/completed/seed_1790793809807/final.xml
1790793809832	/Users/mingxuan/OR/itc/itc-2019/src/solution/muni-fsps-spr17/random_hc_20261001_024327/completed/seed_1790793809832/final.xml
1790793809897	/Users/mingxuan/OR/itc/itc-2019/src/solution/muni-fsps-spr17/random_hc_20261001_024327/completed/seed_1790793809897/final.xml
1790793809936	/Users/mingxuan/OR/itc/itc-2019/src/solution/muni-fsps-spr17/random_hc_20261001_024327/completed/seed_1790793809936/final.xml
1790793809964	/Users/mingxuan/OR/itc/itc-2019/src/solution/muni-fsps-spr17/random_hc_20261001_024327/completed/seed_1790793809964/final.xml
1790793809991	/Users/mingxuan/OR/itc/itc-2019/src/solution/muni-fsps-spr17/random_hc_20261001_024327/completed/seed_1790793809991/final.xml
1790793809996	/Users/mingxuan/OR/itc/itc-2019/src/solution/muni-fsps-spr17/random_hc_20261001_024327/completed/seed_1790793809996/final.xml
1790793808064	/Users/mingxuan/OR/itc/itc-2019/src/solution/muni-fsps-spr17/random_hc_20261001_024327/completed/seed_1790793808064/final.xml
1790793809599	/Users/mingxuan/OR/itc/itc-2019/src/solution/muni-fsps-spr17/random_hc_20261001_024327/completed/seed_1790793809599/final.xml
